<?xml version="1.0" encoding="ISO-8859-1"?>
<?xml-stylesheet type="text/css" href="compiereDocument.css"?>

<compiereDocument>
<header>FAPack006 Package Description</header>
<H1>Package Name:</H1>
<packagename>FAPack006</packagename>
<H1>Creator:</H1>
<creator>Rob Klein</creator>
<H1>Email Address:</H1>
<creatorcontact>Robeklein@gmail.com</creatorcontact>
<H1>Created:</H1>
<createddate>2006-03-01 19:45:16.0</createddate>
<H1>Updated:</H1>
<updateddate>2006-05-09 00:24:56.0</updateddate>
<H1>Description:</H1>
<description>Functions of the extension include:  Seamless integration with Compiere's Partner Relations, Accounts Payable  and General Ledger functions.  Ability to compute and maintain multiple sets of depreciation expense per asset for GAAP, tax and budgeting purposes.  Multiple depreciation methods allowing users to depreciate assets in a variety of ways including user defined values.  In addition a user can select specific depreciation rules, conventions, and depreciation spreads to meet their needs.  Manage and maintain assets by asset groups to set default characteristics, such as depreciation settings, balance sheet and income statement accounts, automatically when creating assets or perform mass changes to many assets at the same time.  Note group settings can be overridden when necessary for a given asset   Perform various transactions on assets including asset splits, transfers and disposals and record the activity to the GL as well as fixed asset revaluations.</description>
<H1>Instructions:</H1>
<instructions>Unzip package.
Sign on to Adempiere as System Administrator
Use Application Packaging to import
Sign out
Rerun Adempiere setup
Sign on to Adempiere
Run Copy Role FA to FA Administrator
Sign out and sign in using FA Administrator Role
Process assets.</instructions>
<H1>Files in Package:</H1>
<file>File: PackOut.xml</file>
<filedirectory>Directory: \dict\</filedirectory>
<filenotes>Notes: Contains all application/object settings for package</filenotes>
<file>File: compiereDocument.css</file>
<filedirectory>Directory: \doc\</filedirectory>
<filenotes>Notes: This file is the style sheet is for FixedAssetExtDoc.xml that lists out the contents of the package</filenotes>
<file>File: OSLabs.gif</file>
<filedirectory>Directory: \</filedirectory>
<filenotes>Notes: This file contains the splash screen</filenotes>
<file name="AccountingMasterAssetUpload.csv" sourceDirectory="\dist\" targetDirectory="/data/import/" ReleaseNo="all">File: AccountingMasterAssetUpload.csv</file>
<filedirectory name="AccountingMasterAssetUpload.csv" sourceDirectory="\dist\" targetDirectory="/data/import/" ReleaseNo="all">Directory: \dist\</filedirectory>
<filenotes name="AccountingMasterAssetUpload.csv" sourceDirectory="\dist\" targetDirectory="/data/import/" ReleaseNo="all">Notes: Contains assets to upload in a csv format</filenotes>
<file name="AccountingMasterAssetUpload.xls" sourceDirectory="\dist\" targetDirectory="/data/import/" ReleaseNo="all">File: AccountingMasterAssetUpload.xls</file>
<filedirectory name="AccountingMasterAssetUpload.xls" sourceDirectory="\dist\" targetDirectory="/data/import/" ReleaseNo="all">Directory: \dist\</filedirectory>
<filenotes name="AccountingMasterAssetUpload.xls" sourceDirectory="\dist\" targetDirectory="/data/import/" ReleaseNo="all">Notes: Contains assets to upload in a xls format</filenotes>
</compiereDocument>
