<?xml version="1.0" encoding="ISO-8859-1"?>
<?xml-stylesheet type="text/css" href="adempiereDocument.css"?>

<adempiereDocument>
    <header>ViewSmartBrowse Package Description</header>
    <H1>Package Name:</H1>
    <packagename>ViewSmartBrowse</packagename>
    <H1>Creator:</H1>
    <creator>victor.perez@e-evolution.com</creator>
    <H1>Email Address:</H1>
    <creatorcontact>victor.perez@e-evolution.com</creatorcontact>
    <H1>Created:</H1>
    <createddate>2009-09-01 22:44:40</createddate>
    <H1>Updated:</H1>
    <updateddate>2009-09-01 22:49:39</updateddate>
    <H1>Description:</H1>
    <description>View and Smart Browse Fuctionality

http://www.adempiere.com/index.php/Sponsored_Development:_Libero_Smart_Browse#Smart_Browse

Gather stakeholder requests
Optimize of maintenance to ADempiere Views
Capability to review and look information based in View
Capability to export and import information apply the business rules for each object.
Capability to created a Graph in hot based on Smart Browser
Capability to save a Graph based on Smart Browser
Capability to created Advanced Search
Capability to save an Advanced Search

</description>
    <H1>Instructions:</H1>
    <instructions>http://www.adempiere.com/index.php/Sponsored_Development:_Libero_Smart_Browse#Smart_Browse</instructions>
    <H1>Files in Package:</H1>
    <file>File: PackOut.xml</file>
    <filedirectory>Directory: \dict\</filedirectory>
    <filenotes>Notes: Contains all application/object settings for package</filenotes>
</adempiereDocument>
