<?xml version="1.0" encoding="ISO-8859-1"?>
<adempiereAD PK_Name="CopyAcct" Version="0.0.5" CompVer="all" DataBase="2005-05-05" Description="Creates valid combinations in batch" creator="Rob Klein" creatorcontact="RobeKlein@gmail.com" createddate="2006-04-29 18:26:18.0" updateddate="2006-05-17 02:58:59.0" PackOutVer="005">
	<distfile name="CopyAccount.java" sourceDirectory="/src/appsrc/Release 3.1.2/org/compiere/CopyAccounts/" targetDirectory="/extend/src/org/compiere/CopyAccounts/"/>
	<menu ADMenuNameID="Copy Accounts" ADWindowNameID="Copy Accounts" ADProcessNameID="" ADFormNameID="" ADTaskNameID="" ADWorkbenchNameID="" ADWorkflowNameID="" ADParentMenuNameID="Accounting Rules" ADParentSeqno="6" Action="W" Description="" EntityType="U" isActive="true" isReadOnly="false" isSOTrx="false" isSummary="false">
		<window ADWindowNameID="Copy Accounts" ADImageNameID="Copy Accounts" ADColorNameID="Copy Accounts" Description="Copy Accounts" EntityType="U" Help="" isBetaFunctionality="false" isDefault="false" isSOTrx="false" isActive="true" Name="Copy Accounts" isProcessing="false" WinHeight="" WinWidth="" WindowType="M">
			<table Name="C_Copy_Accounts" ADTableNameID="C_Copy_Accounts" ADWindowNameID="Copy Accounts" POWindowNameID="" ADValRuleNameID="" AccessLevel="7" Description="Copy Accounts Directory" EntityType="U" Help="" ImportTable="N" isChangeLog="false" isActive="true" isDeleteable="true" isHighVolume="false" isSecurityEnabled="false" isView="false" LoadSeq="" ReplicationType="L" TableName="C_Copy_Accounts">
				<reference name="ID" Description="10 Digit Identifier" EntityType="D" Help="" Name="ID" isActive="true" VFormat="" ValidationType="D"/>
				<column ADColumnNameID="C_Copy_Accounts_ID" ADProcessNameID="" ADElementNameID="C_Copy_Accounts_ID" ADReferenceNameID="ID" ADReferenceNameValueID="" ADTableNameID="C_Copy_Accounts" ADValRuleNameID="" Callout="" ColumnName="C_Copy_Accounts_ID" DefaultValue="" Description="Record ID in the Copy Accounts Table" EntityType="U" FieldLength="22" Help="" isAlwaysUpdateable="false" isIdentifier="true" isKey="true" isMandatory="true" isParent="false" isSelectionColumn="false" isActive="true" isTranslated="false" isUpdateable="true" Name="Copy Accounts ID" getIsSyncDatabase="N" ReadOnlyLogic="" SeqNo="1" VFormat="" ValueMax="" ValueMin="" Value="0"/>
				<reference name="Table Direct" Description="Direct Table Access" EntityType="D" Help="" Name="Table Direct" isActive="true" VFormat="" ValidationType="D"/>
				<column ADColumnNameID="AD_Client_ID" ADProcessNameID="" ADElementNameID="Client" ADReferenceNameID="Table Direct" ADReferenceNameValueID="" ADTableNameID="C_Copy_Accounts" ADValRuleNameID="" Callout="" ColumnName="AD_Client_ID" DefaultValue="" Description="Client ID" EntityType="U" FieldLength="22" Help="Client that the system is logged into." isAlwaysUpdateable="false" isIdentifier="false" isKey="false" isMandatory="false" isParent="false" isSelectionColumn="false" isActive="true" isTranslated="false" isUpdateable="false" Name="Ad_Client_Id" getIsSyncDatabase="N" ReadOnlyLogic="" SeqNo="0" VFormat="" ValueMax="" ValueMin="" Value="0"/>
				<reference name="Table Direct" Description="Direct Table Access" EntityType="D" Help="" Name="Table Direct" isActive="true" VFormat="" ValidationType="D"/>
				<reference name="AD_Org (all)" Description="Organization selection" EntityType="D" Help="" Name="AD_Org (all)" isActive="true" VFormat="" ValidationType="T">
					<referencetable ADRefenceNameID="AD_Org (all)" ADTableNameID="AD_Org" ADDisplay="Name" Key="AD_Org_ID" EntityType="D" IsValueDisplayed="Y" OrderByClause="AD_Org.Value" isActive="Y" WhereClause=""/>
				</reference>
				<column ADColumnNameID="AD_Org_ID" ADProcessNameID="" ADElementNameID="Organization" ADReferenceNameID="Table Direct" ADReferenceNameValueID="AD_Org (all)" ADTableNameID="C_Copy_Accounts" ADValRuleNameID="AD_Org Security validation" Callout="" ColumnName="AD_Org_ID" DefaultValue="" Description="Organization" EntityType="U" FieldLength="22" Help="The Organization that the User is logged into" isAlwaysUpdateable="false" isIdentifier="false" isKey="false" isMandatory="false" isParent="false" isSelectionColumn="false" isActive="true" isTranslated="false" isUpdateable="false" Name="Organization" getIsSyncDatabase="N" ReadOnlyLogic="" SeqNo="0" VFormat="" ValueMax="" ValueMin="" Value="0"/>
				<reference name="Table" Description="Table List" EntityType="D" Help="" Name="Table" isActive="true" VFormat="" ValidationType="D"/>
				<reference name="Account Value" Description="Account Value" EntityType="U" Help="" Name="Account Value" isActive="true" VFormat="" ValidationType="T">
					<referencetable ADRefenceNameID="Account Value" ADTableNameID="C_ElementValue" ADDisplay="Name" Key="Value" EntityType="U" IsValueDisplayed="Y" OrderByClause="C_ElementValue.Value" isActive="Y" WhereClause="C_ElementValue.IsSummary='N'"/>
				</reference>
				<column ADColumnNameID="Account_ID_From" ADProcessNameID="" ADElementNameID="Account_ID_From" ADReferenceNameID="Table" ADReferenceNameValueID="Account Value" ADTableNameID="C_Copy_Accounts" ADValRuleNameID="" Callout="" ColumnName="Account_ID_From" DefaultValue="" Description="Account ID From" EntityType="U" FieldLength="22" Help="Beginning of asset selection range " isAlwaysUpdateable="false" isIdentifier="false" isKey="false" isMandatory="true" isParent="false" isSelectionColumn="false" isActive="true" isTranslated="false" isUpdateable="true" Name="Account ID From" getIsSyncDatabase="N" ReadOnlyLogic="" SeqNo="0" VFormat="" ValueMax="" ValueMin="" Value="0"/>
				<reference name="Table" Description="Table List" EntityType="D" Help="" Name="Table" isActive="true" VFormat="" ValidationType="D"/>
				<reference name="Account Value" Description="Account Value" EntityType="U" Help="" Name="Account Value" isActive="true" VFormat="" ValidationType="T">
					<referencetable ADRefenceNameID="Account Value" ADTableNameID="C_ElementValue" ADDisplay="Name" Key="Value" EntityType="U" IsValueDisplayed="Y" OrderByClause="C_ElementValue.Value" isActive="Y" WhereClause="C_ElementValue.IsSummary='N'"/>
				</reference>
				<column ADColumnNameID="Account_ID_To" ADProcessNameID="" ADElementNameID="Account_ID_To" ADReferenceNameID="Table" ADReferenceNameValueID="Account Value" ADTableNameID="C_Copy_Accounts" ADValRuleNameID="" Callout="" ColumnName="Account_ID_To" DefaultValue="" Description="Account ID To" EntityType="U" FieldLength="22" Help="Ending of asset selection range" isAlwaysUpdateable="false" isIdentifier="false" isKey="false" isMandatory="true" isParent="false" isSelectionColumn="false" isActive="true" isTranslated="false" isUpdateable="true" Name="Account ID To" getIsSyncDatabase="N" ReadOnlyLogic="" SeqNo="0" VFormat="" ValueMax="" ValueMin="" Value="0"/>
				<reference name="Table" Description="Table List" EntityType="D" Help="" Name="Table" isActive="true" VFormat="" ValidationType="D"/>
				<reference name="AD_Org (all)" Description="Organization selection" EntityType="D" Help="" Name="AD_Org (all)" isActive="true" VFormat="" ValidationType="T">
					<referencetable ADRefenceNameID="AD_Org (all)" ADTableNameID="AD_Org" ADDisplay="Name" Key="AD_Org_ID" EntityType="D" IsValueDisplayed="Y" OrderByClause="AD_Org.Value" isActive="Y" WhereClause=""/>
				</reference>
				<column ADColumnNameID="Ad_Orgtrx_Id_From" ADProcessNameID="" ADElementNameID="Ad_Orgtrx_Id_From" ADReferenceNameID="Table" ADReferenceNameValueID="AD_Org (all)" ADTableNameID="C_Copy_Accounts" ADValRuleNameID="AD_Org Security validation" Callout="" ColumnName="Ad_Orgtrx_Id_From" DefaultValue="" Description="" EntityType="U" FieldLength="22" Help="" isAlwaysUpdateable="false" isIdentifier="false" isKey="false" isMandatory="true" isParent="false" isSelectionColumn="false" isActive="true" isTranslated="false" isUpdateable="true" Name="Orgtrx Id From" getIsSyncDatabase="N" ReadOnlyLogic="" SeqNo="0" VFormat="" ValueMax="" ValueMin="" Value="0"/>
				<reference name="Table" Description="Table List" EntityType="D" Help="" Name="Table" isActive="true" VFormat="" ValidationType="D"/>
				<reference name="AD_Org (all)" Description="Organization selection" EntityType="D" Help="" Name="AD_Org (all)" isActive="true" VFormat="" ValidationType="T">
					<referencetable ADRefenceNameID="AD_Org (all)" ADTableNameID="AD_Org" ADDisplay="Name" Key="AD_Org_ID" EntityType="D" IsValueDisplayed="Y" OrderByClause="AD_Org.Value" isActive="Y" WhereClause=""/>
				</reference>
				<column ADColumnNameID="Ad_Orgtrx_Id_To" ADProcessNameID="" ADElementNameID="Ad_Orgtrx_Id_To" ADReferenceNameID="Table" ADReferenceNameValueID="AD_Org (all)" ADTableNameID="C_Copy_Accounts" ADValRuleNameID="AD_Org Security validation" Callout="" ColumnName="Ad_Orgtrx_Id_To" DefaultValue="" Description="Ending Organization" EntityType="U" FieldLength="22" Help="" isAlwaysUpdateable="false" isIdentifier="false" isKey="false" isMandatory="true" isParent="false" isSelectionColumn="false" isActive="true" isTranslated="false" isUpdateable="true" Name="Ad_Orgtrx_Id_To" getIsSyncDatabase="N" ReadOnlyLogic="" SeqNo="0" VFormat="" ValueMax="" ValueMin="" Value="0"/>
				<reference name="String" Description="Character String" EntityType="D" Help="" Name="String" isActive="true" VFormat="" ValidationType="D"/>
				<column ADColumnNameID="C_Project_ID_To" ADProcessNameID="" ADElementNameID="C_Project_ID_To" ADReferenceNameID="String" ADReferenceNameValueID="" ADTableNameID="C_Copy_Accounts" ADValRuleNameID="" Callout="" ColumnName="C_Project_ID_To" DefaultValue="" Description="" EntityType="U" FieldLength="22" Help="" isAlwaysUpdateable="false" isIdentifier="false" isKey="false" isMandatory="false" isParent="false" isSelectionColumn="false" isActive="true" isTranslated="false" isUpdateable="true" Name="C_Project_Id_To" getIsSyncDatabase="N" ReadOnlyLogic="" SeqNo="0" VFormat="" ValueMax="" ValueMin="" Value="0"/>
				<reference name="String" Description="Character String" EntityType="D" Help="" Name="String" isActive="true" VFormat="" ValidationType="D"/>
				<column ADColumnNameID="C_SalesRegion_ID_To" ADProcessNameID="" ADElementNameID="C_SalesRegion_ID_To" ADReferenceNameID="String" ADReferenceNameValueID="" ADTableNameID="C_Copy_Accounts" ADValRuleNameID="" Callout="" ColumnName="C_SalesRegion_ID_To" DefaultValue="" Description="" EntityType="U" FieldLength="22" Help="" isAlwaysUpdateable="false" isIdentifier="false" isKey="false" isMandatory="false" isParent="false" isSelectionColumn="false" isActive="true" isTranslated="false" isUpdateable="true" Name="C_Salesregion_Id_To" getIsSyncDatabase="N" ReadOnlyLogic="" SeqNo="0" VFormat="" ValueMax="" ValueMin="" Value="0"/>
				<reference name="Table" Description="Table List" EntityType="D" Help="" Name="Table" isActive="true" VFormat="" ValidationType="D"/>
				<reference name="AD_User" Description="User selection" EntityType="D" Help="" Name="AD_User" isActive="true" VFormat="" ValidationType="T">
					<referencetable ADRefenceNameID="AD_User" ADTableNameID="AD_User" ADDisplay="Name" Key="AD_User_ID" EntityType="D" IsValueDisplayed="N" OrderByClause="AD_User.Name" isActive="Y" WhereClause=""/>
				</reference>
				<column ADColumnNameID="UpdatedBy" ADProcessNameID="" ADElementNameID="Updated By" ADReferenceNameID="Table" ADReferenceNameValueID="AD_User" ADTableNameID="C_Copy_Accounts" ADValRuleNameID="" Callout="" ColumnName="UpdatedBy" DefaultValue="" Description="" EntityType="U" FieldLength="22" Help="" isAlwaysUpdateable="false" isIdentifier="false" isKey="false" isMandatory="false" isParent="false" isSelectionColumn="false" isActive="true" isTranslated="false" isUpdateable="true" Name="Updatedby" getIsSyncDatabase="N" ReadOnlyLogic="" SeqNo="0" VFormat="" ValueMax="" ValueMin="" Value="0"/>
				<reference name="Date+Time" Description="Date with time" EntityType="D" Help="" Name="Date+Time" isActive="true" VFormat="" ValidationType="D"/>
				<column ADColumnNameID="Updated" ADProcessNameID="" ADElementNameID="Updated" ADReferenceNameID="Date+Time" ADReferenceNameValueID="" ADTableNameID="C_Copy_Accounts" ADValRuleNameID="" Callout="" ColumnName="Updated" DefaultValue="" Description="" EntityType="U" FieldLength="7" Help="" isAlwaysUpdateable="false" isIdentifier="false" isKey="false" isMandatory="false" isParent="false" isSelectionColumn="false" isActive="true" isTranslated="false" isUpdateable="true" Name="Updated" getIsSyncDatabase="N" ReadOnlyLogic="" SeqNo="0" VFormat="" ValueMax="" ValueMin="" Value="0"/>
				<reference name="Button" Description="Command Button - starts a process" EntityType="D" Help="" Name="Button" isActive="true" VFormat="" ValidationType="D"/>
				<process Name="C_Copy_Accounts" ADWorkflowNameID="" ADProcessNameID="C_Copy_Accounts" ADPrintFormatNameID="" ADReportViewNameID="" AccessLevel="7" Classname="org.compiere.CopyAccounts.CopyAccount" Description="Create valid accounts" EntityType="U" Help="" isBetaFunctionality="false" isDirectPrint="false" isReport="false" isActive="true" ProcedureName="" StatisticCount="0" StatisticSeconds="0" Value="C_Copy_Accounts" WorkflowValue=""/>
				<column ADColumnNameID="Processing" ADProcessNameID="C_Copy_Accounts" ADElementNameID="Process Now" ADReferenceNameID="Button" ADReferenceNameValueID="" ADTableNameID="C_Copy_Accounts" ADValRuleNameID="" Callout="" ColumnName="Processing" DefaultValue="" Description="Create valid account combinations" EntityType="U" FieldLength="1" Help="" isAlwaysUpdateable="false" isIdentifier="false" isKey="false" isMandatory="false" isParent="false" isSelectionColumn="false" isActive="true" isTranslated="false" isUpdateable="true" Name="Processing" getIsSyncDatabase="N" ReadOnlyLogic="" SeqNo="0" VFormat="" ValueMax="" ValueMin="" Value="0"/>
				<reference name="Yes-No" Description="CheckBox" EntityType="D" Help="" Name="Yes-No" isActive="true" VFormat="" ValidationType="D"/>
				<column ADColumnNameID="Processed" ADProcessNameID="" ADElementNameID="Processed" ADReferenceNameID="Yes-No" ADReferenceNameValueID="" ADTableNameID="C_Copy_Accounts" ADValRuleNameID="" Callout="" ColumnName="Processed" DefaultValue="" Description="Processed" EntityType="U" FieldLength="1" Help="" isAlwaysUpdateable="false" isIdentifier="false" isKey="false" isMandatory="false" isParent="false" isSelectionColumn="false" isActive="true" isTranslated="false" isUpdateable="true" Name="Processed" getIsSyncDatabase="N" ReadOnlyLogic="" SeqNo="0" VFormat="" ValueMax="" ValueMin="" Value="0"/>
				<reference name="String" Description="Character String" EntityType="D" Help="" Name="String" isActive="true" VFormat="" ValidationType="D"/>
				<column ADColumnNameID="M_Product_ID_To" ADProcessNameID="" ADElementNameID="M_Product_ID_To" ADReferenceNameID="String" ADReferenceNameValueID="" ADTableNameID="C_Copy_Accounts" ADValRuleNameID="" Callout="" ColumnName="M_Product_ID_To" DefaultValue="" Description="" EntityType="U" FieldLength="22" Help="" isAlwaysUpdateable="false" isIdentifier="false" isKey="false" isMandatory="false" isParent="false" isSelectionColumn="false" isActive="true" isTranslated="false" isUpdateable="true" Name="M_Product_Id_To" getIsSyncDatabase="N" ReadOnlyLogic="" SeqNo="0" VFormat="" ValueMax="" ValueMin="" Value="0"/>
				<reference name="Table" Description="Table List" EntityType="D" Help="" Name="Table" isActive="true" VFormat="" ValidationType="D"/>
				<reference name="C_Product" Description="Product selection" EntityType="U" Help="" Name="C_Product" isActive="true" VFormat="" ValidationType="T">
					<referencetable ADRefenceNameID="C_Product" ADTableNameID="M_Product" ADDisplay="Name" Key="M_Product_ID" EntityType="U" IsValueDisplayed="N" OrderByClause="M_Product.M_Product_ID" isActive="Y" WhereClause=""/>
				</reference>
				<column ADColumnNameID="M_Product_ID_From" ADProcessNameID="" ADElementNameID="M_Product_ID_From" ADReferenceNameID="Table" ADReferenceNameValueID="C_Product" ADTableNameID="C_Copy_Accounts" ADValRuleNameID="" Callout="" ColumnName="M_Product_ID_From" DefaultValue="" Description="" EntityType="U" FieldLength="22" Help="" isAlwaysUpdateable="false" isIdentifier="false" isKey="false" isMandatory="false" isParent="false" isSelectionColumn="false" isActive="true" isTranslated="false" isUpdateable="true" Name="M_Product_Id_From" getIsSyncDatabase="N" ReadOnlyLogic="" SeqNo="0" VFormat="" ValueMax="" ValueMin="" Value="0"/>
				<reference name="Yes-No" Description="CheckBox" EntityType="D" Help="" Name="Yes-No" isActive="true" VFormat="" ValidationType="D"/>
				<column ADColumnNameID="IsActive" ADProcessNameID="" ADElementNameID="Active" ADReferenceNameID="Yes-No" ADReferenceNameValueID="" ADTableNameID="C_Copy_Accounts" ADValRuleNameID="" Callout="" ColumnName="IsActive" DefaultValue="" Description="" EntityType="U" FieldLength="1" Help="" isAlwaysUpdateable="false" isIdentifier="false" isKey="false" isMandatory="false" isParent="false" isSelectionColumn="false" isActive="true" isTranslated="false" isUpdateable="true" Name="IsActive" getIsSyncDatabase="N" ReadOnlyLogic="" SeqNo="0" VFormat="" ValueMax="" ValueMin="" Value="0"/>
				<reference name="Table" Description="Table List" EntityType="D" Help="" Name="Table" isActive="true" VFormat="" ValidationType="D"/>
				<reference name="AD_User" Description="User selection" EntityType="D" Help="" Name="AD_User" isActive="true" VFormat="" ValidationType="T">
					<referencetable ADRefenceNameID="AD_User" ADTableNameID="AD_User" ADDisplay="Name" Key="AD_User_ID" EntityType="D" IsValueDisplayed="N" OrderByClause="AD_User.Name" isActive="Y" WhereClause=""/>
				</reference>
				<column ADColumnNameID="CreatedBy" ADProcessNameID="" ADElementNameID="Created By" ADReferenceNameID="Table" ADReferenceNameValueID="AD_User" ADTableNameID="C_Copy_Accounts" ADValRuleNameID="" Callout="" ColumnName="CreatedBy" DefaultValue="" Description="" EntityType="U" FieldLength="22" Help="" isAlwaysUpdateable="false" isIdentifier="false" isKey="false" isMandatory="false" isParent="false" isSelectionColumn="false" isActive="true" isTranslated="false" isUpdateable="true" Name="Createdby" getIsSyncDatabase="N" ReadOnlyLogic="" SeqNo="0" VFormat="" ValueMax="" ValueMin="" Value="0"/>
				<reference name="Date+Time" Description="Date with time" EntityType="D" Help="" Name="Date+Time" isActive="true" VFormat="" ValidationType="D"/>
				<column ADColumnNameID="Created" ADProcessNameID="" ADElementNameID="Created" ADReferenceNameID="Date+Time" ADReferenceNameValueID="" ADTableNameID="C_Copy_Accounts" ADValRuleNameID="" Callout="" ColumnName="Created" DefaultValue="" Description="" EntityType="U" FieldLength="7" Help="" isAlwaysUpdateable="false" isIdentifier="false" isKey="false" isMandatory="false" isParent="false" isSelectionColumn="false" isActive="true" isTranslated="false" isUpdateable="true" Name="Created" getIsSyncDatabase="N" ReadOnlyLogic="" SeqNo="0" VFormat="" ValueMax="" ValueMin="" Value="0"/>
				<reference name="String" Description="Character String" EntityType="D" Help="" Name="String" isActive="true" VFormat="" ValidationType="D"/>
				<column ADColumnNameID="User2_ID_To" ADProcessNameID="" ADElementNameID="User2_ID_To" ADReferenceNameID="String" ADReferenceNameValueID="" ADTableNameID="C_Copy_Accounts" ADValRuleNameID="" Callout="" ColumnName="User2_ID_To" DefaultValue="" Description="" EntityType="U" FieldLength="22" Help="" isAlwaysUpdateable="false" isIdentifier="false" isKey="false" isMandatory="false" isParent="false" isSelectionColumn="false" isActive="true" isTranslated="false" isUpdateable="true" Name="User2_Id_To" getIsSyncDatabase="N" ReadOnlyLogic="" SeqNo="0" VFormat="" ValueMax="" ValueMin="" Value="0"/>
				<reference name="String" Description="Character String" EntityType="D" Help="" Name="String" isActive="true" VFormat="" ValidationType="D"/>
				<column ADColumnNameID="User2_ID_From" ADProcessNameID="" ADElementNameID="User2_ID_From" ADReferenceNameID="String" ADReferenceNameValueID="" ADTableNameID="C_Copy_Accounts" ADValRuleNameID="" Callout="" ColumnName="User2_ID_From" DefaultValue="" Description="" EntityType="U" FieldLength="22" Help="" isAlwaysUpdateable="false" isIdentifier="false" isKey="false" isMandatory="false" isParent="false" isSelectionColumn="false" isActive="true" isTranslated="false" isUpdateable="true" Name="User2_Id_From" getIsSyncDatabase="N" ReadOnlyLogic="" SeqNo="0" VFormat="" ValueMax="" ValueMin="" Value="0"/>
				<reference name="String" Description="Character String" EntityType="D" Help="" Name="String" isActive="true" VFormat="" ValidationType="D"/>
				<column ADColumnNameID="User1_ID_To" ADProcessNameID="" ADElementNameID="User1_ID_To" ADReferenceNameID="String" ADReferenceNameValueID="" ADTableNameID="C_Copy_Accounts" ADValRuleNameID="" Callout="" ColumnName="User1_ID_To" DefaultValue="" Description="" EntityType="U" FieldLength="22" Help="" isAlwaysUpdateable="false" isIdentifier="false" isKey="false" isMandatory="false" isParent="false" isSelectionColumn="false" isActive="true" isTranslated="false" isUpdateable="true" Name="User1_Id_To" getIsSyncDatabase="N" ReadOnlyLogic="" SeqNo="0" VFormat="" ValueMax="" ValueMin="" Value="0"/>
				<reference name="String" Description="Character String" EntityType="D" Help="" Name="String" isActive="true" VFormat="" ValidationType="D"/>
				<column ADColumnNameID="User1_ID_From" ADProcessNameID="" ADElementNameID="User1_ID_From" ADReferenceNameID="String" ADReferenceNameValueID="" ADTableNameID="C_Copy_Accounts" ADValRuleNameID="" Callout="" ColumnName="User1_ID_From" DefaultValue="" Description="" EntityType="U" FieldLength="22" Help="" isAlwaysUpdateable="false" isIdentifier="false" isKey="false" isMandatory="false" isParent="false" isSelectionColumn="false" isActive="true" isTranslated="false" isUpdateable="true" Name="User1_Id_From" getIsSyncDatabase="N" ReadOnlyLogic="" SeqNo="0" VFormat="" ValueMax="" ValueMin="" Value="0"/>
				<reference name="Table" Description="Table List" EntityType="D" Help="" Name="Table" isActive="true" VFormat="" ValidationType="D"/>
				<reference name="C_Region" Description="Region selection" EntityType="D" Help="" Name="C_Region" isActive="true" VFormat="" ValidationType="T">
					<referencetable ADRefenceNameID="C_Region" ADTableNameID="C_Region" ADDisplay="Name" Key="C_Region_ID" EntityType="D" IsValueDisplayed="N" OrderByClause="" isActive="Y" WhereClause=""/>
				</reference>
				<column ADColumnNameID="C_SalesRegion_ID_From" ADProcessNameID="" ADElementNameID="C_SalesRegion_ID_From" ADReferenceNameID="Table" ADReferenceNameValueID="C_Region" ADTableNameID="C_Copy_Accounts" ADValRuleNameID="" Callout="" ColumnName="C_SalesRegion_ID_From" DefaultValue="" Description="" EntityType="U" FieldLength="22" Help="" isAlwaysUpdateable="false" isIdentifier="false" isKey="false" isMandatory="false" isParent="false" isSelectionColumn="false" isActive="true" isTranslated="false" isUpdateable="true" Name="C_Salesregion_Id_From" getIsSyncDatabase="N" ReadOnlyLogic="" SeqNo="0" VFormat="" ValueMax="" ValueMin="" Value="0"/>
				<reference name="Table" Description="Table List" EntityType="D" Help="" Name="Table" isActive="true" VFormat="" ValidationType="D"/>
				<reference name="C_Project (No summary)" Description="Project selection" EntityType="U" Help="" Name="C_Project (No summary)" isActive="true" VFormat="" ValidationType="T">
					<referencetable ADRefenceNameID="C_Project (No summary)" ADTableNameID="C_Project" ADDisplay="Name" Key="C_Project_ID" EntityType="D" IsValueDisplayed="Y" OrderByClause="C_Project.C_Project_ID" isActive="Y" WhereClause="C_Project.IsSummary='N'"/>
				</reference>
				<column ADColumnNameID="C_Project_ID_From" ADProcessNameID="" ADElementNameID="C_Project_ID_From" ADReferenceNameID="Table" ADReferenceNameValueID="C_Project (No summary)" ADTableNameID="C_Copy_Accounts" ADValRuleNameID="" Callout="" ColumnName="C_Project_ID_From" DefaultValue="" Description="" EntityType="U" FieldLength="22" Help="" isAlwaysUpdateable="false" isIdentifier="false" isKey="false" isMandatory="false" isParent="false" isSelectionColumn="false" isActive="true" isTranslated="false" isUpdateable="true" Name="C_Project_Id_From" getIsSyncDatabase="N" ReadOnlyLogic="" SeqNo="0" VFormat="" ValueMax="" ValueMin="" Value="0"/>
				<reference name="Table Direct" Description="Direct Table Access" EntityType="D" Help="" Name="Table Direct" isActive="true" VFormat="" ValidationType="D"/>
				<column ADColumnNameID="C_AcctSchema_ID" ADProcessNameID="" ADElementNameID="Accounting Schema" ADReferenceNameID="Table Direct" ADReferenceNameValueID="" ADTableNameID="C_Copy_Accounts" ADValRuleNameID="" Callout="" ColumnName="C_AcctSchema_ID" DefaultValue="" Description="Accounting Schema" EntityType="U" FieldLength="22" Help="" isAlwaysUpdateable="false" isIdentifier="false" isKey="false" isMandatory="true" isParent="false" isSelectionColumn="false" isActive="true" isTranslated="false" isUpdateable="true" Name="C_Acctschema_Id" getIsSyncDatabase="N" ReadOnlyLogic="" SeqNo="0" VFormat="" ValueMax="" ValueMin="" Value="0"/>
				<reference name="String" Description="Character String" EntityType="D" Help="" Name="String" isActive="true" VFormat="" ValidationType="D"/>
				<column ADColumnNameID="C_BPartner_ID_To" ADProcessNameID="" ADElementNameID="C_BPartner_ID_To" ADReferenceNameID="String" ADReferenceNameValueID="" ADTableNameID="C_Copy_Accounts" ADValRuleNameID="" Callout="" ColumnName="C_BPartner_ID_To" DefaultValue="" Description="" EntityType="U" FieldLength="22" Help="" isAlwaysUpdateable="false" isIdentifier="false" isKey="false" isMandatory="false" isParent="false" isSelectionColumn="false" isActive="true" isTranslated="false" isUpdateable="true" Name="C_BPartner ID_To" getIsSyncDatabase="N" ReadOnlyLogic="" SeqNo="0" VFormat="" ValueMax="" ValueMin="" Value="0"/>
				<reference name="Table" Description="Table List" EntityType="D" Help="" Name="Table" isActive="true" VFormat="" ValidationType="D"/>
				<reference name="C_BPartner (No Summary)" Description="Business Partner selection (no Summary)" EntityType="U" Help="" Name="C_BPartner (No Summary)" isActive="true" VFormat="" ValidationType="T">
					<referencetable ADRefenceNameID="C_BPartner (No Summary)" ADTableNameID="C_BPartner" ADDisplay="Name" Key="C_BPartner_ID" EntityType="U" IsValueDisplayed="Y" OrderByClause="C_BPartner.C_BPartner_ID" isActive="Y" WhereClause="C_BPartner.IsSummary='N'"/>
				</reference>
				<column ADColumnNameID="C_Bpartner_Id_From" ADProcessNameID="" ADElementNameID="C_Bpartner_Id_From" ADReferenceNameID="Table" ADReferenceNameValueID="C_BPartner (No Summary)" ADTableNameID="C_Copy_Accounts" ADValRuleNameID="" Callout="" ColumnName="C_Bpartner_Id_From" DefaultValue="" Description="" EntityType="U" FieldLength="22" Help="" isAlwaysUpdateable="false" isIdentifier="false" isKey="false" isMandatory="false" isParent="false" isSelectionColumn="false" isActive="true" isTranslated="false" isUpdateable="true" Name="C_Bpartner_Id_From" getIsSyncDatabase="N" ReadOnlyLogic="" SeqNo="0" VFormat="" ValueMax="" ValueMin="" Value="0"/>
				<reference name="Table" Description="Table List" EntityType="D" Help="" Name="Table" isActive="true" VFormat="" ValidationType="D"/>
				<reference name="C_Campaign (No summary)" Description="Campaign selection" EntityType="D" Help="" Name="C_Campaign (No summary)" isActive="true" VFormat="" ValidationType="T">
					<referencetable ADRefenceNameID="C_Campaign (No summary)" ADTableNameID="C_Campaign" ADDisplay="Name" Key="C_Campaign_ID" EntityType="D" IsValueDisplayed="Y" OrderByClause="" isActive="Y" WhereClause="C_Campaign.IsSummary='N'"/>
				</reference>
				<column ADColumnNameID="C_Campaign_Id_From" ADProcessNameID="" ADElementNameID="C_Campaign_Id_From" ADReferenceNameID="Table" ADReferenceNameValueID="C_Campaign (No summary)" ADTableNameID="C_Copy_Accounts" ADValRuleNameID="" Callout="" ColumnName="C_Campaign_Id_From" DefaultValue="" Description="" EntityType="U" FieldLength="22" Help="" isAlwaysUpdateable="false" isIdentifier="false" isKey="false" isMandatory="false" isParent="false" isSelectionColumn="false" isActive="true" isTranslated="false" isUpdateable="true" Name="C_Campaign_Id_From" getIsSyncDatabase="N" ReadOnlyLogic="" SeqNo="0" VFormat="" ValueMax="" ValueMin="" Value="0"/>
				<reference name="String" Description="Character String" EntityType="D" Help="" Name="String" isActive="true" VFormat="" ValidationType="D"/>
				<column ADColumnNameID="C_Campaign_Id_To" ADProcessNameID="" ADElementNameID="C_Campaign_Id_To" ADReferenceNameID="String" ADReferenceNameValueID="" ADTableNameID="C_Copy_Accounts" ADValRuleNameID="" Callout="" ColumnName="C_Campaign_Id_To" DefaultValue="" Description="" EntityType="U" FieldLength="22" Help="" isAlwaysUpdateable="false" isIdentifier="false" isKey="false" isMandatory="false" isParent="false" isSelectionColumn="false" isActive="true" isTranslated="false" isUpdateable="true" Name="C_Campaign_Id_To" getIsSyncDatabase="N" ReadOnlyLogic="" SeqNo="0" VFormat="" ValueMax="" ValueMin="" Value="0"/>
			</table>
			<tab Name="Copy Accounts to Organizations" ADColumnSortOrderNameID="" ADColumnSortYesNoNameID="" ADColumnNameID="" ADImageNameID="" ADProcessNameID="" ADTabNameID="Copy Accounts to Organizations" ADTableNameID="C_Copy_Accounts" ADWindowNameID="Copy Accounts" IncludedTabNameID="" CommitWarning="" Description="" EntityType="U" isHasTree="false" Help="" isInfoTab="false" isReadOnly="false" isSingleRow="true" isSortTab="false" isActive="true" IsTranslationTab="false" OrderByClause="" isProcessing="false" SeqNo="0" TabLevel="0" WhereClause="" Syncfields="false">
				<field ADColumnNameID="C_Copy_Accounts_ID" ADTableNameID="C_Copy_Accounts" ADFieldGroupNameID="" ADFieldNameID="Copy Accounts ID" ADTabNameID="Copy Accounts to Organizations" ADWindowNameID="Copy Accounts" EntityType="U" Name="Copy Accounts ID" SameLine="false" isCentrallyMaintained="true" Displayed="false" isActive="true" isEncrypted="false" isFieldOnly="false" isHeading="false" isReadOnly="false" SeqNo="0" DisplayLength="22" Description="Record ID in the Copy Accounts Table" Help="" SortNo="0" DisplayLogic="" ObscureType=""/>
				<field ADColumnNameID="C_Project_ID_To" ADTableNameID="C_Copy_Accounts" ADFieldGroupNameID="" ADFieldNameID="To Project ID" ADTabNameID="Copy Accounts to Organizations" ADWindowNameID="Copy Accounts" EntityType="U" Name="To Project ID" SameLine="true" isCentrallyMaintained="true" Displayed="false" isActive="true" isEncrypted="false" isFieldOnly="false" isHeading="false" isReadOnly="false" SeqNo="0" DisplayLength="22" Description="" Help="" SortNo="0" DisplayLogic="" ObscureType=""/>
				<field ADColumnNameID="C_SalesRegion_ID_To" ADTableNameID="C_Copy_Accounts" ADFieldGroupNameID="" ADFieldNameID="To Sales Region" ADTabNameID="Copy Accounts to Organizations" ADWindowNameID="Copy Accounts" EntityType="U" Name="To Sales Region" SameLine="true" isCentrallyMaintained="true" Displayed="false" isActive="true" isEncrypted="false" isFieldOnly="false" isHeading="false" isReadOnly="false" SeqNo="0" DisplayLength="22" Description="" Help="" SortNo="0" DisplayLogic="" ObscureType=""/>
				<field ADColumnNameID="M_Product_ID_To" ADTableNameID="C_Copy_Accounts" ADFieldGroupNameID="" ADFieldNameID="To Product ID" ADTabNameID="Copy Accounts to Organizations" ADWindowNameID="Copy Accounts" EntityType="U" Name="To Product ID" SameLine="true" isCentrallyMaintained="true" Displayed="false" isActive="true" isEncrypted="false" isFieldOnly="false" isHeading="false" isReadOnly="false" SeqNo="0" DisplayLength="22" Description="" Help="" SortNo="0" DisplayLogic="" ObscureType=""/>
				<field ADColumnNameID="User2_ID_From" ADTableNameID="C_Copy_Accounts" ADFieldGroupNameID="" ADFieldNameID="From User 2" ADTabNameID="Copy Accounts to Organizations" ADWindowNameID="Copy Accounts" EntityType="U" Name="From User 2" SameLine="false" isCentrallyMaintained="true" Displayed="false" isActive="true" isEncrypted="false" isFieldOnly="false" isHeading="false" isReadOnly="false" SeqNo="0" DisplayLength="22" Description="" Help="" SortNo="0" DisplayLogic="" ObscureType=""/>
				<field ADColumnNameID="User1_ID_From" ADTableNameID="C_Copy_Accounts" ADFieldGroupNameID="" ADFieldNameID="From User 1" ADTabNameID="Copy Accounts to Organizations" ADWindowNameID="Copy Accounts" EntityType="U" Name="From User 1" SameLine="false" isCentrallyMaintained="true" Displayed="false" isActive="true" isEncrypted="false" isFieldOnly="false" isHeading="false" isReadOnly="false" SeqNo="0" DisplayLength="22" Description="" Help="" SortNo="0" DisplayLogic="" ObscureType=""/>
				<field ADColumnNameID="C_BPartner_ID_To" ADTableNameID="C_Copy_Accounts" ADFieldGroupNameID="" ADFieldNameID="To Business Partner" ADTabNameID="Copy Accounts to Organizations" ADWindowNameID="Copy Accounts" EntityType="U" Name="To Business Partner" SameLine="true" isCentrallyMaintained="true" Displayed="false" isActive="true" isEncrypted="false" isFieldOnly="false" isHeading="false" isReadOnly="false" SeqNo="0" DisplayLength="22" Description="" Help="" SortNo="0" DisplayLogic="" ObscureType=""/>
				<field ADColumnNameID="C_Campaign_Id_To" ADTableNameID="C_Copy_Accounts" ADFieldGroupNameID="" ADFieldNameID="To Campaign" ADTabNameID="Copy Accounts to Organizations" ADWindowNameID="Copy Accounts" EntityType="U" Name="To Campaign" SameLine="true" isCentrallyMaintained="true" Displayed="false" isActive="true" isEncrypted="false" isFieldOnly="false" isHeading="false" isReadOnly="false" SeqNo="0" DisplayLength="22" Description="" Help="" SortNo="0" DisplayLogic="" ObscureType=""/>
				<field ADColumnNameID="C_SalesRegion_ID_From" ADTableNameID="C_Copy_Accounts" ADFieldGroupNameID="" ADFieldNameID="From Sales Region" ADTabNameID="Copy Accounts to Organizations" ADWindowNameID="Copy Accounts" EntityType="U" Name="From Sales Region" SameLine="false" isCentrallyMaintained="true" Displayed="false" isActive="true" isEncrypted="false" isFieldOnly="false" isHeading="false" isReadOnly="false" SeqNo="0" DisplayLength="22" Description="" Help="" SortNo="0" DisplayLogic="" ObscureType=""/>
				<field ADColumnNameID="User1_ID_To" ADTableNameID="C_Copy_Accounts" ADFieldGroupNameID="" ADFieldNameID="To User 1" ADTabNameID="Copy Accounts to Organizations" ADWindowNameID="Copy Accounts" EntityType="U" Name="To User 1" SameLine="true" isCentrallyMaintained="true" Displayed="false" isActive="true" isEncrypted="false" isFieldOnly="false" isHeading="false" isReadOnly="false" SeqNo="0" DisplayLength="22" Description="" Help="" SortNo="0" DisplayLogic="" ObscureType=""/>
				<field ADColumnNameID="User2_ID_To" ADTableNameID="C_Copy_Accounts" ADFieldGroupNameID="" ADFieldNameID="To User 2" ADTabNameID="Copy Accounts to Organizations" ADWindowNameID="Copy Accounts" EntityType="U" Name="To User 2" SameLine="true" isCentrallyMaintained="true" Displayed="false" isActive="true" isEncrypted="false" isFieldOnly="false" isHeading="false" isReadOnly="false" SeqNo="0" DisplayLength="22" Description="" Help="" SortNo="0" DisplayLogic="" ObscureType=""/>
				<field ADColumnNameID="IsActive" ADTableNameID="C_Copy_Accounts" ADFieldGroupNameID="" ADFieldNameID="IsActive" ADTabNameID="Copy Accounts to Organizations" ADWindowNameID="Copy Accounts" EntityType="U" Name="IsActive" SameLine="false" isCentrallyMaintained="true" Displayed="false" isActive="true" isEncrypted="false" isFieldOnly="false" isHeading="false" isReadOnly="false" SeqNo="0" DisplayLength="1" Description="" Help="" SortNo="0" DisplayLogic="" ObscureType=""/>
				<field ADColumnNameID="Processed" ADTableNameID="C_Copy_Accounts" ADFieldGroupNameID="" ADFieldNameID="Processed" ADTabNameID="Copy Accounts to Organizations" ADWindowNameID="Copy Accounts" EntityType="U" Name="Processed" SameLine="false" isCentrallyMaintained="true" Displayed="false" isActive="true" isEncrypted="false" isFieldOnly="false" isHeading="false" isReadOnly="false" SeqNo="0" DisplayLength="1" Description="Processed" Help="" SortNo="0" DisplayLogic="" ObscureType=""/>
				<field ADColumnNameID="AD_Client_ID" ADTableNameID="C_Copy_Accounts" ADFieldGroupNameID="" ADFieldNameID="Client" ADTabNameID="Copy Accounts to Organizations" ADWindowNameID="Copy Accounts" EntityType="U" Name="Client" SameLine="false" isCentrallyMaintained="true" Displayed="true" isActive="true" isEncrypted="false" isFieldOnly="false" isHeading="false" isReadOnly="true" SeqNo="10" DisplayLength="22" Description="Client ID" Help="Client that the system is logged into." SortNo="0" DisplayLogic="" ObscureType=""/>
				<field ADColumnNameID="AD_Org_ID" ADTableNameID="C_Copy_Accounts" ADFieldGroupNameID="" ADFieldNameID="Organization" ADTabNameID="Copy Accounts to Organizations" ADWindowNameID="Copy Accounts" EntityType="U" Name="Organization" SameLine="true" isCentrallyMaintained="true" Displayed="true" isActive="true" isEncrypted="false" isFieldOnly="false" isHeading="false" isReadOnly="true" SeqNo="20" DisplayLength="22" Description="Organization" Help="The Organization that the User is logged into" SortNo="0" DisplayLogic="" ObscureType=""/>
				<field ADColumnNameID="C_AcctSchema_ID" ADTableNameID="C_Copy_Accounts" ADFieldGroupNameID="" ADFieldNameID="Acct Schema" ADTabNameID="Copy Accounts to Organizations" ADWindowNameID="Copy Accounts" EntityType="U" Name="Acct Schema" SameLine="false" isCentrallyMaintained="true" Displayed="true" isActive="true" isEncrypted="false" isFieldOnly="false" isHeading="false" isReadOnly="false" SeqNo="30" DisplayLength="22" Description="Accounting Schema" Help="" SortNo="0" DisplayLogic="" ObscureType=""/>
				<field ADColumnNameID="Account_ID_From" ADTableNameID="C_Copy_Accounts" ADFieldGroupNameID="" ADFieldNameID="Account ID From" ADTabNameID="Copy Accounts to Organizations" ADWindowNameID="Copy Accounts" EntityType="U" Name="Account ID From" SameLine="false" isCentrallyMaintained="true" Displayed="true" isActive="true" isEncrypted="false" isFieldOnly="false" isHeading="false" isReadOnly="false" SeqNo="40" DisplayLength="22" Description="Account ID From" Help="Beginning of asset selection range " SortNo="0" DisplayLogic="" ObscureType=""/>
				<field ADColumnNameID="Account_ID_To" ADTableNameID="C_Copy_Accounts" ADFieldGroupNameID="" ADFieldNameID="Account ID To" ADTabNameID="Copy Accounts to Organizations" ADWindowNameID="Copy Accounts" EntityType="U" Name="Account ID To" SameLine="true" isCentrallyMaintained="true" Displayed="true" isActive="true" isEncrypted="false" isFieldOnly="false" isHeading="false" isReadOnly="false" SeqNo="50" DisplayLength="22" Description="Account ID To" Help="Ending of asset selection range" SortNo="0" DisplayLogic="" ObscureType=""/>
				<field ADColumnNameID="Ad_Orgtrx_Id_From" ADTableNameID="C_Copy_Accounts" ADFieldGroupNameID="" ADFieldNameID="From Organization" ADTabNameID="Copy Accounts to Organizations" ADWindowNameID="Copy Accounts" EntityType="U" Name="From Organization" SameLine="false" isCentrallyMaintained="true" Displayed="true" isActive="true" isEncrypted="false" isFieldOnly="false" isHeading="false" isReadOnly="false" SeqNo="60" DisplayLength="22" Description="" Help="" SortNo="0" DisplayLogic="" ObscureType=""/>
				<field ADColumnNameID="Ad_Orgtrx_Id_To" ADTableNameID="C_Copy_Accounts" ADFieldGroupNameID="" ADFieldNameID="To Organizaiton" ADTabNameID="Copy Accounts to Organizations" ADWindowNameID="Copy Accounts" EntityType="U" Name="To Organizaiton" SameLine="true" isCentrallyMaintained="true" Displayed="true" isActive="true" isEncrypted="false" isFieldOnly="false" isHeading="false" isReadOnly="false" SeqNo="70" DisplayLength="22" Description="Ending Organization" Help="" SortNo="0" DisplayLogic="" ObscureType=""/>
				<field ADColumnNameID="C_Bpartner_Id_From" ADTableNameID="C_Copy_Accounts" ADFieldGroupNameID="" ADFieldNameID="Bpartner" ADTabNameID="Copy Accounts to Organizations" ADWindowNameID="Copy Accounts" EntityType="U" Name="Bpartner" SameLine="false" isCentrallyMaintained="true" Displayed="true" isActive="true" isEncrypted="false" isFieldOnly="false" isHeading="false" isReadOnly="false" SeqNo="80" DisplayLength="22" Description="" Help="" SortNo="0" DisplayLogic="" ObscureType=""/>
				<field ADColumnNameID="C_Project_ID_From" ADTableNameID="C_Copy_Accounts" ADFieldGroupNameID="" ADFieldNameID="Project" ADTabNameID="Copy Accounts to Organizations" ADWindowNameID="Copy Accounts" EntityType="U" Name="Project" SameLine="false" isCentrallyMaintained="true" Displayed="true" isActive="true" isEncrypted="false" isFieldOnly="false" isHeading="false" isReadOnly="false" SeqNo="90" DisplayLength="22" Description="" Help="" SortNo="0" DisplayLogic="" ObscureType=""/>
				<field ADColumnNameID="C_Campaign_Id_From" ADTableNameID="C_Copy_Accounts" ADFieldGroupNameID="" ADFieldNameID="Campaign" ADTabNameID="Copy Accounts to Organizations" ADWindowNameID="Copy Accounts" EntityType="U" Name="Campaign" SameLine="false" isCentrallyMaintained="true" Displayed="true" isActive="true" isEncrypted="false" isFieldOnly="false" isHeading="false" isReadOnly="false" SeqNo="100" DisplayLength="22" Description="" Help="" SortNo="0" DisplayLogic="" ObscureType=""/>
				<field ADColumnNameID="M_Product_ID_From" ADTableNameID="C_Copy_Accounts" ADFieldGroupNameID="" ADFieldNameID="Product" ADTabNameID="Copy Accounts to Organizations" ADWindowNameID="Copy Accounts" EntityType="U" Name="Product" SameLine="false" isCentrallyMaintained="true" Displayed="true" isActive="true" isEncrypted="false" isFieldOnly="false" isHeading="false" isReadOnly="false" SeqNo="110" DisplayLength="22" Description="" Help="" SortNo="0" DisplayLogic="" ObscureType=""/>
				<field ADColumnNameID="Processing" ADTableNameID="C_Copy_Accounts" ADFieldGroupNameID="" ADFieldNameID="Create Combinations" ADTabNameID="Copy Accounts to Organizations" ADWindowNameID="Copy Accounts" EntityType="U" Name="Create Combinations" SameLine="false" isCentrallyMaintained="true" Displayed="true" isActive="true" isEncrypted="false" isFieldOnly="false" isHeading="false" isReadOnly="false" SeqNo="120" DisplayLength="1" Description="Create valid account combinations" Help="" SortNo="0" DisplayLogic="" ObscureType=""/>
			</tab>
		</window>
	</menu>
	<codesnipit filedir="\" filename="RUN_Adempiere.sh" oldcode="CLASSPATH=\$ADEMPIERE_HOME\/lib\/Adempiere\.jar:\$ADEMPIERE_HOME\/lib\/AdempiereCLib\.jar:\$CLASSPATH" newcode="CLASSPATH=\$ADEMPIERE_HOME\/lib\/CopyAcctPack\.jar:\$CLASSPATH&#10;CLASSPATH=\$CLASSPATH:\$ADEMPIERE_HOME\/lib\/Adempiere\.jar:\$ADEMPIERE_HOME\/lib\/AdempiereCLib\.jar" ReleaseNo="all"/>
	<codesnipit filedir="\" filename="RUN_Adempiere.bat" oldcode="@Set CLASSPATH=%ADEMPIERE_HOME%\\lib\\Adempiere\.jar;%ADEMPIERE_HOME%\\lib\\AdempiereCLib\.jar;%CLASSPATH%" newcode="@Set CLASSPATH=%ADEMPIERE_HOME%\\lib\\CopyAcctPack\.jar;%CLASSPATH%&#10;@Set CLASSPATH=%CLASSPATH%;%ADEMPIERE_HOME%\\lib\\Adempiere\.jar;%ADEMPIERE_HOME%\\lib\\AdempiereCLib\.jar&#10;" ReleaseNo="all"/>
	<codesnipit filedir="\" filename="build.xml" oldcode="&lt;delete dir=&quot;buildCLib&quot; \/&gt;" newcode="&lt;delete dir=&quot;buildCLib&quot; \/&gt;&#10;&#10;&#9;&#9;&lt;mkdir dir=&quot;buildCopyAcctPack&quot; \/&gt;&#10;&#9;&#9;&lt;!-- Sign CopyAcctPack Jar &#9;&#9;--&gt;&#10;&#9;&#9;&lt;copy file=&quot;lib\/CopyAcctPack\.jar&quot; tofile=&quot;buildCopyAcctPack\/CopyAcctPack1\.jar&quot; overwrite=&quot;yes&quot; \/&gt;&#10;&#9;&#9;&lt;signjar jar=&quot;buildCopyAcctPack\/CopyAcctPack1\.jar&quot; alias=&quot;\${ADEMPIERE_KEYSTORECODEALIAS}&quot; &#10;&#9;&#9;&#9;storepass=&quot;\${ADEMPIERE_KEYSTOREPASS}&quot; keystore=&quot;\${ADEMPIERE_KEYSTORE}&quot; \/&gt;&#10;&#9;&#9;&lt;copy file=&quot;buildCopyAcctPack\/CopyAcctPack1\.jar&quot; tofile=&quot;lib\/CopyAcctPack\.jar&quot; overwrite=&quot;yes&quot; \/&gt;&#10;&#9;&#9;&lt;delete dir=&quot;buildCopyAcctPack&quot; \/&gt;" ReleaseNo="all"/>
	<codesnipit filedir="\" filename="RUN_Adempiere.bat" oldcode="@Set CLASSPATH=%CLASSPATH%;%ADEMPIERE_HOME%\\lib\\Adempiere\.jar;%ADEMPIERE_HOME%\\lib\\AdempiereCLib\.jar" newcode="@Set CLASSPATH=%ADEMPIERE_HOME%\\lib\\CopyAcctPack\.jar;%CLASSPATH%&#10;@Set CLASSPATH=%CLASSPATH%;%ADEMPIERE_HOME%\\lib\\Adempiere\.jar;%ADEMPIERE_HOME%\\lib\\AdempiereCLib\.jar" ReleaseNo="all"/>
	<codesnipit filedir="\" filename="RUN_Adempiere.sh" oldcode="CLASSPATH=\$CLASSPATH:\$ADEMPIERE_HOME\/lib\/Adempiere\.jar:\$ADEMPIERE_HOME\/lib\/AdempiereCLib\.jar" newcode="CLASSPATH=\$ADEMPIERE_HOME\/lib\/CopyAcctPack\.jar:\$CLASSPATH&#10;CLASSPATH=\$CLASSPATH:\$ADEMPIERE_HOME\/lib\/Adempiere\.jar:\$ADEMPIERE_HOME\/lib\/AdempiereCLib\.jar" ReleaseNo="all"/>
	<menuset/>
</adempiereAD>
