<?xml version="1.0" encoding="ISO-8859-1"?>
<?xml-stylesheet type="text/css" href="compiereDocument.css"?>

<compiereDocument>
<header>FAPack006 Package Description</header>
<H1>Package Name:</H1>
<packagename>FAPack006</packagename>
<H1>Creator:</H1>
<creator>Rob Klein</creator>
<H1>Email Address:</H1>
<creatorcontact>Robeklein@gmail.com</creatorcontact>
<H1>Created:</H1>
<createddate>2006-03-01 19:45:16.0</createddate>
<H1>Updated:</H1>
<updateddate>2006-05-09 00:24:56.0</updateddate>
<H1>Description:</H1>
<description>Functions of the extension include:  Seamless integration with Compiere's Partner Relations, Accounts Payable  and General Ledger functions.  Ability to compute and maintain multiple sets of depreciation expense per asset for GAAP, tax and budgeting purposes.  Multiple depreciation methods allowing users to depreciate assets in a variety of ways including user defined values.  In addition a user can select specific depreciation rules, conventions, and depreciation spreads to meet their needs.  Manage and maintain assets by asset groups to set default characteristics, such as depreciation settings, balance sheet and income statement accounts, automatically when creating assets or perform mass changes to many assets at the same time.  Note group settings can be overridden when necessary for a given asset   Perform various transactions on assets including asset splits, transfers and disposals and record the activity to the GL as well as fixed asset revaluations.</description>
<H1>Instructions:</H1>
<instructions>Unzip package.
Execute FAPack_Run_Buildjar
Rerun Compiere setup
Sign on to Compiere
Give access to Copy Roles
Sign out and sign back in
Run Copy Roll FA to FA Administrator
Sign out and sign in using FA Administrator Role
Process assets.</instructions>
<H1>Files in Package:</H1>
<file>File: PackOut.xml</file>
<filedirectory>Directory: \dict\</filedirectory>
<filenotes>Notes: Contains all application/object settings for package</filenotes>
<file>File: compiereDocument.css</file>
<filedirectory>Directory: \doc\</filedirectory>
<filenotes>Notes: This file is the style sheet is for FixedAssetExtDoc.xml that lists out the contents of the package</filenotes>
<file>File: FAPack_build.xml</file>
<filedirectory>Directory: \</filedirectory>
<filenotes>Notes: This file contains the necessary build file for Ant.</filenotes>
<file>File: OSLabs.gif</file>
<filedirectory>Directory: \</filedirectory>
<filenotes>Notes: This file contains the splash screen</filenotes>
<file>File: FAPack_Run_BuildJar.bat</file>
<filedirectory>Directory: \</filedirectory>
<filenotes>Notes: Execute this file to start the build process.</filenotes>
<file>File: FAPack_Run_BuildJar.sh</file>
<filedirectory>Directory: \</filedirectory>
<filenotes>Notes: Execute this file to start the build process.</filenotes>
<file>File: Run_BuildJar.sh</file>
<filedirectory>Directory: \</filedirectory>
<filenotes>Notes: Execute this file to start the build process.</filenotes>
<file>File: CalloutFA.java</file>
<filedirectory>Directory: \src\appsrc\Release 2.5.2d\org\compiere\FA\</filedirectory>
<filenotes>Notes: This file contains the necessary code to callouts for the fixed asset module.</filenotes>
<file>File: CalloutFA.java</file>
<filedirectory>Directory: \src\appsrc\Release 2.5.2e\org\compiere\FA\</filedirectory>
<filenotes>Notes: This file contains the necessary code to callouts for the fixed asset module.</filenotes>
<file>File: CopyRole.java</file>
<filedirectory>Directory: \src\appsrc\Release 2.5.2d\org\compiere\CopyRole\</filedirectory>
<filenotes>Notes: File contains code to support the role copy function</filenotes>
<file>File: MAssetAddition.java</file>
<filedirectory>Directory: \src\appsrc\Release 2.5.2d\org\compiere\model\</filedirectory>
<filenotes>Notes: Model extension for X_Asset_Addition</filenotes>
<file>File: MAsset.java</file>
<filedirectory>Directory: \src\appsrc\Release 2.5.2d\org\compiere\model\</filedirectory>
<filenotes>Notes: Model extension for X_Asset</filenotes>
<file>File: MDepreciationWorkfile.java</file>
<filedirectory>Directory: \src\appsrc\Release 2.5.2d\org\compiere\model\</filedirectory>
<filenotes>Notes: Model extension for X_Depreciation_Workfile</filenotes>
<file>File: MAssetUse.java</file>
<filedirectory>Directory: \src\appsrc\Release 2.5.2d\org\compiere\model\</filedirectory>
<filenotes>Notes: Model extension for X_Asset_Use</filenotes>
<file>File: MAssetAcct.java</file>
<filedirectory>Directory: \src\appsrc\Release 2.5.2d\org\compiere\model\</filedirectory>
<filenotes>Notes: Model extension for X_Asset_Acct</filenotes>
<file>File: MRefList_Ext.java</file>
<filedirectory>Directory: \src\appsrc\Release 2.5.2d\org\compiere\model\</filedirectory>
<filenotes>Notes: Model extension for X_Ref_List_Ext</filenotes>
<file>File: MXIFAJournal.java</file>
<filedirectory>Directory: \src\appsrc\Release 2.5.2d\org\compiere\model\</filedirectory>
<filenotes>Notes: Model extension for I_FA_Journal</filenotes>
<file>File: MAssetTransfer.java</file>
<filedirectory>Directory: \src\appsrc\Release 2.5.2d\org\compiere\model\</filedirectory>
<filenotes>Notes: Model extension for X_Asset_Transfer</filenotes>
<file>File: MAssetGroupAcct.java</file>
<filedirectory>Directory: \src\appsrc\Release 2.5.2d\org\compiere\model\</filedirectory>
<filenotes>Notes: Model extension for X_Asset_Group_Acct</filenotes>
<file>File: MAssetChange.java</file>
<filedirectory>Directory: \src\appsrc\Release 2.5.2d\org\compiere\model\</filedirectory>
<filenotes>Notes: Model extension for X_Asset_Change</filenotes>
<file>File: CreateInvoicedAsset.java</file>
<filedirectory>Directory: \src\appsrc\Release 2.5.2d\org\compiere\FA\</filedirectory>
<filenotes>Notes: Code for importing invoices in to the FA System</filenotes>
<file>File: CreateGLAsset.java</file>
<filedirectory>Directory: \src\appsrc\Release 2.5.2d\org\compiere\FA\</filedirectory>
<filenotes>Notes: Code for importing invoices in to the FA System</filenotes>
<file>File: ImportAsset.java</file>
<filedirectory>Directory: \src\appsrc\Release 2.5.2d\org\compiere\FA\</filedirectory>
<filenotes>Notes: Code for importing invoices in to the FA System</filenotes>
<file>File: AssetDisposed.java</file>
<filedirectory>Directory: \src\appsrc\Release 2.5.2d\org\compiere\FA\</filedirectory>
<filenotes>Notes: Code for disposing asset in the FA System</filenotes>
<file>File: AssetRevalEntry.java</file>
<filedirectory>Directory: \src\appsrc\Release 2.5.2d\org\compiere\FA\</filedirectory>
<filenotes>Notes: Code for disposing asset in the FA System</filenotes>
<file>File: AssetSplit.java</file>
<filedirectory>Directory: \src\appsrc\Release 2.5.2d\org\compiere\FA\</filedirectory>
<filenotes>Notes: Code for splitting assets in the FA System</filenotes>
<file>File: AssetTransfer.java</file>
<filedirectory>Directory: \src\appsrc\Release 2.5.2d\org\compiere\FA\</filedirectory>
<filenotes>Notes: Code for transfering assets in the FA System</filenotes>
<file>File: BuildDepForecastFile.java</file>
<filedirectory>Directory: \src\appsrc\Release 2.5.3b\org\compiere\FA\</filedirectory>
<filenotes>Notes: Code for building a depreciation forecast in the FA System</filenotes>
<file>File: BuildDepWorkFile.java</file>
<filedirectory>Directory: \src\appsrc\Release 2.5.3b\org\compiere\FA\</filedirectory>
<filenotes>Notes: Code for building the depreciation expense in the FA System</filenotes>
<file>File: ImportFAJournal2.java</file>
<filedirectory>Directory: \src\appsrc\Release 2.5.3b\org\compiere\FA\</filedirectory>
<filenotes>Notes: Code for posting the depreciation expense GL in the FA System</filenotes>
<file name="AccountingMasterAssetUpload.csv" sourceDirectory="\dist\" targetDirectory="/data/import/" ReleaseNo="all">File: AccountingMasterAssetUpload.csv</file>
<filedirectory name="AccountingMasterAssetUpload.csv" sourceDirectory="\dist\" targetDirectory="/data/import/" ReleaseNo="all">Directory: \dist\</filedirectory>
<filenotes name="AccountingMasterAssetUpload.csv" sourceDirectory="\dist\" targetDirectory="/data/import/" ReleaseNo="all">Notes: Contains assets to upload in a csv format</filenotes>
<file name="AccountingMasterAssetUpload.xls" sourceDirectory="\dist\" targetDirectory="/data/import/" ReleaseNo="all">File: AccountingMasterAssetUpload.xls</file>
<filedirectory name="AccountingMasterAssetUpload.xls" sourceDirectory="\dist\" targetDirectory="/data/import/" ReleaseNo="all">Directory: \dist\</filedirectory>
<filenotes name="AccountingMasterAssetUpload.xls" sourceDirectory="\dist\" targetDirectory="/data/import/" ReleaseNo="all">Notes: Contains assets to upload in a xls format</filenotes>
<file>File: crimson.jar</file>
<filedirectory>Directory: \lib\</filedirectory>
<filenotes>Notes: needed for creating the log.</filenotes>
<file>File: serializer.jar</file>
<filedirectory>Directory: \lib\</filedirectory>
<filenotes>Notes: needed for creating the log.</filenotes>
<file>File: xml-apis.jar</file>
<filedirectory>Directory: \lib\</filedirectory>
<filenotes>Notes: needed for creating the log.</filenotes>
<file>File: ant-swing.jar</file>
<filedirectory>Directory: \lib\</filedirectory>
<filenotes>Notes: needed for creating the log.</filenotes>
<file>File: Depreciation.java</file>
<filedirectory>Directory: \src\appsrc\Release 2.5.2d\org\compiere\FA\</filedirectory>
<filenotes>Notes: Contains the code to calculate depreciation</filenotes>
<file>File: DepreciationAdj.java</file>
<filedirectory>Directory: \src\appsrc\Release 2.5.2d\org\compiere\FA\</filedirectory>
<filenotes>Notes: Contains the code to calculate depreciation adjustments</filenotes>
<file>File: Conventions.java</file>
<filedirectory>Directory: \src\appsrc\Release 2.5.2d\org\compiere\FA\</filedirectory>
<filenotes>Notes: Contains the code to calculate depreciation conventions</filenotes>
<file>File: PackInHandler.java</file>
<filedirectory>Directory: \src\dictsrc\Release 2.5.2e\</filedirectory>
<filenotes>Notes: This file contains the necessary code to support importing the application/settings.</filenotes>
<file>File: PackIn.java</file>
<filedirectory>Directory: \src\dictsrc\Release 2.5.2e\</filedirectory>
<filenotes>Notes: This file contains the necessary code to support importing the application/settings.</filenotes>
<file>File: GenericPO.java</file>
<filedirectory>Directory: \src\dictsrc\Release 2.5.2e\</filedirectory>
<filenotes>Notes: This file contains the necessary code to support importing the application/settings.</filenotes>
<file>File: PackInHandler.java</file>
<filedirectory>Directory: \src\dictsrc\Release 2.5.3a\</filedirectory>
<filenotes>Notes: This file contains the necessary code to support importing the application/settings.</filenotes>
<file>File: GenericPO.java</file>
<filedirectory>Directory: \src\dictsrc\Release 2.5.3a\</filedirectory>
<filenotes>Notes: This file contains the necessary code to support importing the application/settings.</filenotes>
<file>File: PackIn.java</file>
<filedirectory>Directory: \src\dictsrc\Release 2.5.3a\</filedirectory>
<filenotes>Notes: This file contains the necessary code to support importing the application/settings.</filenotes>
<file>File: GenericPO.java</file>
<filedirectory>Directory: \src\dictsrc\Release 2.5.3b\</filedirectory>
<filenotes>Notes: This file contains the necessary code to support importing the application/settings.</filenotes>
<file>File: PackIn.java</file>
<filedirectory>Directory: \src\dictsrc\Release 2.5.3b\</filedirectory>
<filenotes>Notes: This file contains the necessary code to support importing the application/settings.</filenotes>
<file>File: PackInHandler.java</file>
<filedirectory>Directory: \src\dictsrc\Release 2.5.3b\</filedirectory>
<filenotes>Notes: This file contains the necessary code to support importing the application/settings.</filenotes>
<file>File: PackInHandler.java</file>
<filedirectory>Directory: \src\dictsrc\Release 2.5.2d\</filedirectory>
<filenotes>Notes: This file contains the necessary code to support importing the application/settings.</filenotes>
<file>File: PackIn.java</file>
<filedirectory>Directory: \src\dictsrc\Release 2.5.2d\</filedirectory>
<filenotes>Notes: This file contains the necessary code to support importing the application/settings.</filenotes>
<file>File: BuildDepForecastFile.java</file>
<filedirectory>Directory: \src\appsrc\Release 2.5.3a\org\compiere\FA\</filedirectory>
<filenotes>Notes: Code for building a depreciation forecast in the FA System</filenotes>
<file>File: BuildDepForecastFile.java</file>
<filedirectory>Directory: \src\appsrc\Release 2.5.2e\org\compiere\FA\</filedirectory>
<filenotes>Notes: Code for building a depreciation forecast in the FA System</filenotes>
<file>File: BuildDepForecastFile.java</file>
<filedirectory>Directory: \src\appsrc\Release 2.5.2d\org\compiere\FA\</filedirectory>
<filenotes>Notes: Code for building a depreciation forecast in the FA System</filenotes>
<file>File: BuildDepWorkFile.java</file>
<filedirectory>Directory: \src\appsrc\Release 2.5.3a\org\compiere\FA\</filedirectory>
<filenotes>Notes: Code for building the depreciation expense in the FA System</filenotes>
<file>File: BuildDepWorkFile.java</file>
<filedirectory>Directory: \src\appsrc\Release 2.5.2e\org\compiere\FA\</filedirectory>
<filenotes>Notes: Code for building the depreciation expense in the FA System</filenotes>
<file>File: BuildDepWorkFile.java</file>
<filedirectory>Directory: \src\appsrc\Release 2.5.2d\org\compiere\FA\</filedirectory>
<filenotes>Notes: Code for building the depreciation expense in the FA System</filenotes>
<file>File: ImportFAJournal2.java</file>
<filedirectory>Directory: \src\appsrc\Release 2.5.3a\org\compiere\FA\</filedirectory>
<filenotes>Notes: Code for posting the depreciation expense GL in the FA System</filenotes>
<file>File: ImportFAJournal2.java</file>
<filedirectory>Directory: \src\appsrc\Release 2.5.2e\org\compiere\FA\</filedirectory>
<filenotes>Notes: Code for posting the depreciation expense GL in the FA System</filenotes>
<file>File: ImportFAJournal2.java</file>
<filedirectory>Directory: \src\appsrc\Release 2.5.2d\org\compiere\FA\</filedirectory>
<filenotes>Notes: Code for posting the depreciation expense GL in the FA System</filenotes>
<file>File: CopyRole.java</file>
<filedirectory>Directory: \src\appsrc\Release 2.5.2e\org\compiere\CopyRole\</filedirectory>
<filenotes>Notes: File contains code to support the role copy function</filenotes>
<file>File: CreateInvoicedAsset.java</file>
<filedirectory>Directory: \src\appsrc\Release 2.5.2e\org\compiere\FA\</filedirectory>
<filenotes>Notes: Code for importing invoices in to the FA System</filenotes>
<file>File: CreateGLAsset.java</file>
<filedirectory>Directory: \src\appsrc\Release 2.5.2e\org\compiere\FA\</filedirectory>
<filenotes>Notes: Code for importing invoices in to the FA System</filenotes>
<file>File: ImportAsset.java</file>
<filedirectory>Directory: \src\appsrc\Release 2.5.2e\org\compiere\FA\</filedirectory>
<filenotes>Notes: Code for importing invoices in to the FA System</filenotes>
<file>File: AssetDisposed.java</file>
<filedirectory>Directory: \src\appsrc\Release 2.5.2e\org\compiere\FA\</filedirectory>
<filenotes>Notes: Code for disposing asset in the FA System</filenotes>
<file>File: AssetRevalEntry.java</file>
<filedirectory>Directory: \src\appsrc\Release 2.5.2e\org\compiere\FA\</filedirectory>
<filenotes>Notes: Code for disposing asset in the FA System</filenotes>
<file>File: AssetSplit.java</file>
<filedirectory>Directory: \src\appsrc\Release 2.5.2e\org\compiere\FA\</filedirectory>
<filenotes>Notes: Code for splitting assets in the FA System</filenotes>
<file>File: AssetTransfer.java</file>
<filedirectory>Directory: \src\appsrc\Release 2.5.2e\org\compiere\FA\</filedirectory>
<filenotes>Notes: Code for transfering assets in the FA System</filenotes>
<file>File: Depreciation.java</file>
<filedirectory>Directory: \src\appsrc\Release 2.5.2e\org\compiere\FA\</filedirectory>
<filenotes>Notes: Contains the code to calculate depreciation</filenotes>
<file>File: DepreciationAdj.java</file>
<filedirectory>Directory: \src\appsrc\Release 2.5.2e\org\compiere\FA\</filedirectory>
<filenotes>Notes: Contains the code to calculate depreciation adjustments</filenotes>
<file>File: Conventions.java</file>
<filedirectory>Directory: \src\appsrc\Release 2.5.2e\org\compiere\FA\</filedirectory>
<filenotes>Notes: Contains the code to calculate depreciation conventions</filenotes>
<file>File: MAssetAddition.java</file>
<filedirectory>Directory: \src\appsrc\Release 2.5.2e\org\compiere\model\</filedirectory>
<filenotes>Notes: Model extension for X_Asset_Addition</filenotes>
<file>File: MAsset.java</file>
<filedirectory>Directory: \src\appsrc\Release 2.5.2e\org\compiere\model\</filedirectory>
<filenotes>Notes: Model extension for X_Asset</filenotes>
<file>File: MDepreciationWorkfile.java</file>
<filedirectory>Directory: \src\appsrc\Release 2.5.2e\org\compiere\model\</filedirectory>
<filenotes>Notes: Model extension for X_Depreciation_Workfile</filenotes>
<file>File: MAssetUse.java</file>
<filedirectory>Directory: \src\appsrc\Release 2.5.2e\org\compiere\model\</filedirectory>
<filenotes>Notes: Model extension for X_Asset_Use</filenotes>
<file>File: MAssetAcct.java</file>
<filedirectory>Directory: \src\appsrc\Release 2.5.2e\org\compiere\model\</filedirectory>
<filenotes>Notes: Model extension for X_Asset_Acct</filenotes>
<file>File: MRefList_Ext.java</file>
<filedirectory>Directory: \src\appsrc\Release 2.5.2e\org\compiere\model\</filedirectory>
<filenotes>Notes: Model extension for X_Ref_List_Ext</filenotes>
<file>File: MXIFAJournal.java</file>
<filedirectory>Directory: \src\appsrc\Release 2.5.2e\org\compiere\model\</filedirectory>
<filenotes>Notes: Model extension for I_FA_Journal</filenotes>
<file>File: MAssetTransfer.java</file>
<filedirectory>Directory: \src\appsrc\Release 2.5.2e\org\compiere\model\</filedirectory>
<filenotes>Notes: Model extension for X_Asset_Transfer</filenotes>
<file>File: MAssetGroupAcct.java</file>
<filedirectory>Directory: \src\appsrc\Release 2.5.2e\org\compiere\model\</filedirectory>
<filenotes>Notes: Model extension for X_Asset_Group_Acct</filenotes>
<file>File: MAssetChange.java</file>
<filedirectory>Directory: \src\appsrc\Release 2.5.2e\org\compiere\model\</filedirectory>
<filenotes>Notes: Model extension for X_Asset_Change</filenotes>
<file>File: CopyRole.java</file>
<filedirectory>Directory: \src\appsrc\Release 2.5.3a\org\compiere\CopyRole\</filedirectory>
<filenotes>Notes: File contains code to support the role copy function</filenotes>
<file>File: CreateInvoicedAsset.java</file>
<filedirectory>Directory: \src\appsrc\Release 2.5.3a\org\compiere\FA\</filedirectory>
<filenotes>Notes: Code for importing invoices in to the FA System</filenotes>
<file>File: CreateGLAsset.java</file>
<filedirectory>Directory: \src\appsrc\Release 2.5.3a\org\compiere\FA\</filedirectory>
<filenotes>Notes: Code for importing invoices in to the FA System</filenotes>
<file>File: ImportAsset.java</file>
<filedirectory>Directory: \src\appsrc\Release 2.5.3a\org\compiere\FA\</filedirectory>
<filenotes>Notes: Code for importing invoices in to the FA System</filenotes>
<file>File: AssetDisposed.java</file>
<filedirectory>Directory: \src\appsrc\Release 2.5.3a\org\compiere\FA\</filedirectory>
<filenotes>Notes: Code for disposing asset in the FA System</filenotes>
<file>File: AssetRevalEntry.java</file>
<filedirectory>Directory: \src\appsrc\Release 2.5.3a\org\compiere\FA\</filedirectory>
<filenotes>Notes: Code for disposing asset in the FA System</filenotes>
<file>File: AssetSplit.java</file>
<filedirectory>Directory: \src\appsrc\Release 2.5.3a\org\compiere\FA\</filedirectory>
<filenotes>Notes: Code for splitting assets in the FA System</filenotes>
<file>File: AssetTransfer.java</file>
<filedirectory>Directory: \src\appsrc\Release 2.5.3a\org\compiere\FA\</filedirectory>
<filenotes>Notes: Code for transfering assets in the FA System</filenotes>
<file>File: Depreciation.java</file>
<filedirectory>Directory: \src\appsrc\Release 2.5.3a\org\compiere\FA\</filedirectory>
<filenotes>Notes: Contains the code to calculate depreciation</filenotes>
<file>File: DepreciationAdj.java</file>
<filedirectory>Directory: \src\appsrc\Release 2.5.3a\org\compiere\FA\</filedirectory>
<filenotes>Notes: Contains the code to calculate depreciation adjustments</filenotes>
<file>File: Conventions.java</file>
<filedirectory>Directory: \src\appsrc\Release 2.5.3a\org\compiere\FA\</filedirectory>
<filenotes>Notes: Contains the code to calculate depreciation conventions</filenotes>
<file>File: MAssetAddition.java</file>
<filedirectory>Directory: \src\appsrc\Release 2.5.3a\org\compiere\model\</filedirectory>
<filenotes>Notes: Model extension for X_Asset_Addition</filenotes>
<file>File: MAsset.java</file>
<filedirectory>Directory: \src\appsrc\Release 2.5.3a\org\compiere\model\</filedirectory>
<filenotes>Notes: Model extension for X_Asset</filenotes>
<file>File: MDepreciationWorkfile.java</file>
<filedirectory>Directory: \src\appsrc\Release 2.5.3a\org\compiere\model\</filedirectory>
<filenotes>Notes: Model extension for X_Depreciation_Workfile</filenotes>
<file>File: MAssetUse.java</file>
<filedirectory>Directory: \src\appsrc\Release 2.5.3a\org\compiere\model\</filedirectory>
<filenotes>Notes: Model extension for X_Asset_Use</filenotes>
<file>File: MAssetAcct.java</file>
<filedirectory>Directory: \src\appsrc\Release 2.5.3a\org\compiere\model\</filedirectory>
<filenotes>Notes: Model extension for X_Asset_Acct</filenotes>
<file>File: MRefList_Ext.java</file>
<filedirectory>Directory: \src\appsrc\Release 2.5.3a\org\compiere\model\</filedirectory>
<filenotes>Notes: Model extension for X_Ref_List_Ext</filenotes>
<file>File: MXIFAJournal.java</file>
<filedirectory>Directory: \src\appsrc\Release 2.5.3a\org\compiere\model\</filedirectory>
<filenotes>Notes: Model extension for I_FA_Journal</filenotes>
<file>File: MAssetTransfer.java</file>
<filedirectory>Directory: \src\appsrc\Release 2.5.3a\org\compiere\model\</filedirectory>
<filenotes>Notes: Model extension for X_Asset_Transfer</filenotes>
<file>File: MAssetGroupAcct.java</file>
<filedirectory>Directory: \src\appsrc\Release 2.5.3a\org\compiere\model\</filedirectory>
<filenotes>Notes: Model extension for X_Asset_Group_Acct</filenotes>
<file>File: MAssetChange.java</file>
<filedirectory>Directory: \src\appsrc\Release 2.5.3a\org\compiere\model\</filedirectory>
<filenotes>Notes: Model extension for X_Asset_Change</filenotes>
<file>File: CopyRole.java</file>
<filedirectory>Directory: \src\appsrc\Release 2.5.3b\org\compiere\CopyRole\</filedirectory>
<filenotes>Notes: File contains code to support the role copy function</filenotes>
<file>File: CreateInvoicedAsset.java</file>
<filedirectory>Directory: \src\appsrc\Release 2.5.3b\org\compiere\FA\</filedirectory>
<filenotes>Notes: Code for importing invoices in to the FA System</filenotes>
<file>File: CreateGLAsset.java</file>
<filedirectory>Directory: \src\appsrc\Release 2.5.3b\org\compiere\FA\</filedirectory>
<filenotes>Notes: Code for importing invoices in to the FA System</filenotes>
<file>File: ImportAsset.java</file>
<filedirectory>Directory: \src\appsrc\Release 2.5.3b\org\compiere\FA\</filedirectory>
<filenotes>Notes: Code for importing invoices in to the FA System</filenotes>
<file>File: AssetDisposed.java</file>
<filedirectory>Directory: \src\appsrc\Release 2.5.3b\org\compiere\FA\</filedirectory>
<filenotes>Notes: Code for disposing asset in the FA System</filenotes>
<file>File: AssetRevalEntry.java</file>
<filedirectory>Directory: \src\appsrc\Release 2.5.3b\org\compiere\FA\</filedirectory>
<filenotes>Notes: Code for disposing asset in the FA System</filenotes>
<file>File: AssetSplit.java</file>
<filedirectory>Directory: \src\appsrc\Release 2.5.3b\org\compiere\FA\</filedirectory>
<filenotes>Notes: Code for splitting assets in the FA System</filenotes>
<file>File: AssetTransfer.java</file>
<filedirectory>Directory: \src\appsrc\Release 2.5.3b\org\compiere\FA\</filedirectory>
<filenotes>Notes: Code for transfering assets in the FA System</filenotes>
<file>File: Depreciation.java</file>
<filedirectory>Directory: \src\appsrc\Release 2.5.3b\org\compiere\FA\</filedirectory>
<filenotes>Notes: Contains the code to calculate depreciation</filenotes>
<file>File: DepreciationAdj.java</file>
<filedirectory>Directory: \src\appsrc\Release 2.5.3b\org\compiere\FA\</filedirectory>
<filenotes>Notes: Contains the code to calculate depreciation adjustments</filenotes>
<file>File: Conventions.java</file>
<filedirectory>Directory: \src\appsrc\Release 2.5.3b\org\compiere\FA\</filedirectory>
<filenotes>Notes: Contains the code to calculate depreciation conventions</filenotes>
<file>File: MAssetAddition.java</file>
<filedirectory>Directory: \src\appsrc\Release 2.5.3b\org\compiere\model\</filedirectory>
<filenotes>Notes: Model extension for X_Asset_Addition</filenotes>
<file>File: MAsset.java</file>
<filedirectory>Directory: \src\appsrc\Release 2.5.3b\org\compiere\model\</filedirectory>
<filenotes>Notes: Model extension for X_Asset</filenotes>
<file>File: MDepreciationWorkfile.java</file>
<filedirectory>Directory: \src\appsrc\Release 2.5.3b\org\compiere\model\</filedirectory>
<filenotes>Notes: Model extension for X_Depreciation_Workfile</filenotes>
<file>File: MAssetUse.java</file>
<filedirectory>Directory: \src\appsrc\Release 2.5.3b\org\compiere\model\</filedirectory>
<filenotes>Notes: Model extension for X_Asset_Use</filenotes>
<file>File: MAssetAcct.java</file>
<filedirectory>Directory: \src\appsrc\Release 2.5.3b\org\compiere\model\</filedirectory>
<filenotes>Notes: Model extension for X_Asset_Acct</filenotes>
<file>File: MRefList_Ext.java</file>
<filedirectory>Directory: \src\appsrc\Release 2.5.3b\org\compiere\model\</filedirectory>
<filenotes>Notes: Model extension for X_Ref_List_Ext</filenotes>
<file>File: MXIFAJournal.java</file>
<filedirectory>Directory: \src\appsrc\Release 2.5.3b\org\compiere\model\</filedirectory>
<filenotes>Notes: Model extension for I_FA_Journal</filenotes>
<file>File: MAssetTransfer.java</file>
<filedirectory>Directory: \src\appsrc\Release 2.5.3b\org\compiere\model\</filedirectory>
<filenotes>Notes: Model extension for X_Asset_Transfer</filenotes>
<file>File: MAssetGroupAcct.java</file>
<filedirectory>Directory: \src\appsrc\Release 2.5.3b\org\compiere\model\</filedirectory>
<filenotes>Notes: Model extension for X_Asset_Group_Acct</filenotes>
<file>File: MAssetChange.java</file>
<filedirectory>Directory: \src\appsrc\Release 2.5.3b\org\compiere\model\</filedirectory>
<filenotes>Notes: Model extension for X_Asset_Change</filenotes>
<file>File: CalloutFA.java</file>
<filedirectory>Directory: \src\appsrc\Release 2.5.3a\org\compiere\FA\</filedirectory>
<filenotes>Notes: This file contains the necessary code to callouts for the fixed asset module.</filenotes>
<file>File: CalloutFA.java</file>
<filedirectory>Directory: \src\appsrc\Release 2.5.3b\org\compiere\FA\</filedirectory>
<filenotes>Notes: This file contains the necessary code to callouts for the fixed asset module.</filenotes>
<file>File: GenerateModel_2Pack.java</file>
<filedirectory>Directory: \src\dictsrc\Release 2.5.2d\</filedirectory>
<filenotes>Notes: This file contains the necessary code to support importing the application/settings.</filenotes>
<file>File: GenerateModel_2Pack.java</file>
<filedirectory>Directory: \src\dictsrc\Release 2.5.2e\</filedirectory>
<filenotes>Notes: This file contains the necessary code to support importing the application/settings.</filenotes>
<file>File: GenerateModel_2Pack.java</file>
<filedirectory>Directory: \src\dictsrc\Release 2.5.3a\</filedirectory>
<filenotes>Notes: This file contains the necessary code to support importing the application/settings.</filenotes>
<file>File: GenerateModel_2Pack.java</file>
<filedirectory>Directory: \src\dictsrc\Release 2.5.3b\</filedirectory>
<filenotes>Notes: This file contains the necessary code to support importing the application/settings.</filenotes>
<file>File: GenericPO.java</file>
<filedirectory>Directory: \src\dictsrc\Release 2.5.2d\</filedirectory>
<filenotes>Notes: This file contains the necessary code to support importing the application/settings.</filenotes>
</compiereDocument>
