<?xml version="1.0" encoding="ISO-8859-1"?>
<adempiereAD Name="PA_Dashboard" Version="0.1" CompVer="all" DataBase="2007-07-06" Description="Dashboard: configuration of html page" creator="freecom" creatorcontact="stefan.kuthan@freecom.at" createddate="2007-07-06 09:49:24.0" updateddate="2007-07-06 09:49:24.0" PackOutVer="005">
<table Name="Dashboard Content" ADTableNameID="PA_DashboardContent" ADWindowNameID="Dashboard Content Edit" POWindowNameID="" ADValRuleNameID="" AccessLevel="1" Description="" EntityType="U" Help="" ImportTable="N" isChangeLog="false" isActive="true" isDeleteable="true" isHighVolume="false" isSecurityEnabled="false" isView="false" LoadSeq="" ReplicationType="L" TableName="PA_DashboardContent">
<reference name="String" Description="Character String" EntityType="D" Help="" Name="String" isActive="true" VFormat="" ValidationType="D"/>
<column ADColumnNameID="Name" ADProcessNameID="" ADElementNameID="Name" ADReferenceNameID="String" ADReferenceNameValueID="" ADTableNameID="PA_DashboardContent" ADValRuleNameID="" Callout="" ColumnSQL="" ColumnName="Name" DefaultValue="" Description="Alphanumeric identifier of the entity" EntityType="U" FieldLength="120" Help="The name of an entity (record) is used as an default search option in addition to the search key. The name is up to 60 characters in length." isAlwaysUpdateable="false" isIdentifier="true" isKey="false" isMandatory="true" isParent="false" isSelectionColumn="false" isActive="true" isTranslated="false" isUpdateable="true" Name="Name" getIsSyncDatabase="Y" ReadOnlyLogic="" SeqNo="1" VFormat="" ValueMax="" ValueMin="" Version="0"/>
<reference name="Table Direct" Description="Direct Table Access" EntityType="D" Help="" Name="Table Direct" isActive="true" VFormat="" ValidationType="D"/>
<column ADColumnNameID="AD_Org_ID" ADProcessNameID="" ADElementNameID="Organization" ADReferenceNameID="Table Direct" ADReferenceNameValueID="" ADTableNameID="PA_DashboardContent" ADValRuleNameID="" Callout="" ColumnSQL="" ColumnName="AD_Org_ID" DefaultValue="" Description="Organizational entity within client" EntityType="U" FieldLength="10" Help="An organization is a unit of your client or legal entity - examples are store, department. You can share data between organizations." isAlwaysUpdateable="false" isIdentifier="false" isKey="false" isMandatory="true" isParent="false" isSelectionColumn="false" isActive="true" isTranslated="false" isUpdateable="false" Name="Organization" getIsSyncDatabase="Y" ReadOnlyLogic="" SeqNo="0" VFormat="" ValueMax="" ValueMin="" Version="0"/>
<reference name="Table Direct" Description="Direct Table Access" EntityType="D" Help="" Name="Table Direct" isActive="true" VFormat="" ValidationType="D"/>
<column ADColumnNameID="AD_Window_ID" ADProcessNameID="" ADElementNameID="Window" ADReferenceNameID="Table Direct" ADReferenceNameValueID="" ADTableNameID="PA_DashboardContent" ADValRuleNameID="" Callout="" ColumnSQL="" ColumnName="AD_Window_ID" DefaultValue="" Description="Data entry or display window" EntityType="U" FieldLength="22" Help="The Window field identifies a unique Window in the system." isAlwaysUpdateable="false" isIdentifier="false" isKey="false" isMandatory="false" isParent="false" isSelectionColumn="false" isActive="true" isTranslated="false" isUpdateable="true" Name="Window" getIsSyncDatabase="Y" ReadOnlyLogic="" SeqNo="0" VFormat="" ValueMax="" ValueMin="" Version="0"/>
<reference name="Date+Time" Description="Date with time" EntityType="D" Help="" Name="Date+Time" isActive="true" VFormat="" ValidationType="D"/>
<column ADColumnNameID="Created" ADProcessNameID="" ADElementNameID="Created" ADReferenceNameID="Date+Time" ADReferenceNameValueID="" ADTableNameID="PA_DashboardContent" ADValRuleNameID="" Callout="" ColumnSQL="" ColumnName="Created" DefaultValue="" Description="Date this record was created" EntityType="U" FieldLength="7" Help="The Created field indicates the date that this record was created." isAlwaysUpdateable="false" isIdentifier="false" isKey="false" isMandatory="true" isParent="false" isSelectionColumn="false" isActive="true" isTranslated="false" isUpdateable="false" Name="Created" getIsSyncDatabase="Y" ReadOnlyLogic="" SeqNo="0" VFormat="" ValueMax="" ValueMin="" Version="0"/>
<reference name="Table" Description="Table List" EntityType="D" Help="" Name="Table" isActive="true" VFormat="" ValidationType="D"/>
<reference name="AD_User" Description="User selection" EntityType="D" Help="" Name="AD_User" isActive="true" VFormat="" ValidationType="T">
<referencetable ADRefenceNameID="AD_User" ADTableNameID="AD_User" ADDisplay="Name" Key="AD_User_ID" EntityType="D" IsValueDisplayed="N" OrderByClause="AD_User.Name" isActive="Y" WhereClause=""/>
</reference>
<column ADColumnNameID="CreatedBy" ADProcessNameID="" ADElementNameID="Created By" ADReferenceNameID="Table" ADReferenceNameValueID="AD_User" ADTableNameID="PA_DashboardContent" ADValRuleNameID="" Callout="" ColumnSQL="" ColumnName="CreatedBy" DefaultValue="" Description="User who created this records" EntityType="U" FieldLength="10" Help="The Created By field indicates the user who created this record." isAlwaysUpdateable="false" isIdentifier="false" isKey="false" isMandatory="true" isParent="false" isSelectionColumn="false" isActive="true" isTranslated="false" isUpdateable="false" Name="Created By" getIsSyncDatabase="Y" ReadOnlyLogic="" SeqNo="0" VFormat="" ValueMax="" ValueMin="" Version="0"/>
<reference name="String" Description="Character String" EntityType="D" Help="" Name="String" isActive="true" VFormat="" ValidationType="D"/>
<column ADColumnNameID="Description" ADProcessNameID="" ADElementNameID="Description" ADReferenceNameID="String" ADReferenceNameValueID="" ADTableNameID="PA_DashboardContent" ADValRuleNameID="" Callout="" ColumnSQL="" ColumnName="Description" DefaultValue="" Description="Optional short description of the record" EntityType="U" FieldLength="255" Help="A description is limited to 255 characters." isAlwaysUpdateable="false" isIdentifier="false" isKey="false" isMandatory="false" isParent="false" isSelectionColumn="false" isActive="true" isTranslated="false" isUpdateable="true" Name="Description" getIsSyncDatabase="Y" ReadOnlyLogic="" SeqNo="0" VFormat="" ValueMax="" ValueMin="" Version="0"/>
<reference name="Table" Description="Table List" EntityType="D" Help="" Name="Table" isActive="true" VFormat="" ValidationType="D"/>
<reference name="AD_User" Description="User selection" EntityType="D" Help="" Name="AD_User" isActive="true" VFormat="" ValidationType="T">
<referencetable ADRefenceNameID="AD_User" ADTableNameID="AD_User" ADDisplay="Name" Key="AD_User_ID" EntityType="D" IsValueDisplayed="N" OrderByClause="AD_User.Name" isActive="Y" WhereClause=""/>
</reference>
<column ADColumnNameID="UpdatedBy" ADProcessNameID="" ADElementNameID="Updated By" ADReferenceNameID="Table" ADReferenceNameValueID="AD_User" ADTableNameID="PA_DashboardContent" ADValRuleNameID="" Callout="" ColumnSQL="" ColumnName="UpdatedBy" DefaultValue="" Description="User who updated this records" EntityType="U" FieldLength="10" Help="The Updated By field indicates the user who updated this record." isAlwaysUpdateable="false" isIdentifier="false" isKey="false" isMandatory="true" isParent="false" isSelectionColumn="false" isActive="true" isTranslated="false" isUpdateable="false" Name="Updated By" getIsSyncDatabase="Y" ReadOnlyLogic="" SeqNo="0" VFormat="" ValueMax="" ValueMin="" Version="0"/>
<reference name="Text Long" Description="Text (Long) - Text &gt; 2000 characters" EntityType="D" Help="" Name="Text Long" isActive="true" VFormat="" ValidationType="D"/>
<column ADColumnNameID="HTML" ADProcessNameID="" ADElementNameID="HTML" ADReferenceNameID="Text Long" ADReferenceNameValueID="" ADTableNameID="PA_DashboardContent" ADValRuleNameID="" Callout="" ColumnSQL="" ColumnName="HTML" DefaultValue="" Description="" EntityType="U" FieldLength="0" Help="" isAlwaysUpdateable="false" isIdentifier="false" isKey="false" isMandatory="false" isParent="false" isSelectionColumn="false" isActive="true" isTranslated="false" isUpdateable="true" Name="HTML" getIsSyncDatabase="Y" ReadOnlyLogic="" SeqNo="0" VFormat="" ValueMax="" ValueMin="" Version="0"/>
<reference name="Yes-No" Description="CheckBox" EntityType="D" Help="" Name="Yes-No" isActive="true" VFormat="" ValidationType="D"/>
<column ADColumnNameID="IsActive" ADProcessNameID="" ADElementNameID="Active" ADReferenceNameID="Yes-No" ADReferenceNameValueID="" ADTableNameID="PA_DashboardContent" ADValRuleNameID="" Callout="" ColumnSQL="" ColumnName="IsActive" DefaultValue="" Description="The record is active in the system" EntityType="U" FieldLength="1" Help="There are two methods of making records unavailable in the system: One is to delete the record, the other is to de-activate the record. A de-activated record is not available for selection, but available for reports.&#10;There are two reasons for de-activating and not deleting records:&#10;(1) The system requires the record for audit purposes.&#10;(2) The record is referenced by other records. E.g., you cannot delete a Business Partner, if there are invoices for this partner record existing. You de-activate the Business Partner and prevent that this record is used for future entries." isAlwaysUpdateable="false" isIdentifier="false" isKey="false" isMandatory="true" isParent="false" isSelectionColumn="false" isActive="true" isTranslated="false" isUpdateable="true" Name="Active" getIsSyncDatabase="Y" ReadOnlyLogic="" SeqNo="0" VFormat="" ValueMax="" ValueMin="" Version="0"/>
<reference name="Number" Description="Float Number" EntityType="D" Help="" Name="Number" isActive="true" VFormat="" ValidationType="D"/>
<column ADColumnNameID="Line" ADProcessNameID="" ADElementNameID="Line No" ADReferenceNameID="Number" ADReferenceNameValueID="" ADTableNameID="PA_DashboardContent" ADValRuleNameID="" Callout="" ColumnSQL="" ColumnName="Line" DefaultValue="" Description="Unique line for this document" EntityType="U" FieldLength="22" Help="Indicates the unique line for a document.  It will also control the display order of the lines within a document." isAlwaysUpdateable="false" isIdentifier="false" isKey="false" isMandatory="false" isParent="false" isSelectionColumn="false" isActive="true" isTranslated="false" isUpdateable="true" Name="Line No" getIsSyncDatabase="Y" ReadOnlyLogic="" SeqNo="0" VFormat="" ValueMax="" ValueMin="" Version="0"/>
<reference name="Table Direct" Description="Direct Table Access" EntityType="D" Help="" Name="Table Direct" isActive="true" VFormat="" ValidationType="D"/>
<column ADColumnNameID="PA_Goal_ID" ADProcessNameID="" ADElementNameID="Goal" ADReferenceNameID="Table Direct" ADReferenceNameValueID="" ADTableNameID="PA_DashboardContent" ADValRuleNameID="" Callout="" ColumnSQL="" ColumnName="PA_Goal_ID" DefaultValue="" Description="Performance Goal" EntityType="U" FieldLength="22" Help="The Performance Goal indicates what this users performance will be measured against." isAlwaysUpdateable="false" isIdentifier="false" isKey="false" isMandatory="false" isParent="false" isSelectionColumn="false" isActive="true" isTranslated="false" isUpdateable="true" Name="Goal" getIsSyncDatabase="Y" ReadOnlyLogic="" SeqNo="0" VFormat="" ValueMax="" ValueMin="" Version="0"/>
<reference name="Date+Time" Description="Date with time" EntityType="D" Help="" Name="Date+Time" isActive="true" VFormat="" ValidationType="D"/>
<column ADColumnNameID="Updated" ADProcessNameID="" ADElementNameID="Updated" ADReferenceNameID="Date+Time" ADReferenceNameValueID="" ADTableNameID="PA_DashboardContent" ADValRuleNameID="" Callout="" ColumnSQL="" ColumnName="Updated" DefaultValue="" Description="Date this record was updated" EntityType="U" FieldLength="7" Help="The Updated field indicates the date that this record was updated." isAlwaysUpdateable="false" isIdentifier="false" isKey="false" isMandatory="true" isParent="false" isSelectionColumn="false" isActive="true" isTranslated="false" isUpdateable="false" Name="Updated" getIsSyncDatabase="Y" ReadOnlyLogic="" SeqNo="0" VFormat="" ValueMax="" ValueMin="" Version="0"/>
<reference name="Table Direct" Description="Direct Table Access" EntityType="D" Help="" Name="Table Direct" isActive="true" VFormat="" ValidationType="D"/>
<column ADColumnNameID="AD_Client_ID" ADProcessNameID="" ADElementNameID="Client" ADReferenceNameID="Table Direct" ADReferenceNameValueID="" ADTableNameID="PA_DashboardContent" ADValRuleNameID="" Callout="" ColumnSQL="" ColumnName="AD_Client_ID" DefaultValue="" Description="Client/Tenant for this installation." EntityType="U" FieldLength="10" Help="A Client is a company or a legal entity. You cannot share data between Clients. Tenant is a synonym for Client." isAlwaysUpdateable="false" isIdentifier="false" isKey="false" isMandatory="true" isParent="false" isSelectionColumn="false" isActive="true" isTranslated="false" isUpdateable="false" Name="Client" getIsSyncDatabase="Y" ReadOnlyLogic="" SeqNo="0" VFormat="" ValueMax="" ValueMin="" Version="0"/>
<reference name="ID" Description="10 Digit Identifier" EntityType="D" Help="" Name="ID" isActive="true" VFormat="" ValidationType="D"/>
<column ADColumnNameID="PA_DashboardContent_ID" ADProcessNameID="" ADElementNameID="Dashboard Content" ADReferenceNameID="ID" ADReferenceNameValueID="" ADTableNameID="PA_DashboardContent" ADValRuleNameID="" Callout="" ColumnSQL="" ColumnName="PA_DashboardContent_ID" DefaultValue="" Description="" EntityType="U" FieldLength="10" Help="" isAlwaysUpdateable="false" isIdentifier="false" isKey="true" isMandatory="true" isParent="false" isSelectionColumn="false" isActive="true" isTranslated="false" isUpdateable="false" Name="Dashboard Content" getIsSyncDatabase="Y" ReadOnlyLogic="" SeqNo="0" VFormat="" ValueMax="" ValueMin="" Version="0"/>
</table>
<window ADWindowNameID="Dashboard Content Edit" ADImageNameID="Dashboard Content Edit" ADColorNameID="Dashboard Content Edit" Description="" EntityType="U" Help="" isBetaFunctionality="false" isDefault="false" isSOTrx="true" isActive="true" Name="Dashboard Content Edit" isProcessing="false" WinHeight="" WinWidth="" WindowType="M">
<tab Name="Edit" ADColumnSortOrderNameID="" ADColumnSortYesNoNameID="" ADColumnNameID="" ADImageNameID="" ADProcessNameID="" ADTabNameID="Edit" ADTableNameID="PA_DashboardContent" ADWindowNameID="Dashboard Content Edit" IncludedTabNameID="" CommitWarning="" Description="" EntityType="U" isHasTree="false" Help="" isInfoTab="false" isReadOnly="false" isSingleRow="true" isSortTab="false" isActive="true" IsTranslationTab="false" OrderByClause="" isProcessing="false" SeqNo="10" TabLevel="0" WhereClause="" ReadOnlyLogic="" DisplayLogic="" isInsertRecord="true" isAdvancedTab="false" Syncfields="false">
<field ADColumnNameID="AD_Client_ID" ADTableNameID="PA_DashboardContent" ADFieldGroupNameID="" ADFieldNameID="Client" ADTabNameID="Edit" ADWindowNameID="Dashboard Content Edit" EntityType="U" Name="Client" SameLine="false" isCentrallyMaintained="true" Displayed="true" isActive="true" isEncrypted="false" isFieldOnly="false" isHeading="false" isReadOnly="false" SeqNo="10" DisplayLength="10" Description="Client/Tenant for this installation." Help="A Client is a company or a legal entity. You cannot share data between Clients. Tenant is a synonym for Client." SortNo="0" DisplayLogic="" ObscureType=""/>
<field ADColumnNameID="AD_Org_ID" ADTableNameID="PA_DashboardContent" ADFieldGroupNameID="" ADFieldNameID="Organization" ADTabNameID="Edit" ADWindowNameID="Dashboard Content Edit" EntityType="U" Name="Organization" SameLine="true" isCentrallyMaintained="true" Displayed="true" isActive="true" isEncrypted="false" isFieldOnly="false" isHeading="false" isReadOnly="false" SeqNo="20" DisplayLength="10" Description="Organizational entity within client" Help="An organization is a unit of your client or legal entity - examples are store, department. You can share data between organizations." SortNo="0" DisplayLogic="" ObscureType=""/>
<field ADColumnNameID="Name" ADTableNameID="PA_DashboardContent" ADFieldGroupNameID="" ADFieldNameID="Name" ADTabNameID="Edit" ADWindowNameID="Dashboard Content Edit" EntityType="U" Name="Name" SameLine="false" isCentrallyMaintained="true" Displayed="true" isActive="true" isEncrypted="false" isFieldOnly="false" isHeading="false" isReadOnly="false" SeqNo="30" DisplayLength="120" Description="Alphanumeric identifier of the entity" Help="The name of an entity (record) is used as an default search option in addition to the search key. The name is up to 60 characters in length." SortNo="0" DisplayLogic="" ObscureType=""/>
<field ADColumnNameID="IsActive" ADTableNameID="PA_DashboardContent" ADFieldGroupNameID="" ADFieldNameID="Active" ADTabNameID="Edit" ADWindowNameID="Dashboard Content Edit" EntityType="U" Name="Active" SameLine="false" isCentrallyMaintained="true" Displayed="true" isActive="true" isEncrypted="false" isFieldOnly="false" isHeading="false" isReadOnly="false" SeqNo="40" DisplayLength="1" Description="The record is active in the system" Help="There are two methods of making records unavailable in the system: One is to delete the record, the other is to de-activate the record. A de-activated record is not available for selection, but available for reports.&#10;There are two reasons for de-activating and not deleting records:&#10;(1) The system requires the record for audit purposes.&#10;(2) The record is referenced by other records. E.g., you cannot delete a Business Partner, if there are invoices for this partner record existing. You de-activate the Business Partner and prevent that this record is used for future entries." SortNo="0" DisplayLogic="" ObscureType=""/>
<field ADColumnNameID="Line" ADTableNameID="PA_DashboardContent" ADFieldGroupNameID="" ADFieldNameID="Line No" ADTabNameID="Edit" ADWindowNameID="Dashboard Content Edit" EntityType="U" Name="Line No" SameLine="true" isCentrallyMaintained="true" Displayed="true" isActive="true" isEncrypted="false" isFieldOnly="false" isHeading="false" isReadOnly="false" SeqNo="50" DisplayLength="22" Description="Unique line for this document" Help="Indicates the unique line for a document.  It will also control the display order of the lines within a document." SortNo="0" DisplayLogic="" ObscureType=""/>
<field ADColumnNameID="Description" ADTableNameID="PA_DashboardContent" ADFieldGroupNameID="" ADFieldNameID="Description" ADTabNameID="Edit" ADWindowNameID="Dashboard Content Edit" EntityType="U" Name="Description" SameLine="false" isCentrallyMaintained="true" Displayed="true" isActive="true" isEncrypted="false" isFieldOnly="false" isHeading="false" isReadOnly="false" SeqNo="60" DisplayLength="255" Description="Optional short description of the record" Help="A description is limited to 255 characters." SortNo="0" DisplayLogic="" ObscureType=""/>
<field ADColumnNameID="HTML" ADTableNameID="PA_DashboardContent" ADFieldGroupNameID="" ADFieldNameID="HTML" ADTabNameID="Edit" ADWindowNameID="Dashboard Content Edit" EntityType="U" Name="HTML" SameLine="false" isCentrallyMaintained="true" Displayed="true" isActive="true" isEncrypted="false" isFieldOnly="false" isHeading="false" isReadOnly="false" SeqNo="70" DisplayLength="0" Description="" Help="" SortNo="0" DisplayLogic="" ObscureType=""/>
<field ADColumnNameID="PA_Goal_ID" ADTableNameID="PA_DashboardContent" ADFieldGroupNameID="" ADFieldNameID="Goal" ADTabNameID="Edit" ADWindowNameID="Dashboard Content Edit" EntityType="U" Name="Goal" SameLine="false" isCentrallyMaintained="true" Displayed="true" isActive="true" isEncrypted="false" isFieldOnly="false" isHeading="false" isReadOnly="false" SeqNo="80" DisplayLength="22" Description="Performance Goal" Help="The Performance Goal indicates what this users performance will be measured against." SortNo="0" DisplayLogic="" ObscureType=""/>
<field ADColumnNameID="AD_Window_ID" ADTableNameID="PA_DashboardContent" ADFieldGroupNameID="" ADFieldNameID="Window" ADTabNameID="Edit" ADWindowNameID="Dashboard Content Edit" EntityType="U" Name="Window" SameLine="true" isCentrallyMaintained="true" Displayed="true" isActive="true" isEncrypted="false" isFieldOnly="false" isHeading="false" isReadOnly="false" SeqNo="90" DisplayLength="22" Description="Data entry or display window" Help="The Window field identifies a unique Window in the system." SortNo="0" DisplayLogic="" ObscureType=""/>
<field ADColumnNameID="PA_DashboardContent_ID" ADTableNameID="PA_DashboardContent" ADFieldGroupNameID="" ADFieldNameID="Dashboard Content" ADTabNameID="Edit" ADWindowNameID="Dashboard Content Edit" EntityType="U" Name="Dashboard Content" SameLine="false" isCentrallyMaintained="true" Displayed="false" isActive="true" isEncrypted="false" isFieldOnly="false" isHeading="false" isReadOnly="false" SeqNo="0" DisplayLength="10" Description="" Help="" SortNo="0" DisplayLogic="" ObscureType=""/>
</tab>
</window>
<menu ADMenuNameID="Dashboard Content Edit" ADWindowNameID="Dashboard Content Edit" ADProcessNameID="" ADFormNameID="" ADTaskNameID="" ADWorkbenchNameID="" ADWorkflowNameID="" ADParentMenuNameID="Organization Rules" ADParentSeqno="0" Action="W" Description="" EntityType="U" isActive="true" isReadOnly="false" isSOTrx="false" isSummary="false">
<window ADWindowNameID="Dashboard Content Edit" ADImageNameID="Dashboard Content Edit" ADColorNameID="Dashboard Content Edit" Description="" EntityType="U" Help="" isBetaFunctionality="false" isDefault="false" isSOTrx="true" isActive="true" Name="Dashboard Content Edit" isProcessing="false" WinHeight="" WinWidth="" WindowType="M">
<tab Name="Edit" ADColumnSortOrderNameID="" ADColumnSortYesNoNameID="" ADColumnNameID="" ADImageNameID="" ADProcessNameID="" ADTabNameID="Edit" ADTableNameID="PA_DashboardContent" ADWindowNameID="Dashboard Content Edit" IncludedTabNameID="" CommitWarning="" Description="" EntityType="U" isHasTree="false" Help="" isInfoTab="false" isReadOnly="false" isSingleRow="true" isSortTab="false" isActive="true" IsTranslationTab="false" OrderByClause="" isProcessing="false" SeqNo="10" TabLevel="0" WhereClause="" ReadOnlyLogic="" DisplayLogic="" isInsertRecord="true" isAdvancedTab="false" Syncfields="false">
<field ADColumnNameID="AD_Client_ID" ADTableNameID="PA_DashboardContent" ADFieldGroupNameID="" ADFieldNameID="Client" ADTabNameID="Edit" ADWindowNameID="Dashboard Content Edit" EntityType="U" Name="Client" SameLine="false" isCentrallyMaintained="true" Displayed="true" isActive="true" isEncrypted="false" isFieldOnly="false" isHeading="false" isReadOnly="false" SeqNo="10" DisplayLength="10" Description="Client/Tenant for this installation." Help="A Client is a company or a legal entity. You cannot share data between Clients. Tenant is a synonym for Client." SortNo="0" DisplayLogic="" ObscureType=""/>
<field ADColumnNameID="AD_Org_ID" ADTableNameID="PA_DashboardContent" ADFieldGroupNameID="" ADFieldNameID="Organization" ADTabNameID="Edit" ADWindowNameID="Dashboard Content Edit" EntityType="U" Name="Organization" SameLine="true" isCentrallyMaintained="true" Displayed="true" isActive="true" isEncrypted="false" isFieldOnly="false" isHeading="false" isReadOnly="false" SeqNo="20" DisplayLength="10" Description="Organizational entity within client" Help="An organization is a unit of your client or legal entity - examples are store, department. You can share data between organizations." SortNo="0" DisplayLogic="" ObscureType=""/>
<field ADColumnNameID="Name" ADTableNameID="PA_DashboardContent" ADFieldGroupNameID="" ADFieldNameID="Name" ADTabNameID="Edit" ADWindowNameID="Dashboard Content Edit" EntityType="U" Name="Name" SameLine="false" isCentrallyMaintained="true" Displayed="true" isActive="true" isEncrypted="false" isFieldOnly="false" isHeading="false" isReadOnly="false" SeqNo="30" DisplayLength="120" Description="Alphanumeric identifier of the entity" Help="The name of an entity (record) is used as an default search option in addition to the search key. The name is up to 60 characters in length." SortNo="0" DisplayLogic="" ObscureType=""/>
<field ADColumnNameID="IsActive" ADTableNameID="PA_DashboardContent" ADFieldGroupNameID="" ADFieldNameID="Active" ADTabNameID="Edit" ADWindowNameID="Dashboard Content Edit" EntityType="U" Name="Active" SameLine="false" isCentrallyMaintained="true" Displayed="true" isActive="true" isEncrypted="false" isFieldOnly="false" isHeading="false" isReadOnly="false" SeqNo="40" DisplayLength="1" Description="The record is active in the system" Help="There are two methods of making records unavailable in the system: One is to delete the record, the other is to de-activate the record. A de-activated record is not available for selection, but available for reports.&#10;There are two reasons for de-activating and not deleting records:&#10;(1) The system requires the record for audit purposes.&#10;(2) The record is referenced by other records. E.g., you cannot delete a Business Partner, if there are invoices for this partner record existing. You de-activate the Business Partner and prevent that this record is used for future entries." SortNo="0" DisplayLogic="" ObscureType=""/>
<field ADColumnNameID="Line" ADTableNameID="PA_DashboardContent" ADFieldGroupNameID="" ADFieldNameID="Line No" ADTabNameID="Edit" ADWindowNameID="Dashboard Content Edit" EntityType="U" Name="Line No" SameLine="true" isCentrallyMaintained="true" Displayed="true" isActive="true" isEncrypted="false" isFieldOnly="false" isHeading="false" isReadOnly="false" SeqNo="50" DisplayLength="22" Description="Unique line for this document" Help="Indicates the unique line for a document.  It will also control the display order of the lines within a document." SortNo="0" DisplayLogic="" ObscureType=""/>
<field ADColumnNameID="Description" ADTableNameID="PA_DashboardContent" ADFieldGroupNameID="" ADFieldNameID="Description" ADTabNameID="Edit" ADWindowNameID="Dashboard Content Edit" EntityType="U" Name="Description" SameLine="false" isCentrallyMaintained="true" Displayed="true" isActive="true" isEncrypted="false" isFieldOnly="false" isHeading="false" isReadOnly="false" SeqNo="60" DisplayLength="255" Description="Optional short description of the record" Help="A description is limited to 255 characters." SortNo="0" DisplayLogic="" ObscureType=""/>
<field ADColumnNameID="HTML" ADTableNameID="PA_DashboardContent" ADFieldGroupNameID="" ADFieldNameID="HTML" ADTabNameID="Edit" ADWindowNameID="Dashboard Content Edit" EntityType="U" Name="HTML" SameLine="false" isCentrallyMaintained="true" Displayed="true" isActive="true" isEncrypted="false" isFieldOnly="false" isHeading="false" isReadOnly="false" SeqNo="70" DisplayLength="0" Description="" Help="" SortNo="0" DisplayLogic="" ObscureType=""/>
<field ADColumnNameID="PA_Goal_ID" ADTableNameID="PA_DashboardContent" ADFieldGroupNameID="" ADFieldNameID="Goal" ADTabNameID="Edit" ADWindowNameID="Dashboard Content Edit" EntityType="U" Name="Goal" SameLine="false" isCentrallyMaintained="true" Displayed="true" isActive="true" isEncrypted="false" isFieldOnly="false" isHeading="false" isReadOnly="false" SeqNo="80" DisplayLength="22" Description="Performance Goal" Help="The Performance Goal indicates what this users performance will be measured against." SortNo="0" DisplayLogic="" ObscureType=""/>
<field ADColumnNameID="AD_Window_ID" ADTableNameID="PA_DashboardContent" ADFieldGroupNameID="" ADFieldNameID="Window" ADTabNameID="Edit" ADWindowNameID="Dashboard Content Edit" EntityType="U" Name="Window" SameLine="true" isCentrallyMaintained="true" Displayed="true" isActive="true" isEncrypted="false" isFieldOnly="false" isHeading="false" isReadOnly="false" SeqNo="90" DisplayLength="22" Description="Data entry or display window" Help="The Window field identifies a unique Window in the system." SortNo="0" DisplayLogic="" ObscureType=""/>
<field ADColumnNameID="PA_DashboardContent_ID" ADTableNameID="PA_DashboardContent" ADFieldGroupNameID="" ADFieldNameID="Dashboard Content" ADTabNameID="Edit" ADWindowNameID="Dashboard Content Edit" EntityType="U" Name="Dashboard Content" SameLine="false" isCentrallyMaintained="true" Displayed="false" isActive="true" isEncrypted="false" isFieldOnly="false" isHeading="false" isReadOnly="false" SeqNo="0" DisplayLength="10" Description="" Help="" SortNo="0" DisplayLogic="" ObscureType=""/>
</tab>
</window>
</menu>
<menuset/>
</adempiereAD>
