<?xml version="1.0" encoding="ISO-8859-1"?>
<?xml-stylesheet type="text/css" href="compiereDocument.css"?>

<compiereDocument>
<header>CopyAcct Package Description</header>
<H1>Package Name:</H1>
<packagename>CopyAcct</packagename>
<H1>Creator:</H1>
<creator>Rob Klein</creator>
<H1>Email Address:</H1>
<creatorcontact>RobeKlein@gmail.com</creatorcontact>
<H1>Created:</H1>
<createddate>2006-04-29 18:26:18.0</createddate>
<H1>Updated:</H1>
<updateddate>2006-05-17 02:58:59.0</updateddate>
<H1>Description:</H1>
<description>Creates valid combinations in batch</description>
<H1>Instructions:</H1>
<instructions>1.Create a packages directory under {COMPIERE_HOME}
2.Expand Copy Account package into the newly created directory
3.Under the {COMPIERE_HOME}\packages\CopyAcct directory adjust the compiere.dir value in Cp_Acct_build.xml for the appropriate {COMPIERE_HOME}setting
4.Under the {COMPIERE_HOME}\packages\CopyAcct directory execute Cp_Acct_Run_BuildJar
5.After install give security access to Copy Accounts window and C_Copy_Accounts process to the appropriate user
6.Resign on using the appropriate user to start using package</instructions>
<H1>Files in Package:</H1>
<file>File: PackOut.xml</file>
<filedirectory>Directory: \dict\</filedirectory>
<filenotes>Notes: Contains all application/object settings for package</filenotes>
<file>File: PackInHandler.java</file>
<filedirectory>Directory: \src\dictsrc\Release 2.5.3b\</filedirectory>
<filenotes>Notes: This file contains the necessary code to support importing the application/settings.</filenotes>
<file>File: PackIn.java</file>
<filedirectory>Directory: \src\dictsrc\Release 2.5.3b\</filedirectory>
<filenotes>Notes: This file contains the necessary code to support importing the application/settings.</filenotes>
<file>File: GenericPO.java</file>
<filedirectory>Directory: \src\dictsrc\Release 2.5.3b\</filedirectory>
<filenotes>Notes: This file contains the necessary code to support importing the application/settings.</filenotes>
<file>File: PackIn.java</file>
<filedirectory>Directory: \src\dictsrc\Release 2.5.2f\</filedirectory>
<filenotes>Notes: This file contains the necessary code to support importing the application/settings.</filenotes>
<file>File: PackInHandler.java</file>
<filedirectory>Directory: \src\dictsrc\Release 2.5.2f\</filedirectory>
<filenotes>Notes: This file contains the necessary code to support importing the application/settings.</filenotes>
<file>File: GenericPO.java</file>
<filedirectory>Directory: \src\dictsrc\Release 2.5.2f\</filedirectory>
<filenotes>Notes: This file contains the necessary code to support importing the application/settings.</filenotes>
<file>File: compiereDocument.css</file>
<filedirectory>Directory: \doc\</filedirectory>
<filenotes>Notes: This file is the style sheet is for FixedAssetExtDoc.xml that lists out the contents of the package</filenotes>
<file>File: PackInHandler.java</file>
<filedirectory>Directory: \src\dictsrc\Release 2.5.2e\</filedirectory>
<filenotes>Notes: This file contains the necessary code to support importing the application/settings.</filenotes>
<file>File: PackInHandler.java</file>
<filedirectory>Directory: \src\dictsrc\Release 2.5.2d\</filedirectory>
<filenotes>Notes: This file contains the necessary code to support importing the application/settings.</filenotes>
<file>File: PackIn.java</file>
<filedirectory>Directory: \src\dictsrc\Release 2.5.2d\</filedirectory>
<filenotes>Notes: This file contains the necessary code to support importing the application/settings.</filenotes>
<file>File: GenericPO.java</file>
<filedirectory>Directory: \src\dictsrc\Release 2.5.2d\</filedirectory>
<filenotes>Notes: This file contains the necessary code to support importing the application/settings.</filenotes>
<file>File: Cp_Acct_build.xml</file>
<filedirectory>Directory: \</filedirectory>
<filenotes>Notes: This file contains the necessary build file for Ant.</filenotes>
<file>File: Cp_Acct_Run_BuildJar.sh</file>
<filedirectory>Directory: \</filedirectory>
<filenotes>Notes: Execution of this file starts the build process for window based systems.</filenotes>
<file>File: Cp_Acct_Run_BuildJar.bat</file>
<filedirectory>Directory: \</filedirectory>
<filenotes>Notes: Execution of this file starts the build process for window based systems.</filenotes>
<file>File: GenerateModel_2Pack.java</file>
<filedirectory>Directory: \src\dictsrc\Release 2.5.2d\</filedirectory>
<filenotes>Notes: Execute this file to generate the model files.</filenotes>
<file>File: ant-swing.jar</file>
<filedirectory>Directory: \lib\</filedirectory>
<filenotes>Notes: needed for creating the log.</filenotes>
<file>File: OSLabs.gif</file>
<filedirectory>Directory: \</filedirectory>
<filenotes>Notes: This file contains the splash screen</filenotes>
<file>File: PackIn.java</file>
<filedirectory>Directory: \src\dictsrc\Release 2.5.2e\</filedirectory>
<filenotes>Notes: This file contains the necessary code to support importing the application/settings.</filenotes>
<file>File: GenericPO.java</file>
<filedirectory>Directory: \src\dictsrc\Release 2.5.2e\</filedirectory>
<filenotes>Notes: This file contains the necessary code to support importing the application/settings.</filenotes>
<file>File: PackInHandler.java</file>
<filedirectory>Directory: \src\dictsrc\Release 2.5.3a\</filedirectory>
<filenotes>Notes: This file contains the necessary code to support importing the application/settings.</filenotes>
<file>File: PackIn.java</file>
<filedirectory>Directory: \src\dictsrc\Release 2.5.3a\</filedirectory>
<filenotes>Notes: This file contains the necessary code to support importing the application/settings.</filenotes>
<file>File: GenericPO.java</file>
<filedirectory>Directory: \src\dictsrc\Release 2.5.3a\</filedirectory>
<filenotes>Notes: This file contains the necessary code to support importing the application/settings.</filenotes>
<file>File: GenerateModel_2Pack.java</file>
<filedirectory>Directory: \src\dictsrc\Release 2.5.2e\</filedirectory>
<filenotes>Notes: Execute this file to generate the model files.</filenotes>
<file>File: GenerateModel_2Pack.java</file>
<filedirectory>Directory: \src\dictsrc\Release 2.5.2f\</filedirectory>
<filenotes>Notes: Execute this file to generate the model files.</filenotes>
<file>File: GenerateModel_2Pack.java</file>
<filedirectory>Directory: \src\dictsrc\Release 2.5.3a\</filedirectory>
<filenotes>Notes: Execute this file to generate the model files.</filenotes>
<file>File: GenerateModel_2Pack.java</file>
<filedirectory>Directory: \src\dictsrc\Release 2.5.3b\</filedirectory>
<filenotes>Notes: Execute this file to generate the model files.</filenotes>
<file>File: CopyAccount.java</file>
<filedirectory>Directory: \src\appsrc\Release 2.5.3a\org\compiere\CopyAccounts\</filedirectory>
<filenotes>Notes: Contains the java code to copy the accounts</filenotes>
<file>File: CopyAccount.java</file>
<filedirectory>Directory: \src\appsrc\Release 2.5.2f\org\compiere\CopyAccounts\</filedirectory>
<filenotes>Notes: Contains the java code to copy the accounts</filenotes>
<file>File: CopyAccount.java</file>
<filedirectory>Directory: \src\appsrc\Release 2.5.2e\org\compiere\CopyAccounts\</filedirectory>
<filenotes>Notes: Contains the java code to copy the accounts</filenotes>
<file>File: CopyAccount.java</file>
<filedirectory>Directory: \src\appsrc\Release 2.5.2d\org\compiere\CopyAccounts\</filedirectory>
<filenotes>Notes: Contains the java code to copy the accounts</filenotes>
<file>File: blank.txt</file>
<filedirectory>Directory: \src\appsrc\Release 2.5.3a\org\compiere\model\</filedirectory>
<filenotes>Notes: Creates the model directory</filenotes>
<file>File: blank.txt</file>
<filedirectory>Directory: \src\appsrc\Release 2.5.3b\org\compiere\model\</filedirectory>
<filenotes>Notes: Creates the model directory</filenotes>
<file>File: blank.txt</file>
<filedirectory>Directory: \src\appsrc\Release 2.5.2d\org\compiere\model\</filedirectory>
<filenotes>Notes: Creates the model directory</filenotes>
<file>File: blank.txt</file>
<filedirectory>Directory: \src\appsrc\Release 2.5.2e\org\compiere\model\</filedirectory>
<filenotes>Notes: Creates the model directory</filenotes>
<file>File: blank.txt</file>
<filedirectory>Directory: \src\appsrc\Release 2.5.2f\org\compiere\model\</filedirectory>
<filenotes>Notes: Creates the model directory</filenotes>
<file>File: CopyAccount.java</file>
<filedirectory>Directory: \src\appsrc\Release 2.5.3b\org\compiere\CopyAccounts\</filedirectory>
<filenotes>Notes: Contains the java code to copy the accounts</filenotes>
</compiereDocument>
