<?xml version="1.0" encoding="ISO-8859-1"?>
<adempiereAD Name="CombinedAgingRevalue" Version="1" CompVer="all" DataBase="1" Description="." creator="tsnook@gbcsci.com" creatorcontact="tsnook@gbcsci.com" createddate="2013-09-19 17:33:22" updateddate="2013-09-19 18:11:27" PackOutVer="005">
    <process AD_Process_ID="53356" Name="Aging with payments (revalued)" ADWorkflowNameID="" ADProcessNameID="Aging with payments (revalued)" ADPrintFormatNameID="" ADReportViewNameID="T_CombinedAging" AccessLevel="3" Classname="org.compiere.process.CombinedAgingRevalue" Description="Aging Report with payments (revalued)" EntityType="U" Help="The aging report allows you to report on Open Items (Invoices and Payments) as at the date selected. Select the aging buckets, you want to have in your report. All amounts are converted to the currency of the select accounting schema, using the rate for the selected currency conversion type and as at the statement date. If you do not select a Statement Date, the system date is used. If you do not list the individual invoices, the Due Date is the earliest due date for the business partner and the Due Days are the average due days of all invoices.&lt;br&gt;&#10;" isBetaFunctionality="false" isDirectPrint="false" isReport="true" isActive="true" ProcedureName="" StatisticCount="0" StatisticSeconds="0" Value="RV_T_CombinedAgingRevalue" WorkflowValue="" ShowHelp="Y" JasperReport="">
        <reference AD_Reference_ID="19" name="Table Direct" Description="Direct Table Access" EntityType="D" Help="" Name="Table Direct" isActive="true" VFormat="" ValidationType="D"/>
        <processpara AD_Process_Para_ID="53863" Name="Accounting Schema" ADProcessValueID="RV_T_CombinedAgingRevalue" ADProcessParaNameID="Accounting Schema" ADElementNameID="C_AcctSchema_ID" ADReferenceNameID="Table Direct" ADReferenceValueNameID="" ADValRuleNameID="" ColumnName="C_AcctSchema_ID" DefaultValue="" DefaultValue2="" Description="" EntityType="U" Help="" isActive="true" VFormat="" ValueMax="" ValueMin="" SeqNo="10" FieldLength="0" isCentrallyMaintained="true" isMandatory="true" isRange="false"/>
        <processpara AD_Process_Para_ID="53864" Name="Currency Type" ADProcessValueID="RV_T_CombinedAgingRevalue" ADProcessParaNameID="Currency Type" ADElementNameID="C_ConversionType_ID" ADReferenceNameID="Table Direct" ADReferenceValueNameID="" ADValRuleNameID="" ColumnName="C_ConversionType_ID" DefaultValue="@SQL=SELECT C_ConversionType_ID AS DefaultValue FROM C_ConversionType WHERE Value = 'P'" DefaultValue2="" Description="Currency Conversion Rate Type" EntityType="U" Help="" isActive="true" VFormat="" ValueMax="" ValueMin="" SeqNo="20" FieldLength="22" isCentrallyMaintained="true" isMandatory="false" isRange="false"/>
        <reference AD_Reference_ID="15" name="Date" Description="Date mm/dd/yyyy" EntityType="D" Help="" Name="Date" isActive="true" VFormat="" ValidationType="D"/>
        <processpara AD_Process_Para_ID="53865" Name="Statement date" ADProcessValueID="RV_T_CombinedAgingRevalue" ADProcessParaNameID="Statement date" ADElementNameID="StatementDate" ADReferenceNameID="Date" ADReferenceValueNameID="" ADValRuleNameID="" ColumnName="StatementDate" DefaultValue="" DefaultValue2="" Description="Date of the statement" EntityType="U" Help="The Statement Date field defines the date of the statement." isActive="true" VFormat="" ValueMax="" ValueMin="" SeqNo="30" FieldLength="0" isCentrallyMaintained="true" isMandatory="false" isRange="false"/>
        <reference AD_Reference_ID="20" name="Yes-No" Description="CheckBox" EntityType="D" Help="" Name="Yes-No" isActive="true" VFormat="" ValidationType="D"/>
        <processpara AD_Process_Para_ID="53866" Name="Sales Transaction" ADProcessValueID="RV_T_CombinedAgingRevalue" ADProcessParaNameID="Sales Transaction" ADElementNameID="IsSOTrx" ADReferenceNameID="Yes-No" ADReferenceValueNameID="" ADValRuleNameID="" ColumnName="IsSOTrx" DefaultValue="Y" DefaultValue2="" Description="This is a Sales Transaction" EntityType="U" Help="The Sales Transaction checkbox indicates if this item is a Sales Transaction." isActive="true" VFormat="" ValueMax="" ValueMin="" SeqNo="40" FieldLength="0" isCentrallyMaintained="true" isMandatory="false" isRange="false"/>
        <processpara AD_Process_Para_ID="53867" Name="Business Partner Group" ADProcessValueID="RV_T_CombinedAgingRevalue" ADProcessParaNameID="Business Partner Group" ADElementNameID="C_BP_Group_ID" ADReferenceNameID="Table Direct" ADReferenceValueNameID="" ADValRuleNameID="" ColumnName="C_BP_Group_ID" DefaultValue="-1" DefaultValue2="" Description="Business Partner Group" EntityType="U" Help="The Business Partner Group provides a method of defining defaults to be used for individual Business Partners." isActive="true" VFormat="" ValueMax="" ValueMin="" SeqNo="50" FieldLength="0" isCentrallyMaintained="true" isMandatory="false" isRange="false"/>
        <dynvalrule AD_Val_Rule_ID="130" Name="AD_Org Trx Security validation" Code="AD_Org.AD_Org_ID &lt;&gt; 0  AND AD_Org.IsSummary='N'" Description="Not Summary - Not 0" EntityType="D" Type="S" isActive="true"/>
        <processpara AD_Process_Para_ID="53868" Name="Organisation" ADProcessValueID="RV_T_CombinedAgingRevalue" ADProcessParaNameID="Organisation" ADElementNameID="AD_Org_ID" ADReferenceNameID="Table Direct" ADReferenceValueNameID="" ADValRuleNameID="AD_Org Trx Security validation" ColumnName="AD_Org_ID" DefaultValue="-1" DefaultValue2="" Description="Organisational entity within client" EntityType="U" Help="An organisation is a unit of your client or legal entity - examples are store, department. You can share data between organisations." isActive="true" VFormat="" ValueMax="" ValueMin="" SeqNo="60" FieldLength="0" isCentrallyMaintained="true" isMandatory="false" isRange="false"/>
        <reference AD_Reference_ID="30" name="Search" Description="Search Field" EntityType="D" Help="" Name="Search" isActive="true" VFormat="" ValidationType="D"/>
        <processpara AD_Process_Para_ID="53869" Name="Business Partner " ADProcessValueID="RV_T_CombinedAgingRevalue" ADProcessParaNameID="Business Partner " ADElementNameID="C_BPartner_ID" ADReferenceNameID="Search" ADReferenceValueNameID="" ADValRuleNameID="" ColumnName="C_BPartner_ID" DefaultValue="" DefaultValue2="" Description="Identifies a Business Partner" EntityType="U" Help="A Business Partner is anyone with whom you transact.  This can include Vendor, Customer, Employee or Salesperson" isActive="true" VFormat="" ValueMax="" ValueMin="" SeqNo="70" FieldLength="0" isCentrallyMaintained="true" isMandatory="false" isRange="false"/>
        <processpara AD_Process_Para_ID="53870" Name="List Sources" ADProcessValueID="RV_T_CombinedAgingRevalue" ADProcessParaNameID="List Sources" ADElementNameID="" ADReferenceNameID="Yes-No" ADReferenceValueNameID="" ADValRuleNameID="" ColumnName="ListSources" DefaultValue="Y" DefaultValue2="" Description="List Report Line Sources" EntityType="U" Help="List the Source Accounts for Summary Accounts selected" isActive="true" VFormat="" ValueMax="" ValueMin="" SeqNo="80" FieldLength="0" isCentrallyMaintained="true" isMandatory="false" isRange="false"/>
        <processpara AD_Process_Para_ID="53871" Name="Include Payments" ADProcessValueID="RV_T_CombinedAgingRevalue" ADProcessParaNameID="Include Payments" ADElementNameID="IsIncludePayments" ADReferenceNameID="Yes-No" ADReferenceValueNameID="" ADValRuleNameID="" ColumnName="IsIncludePayments" DefaultValue="Y" DefaultValue2="" Description="Include payments in the aging report" EntityType="U" Help="" isActive="true" VFormat="" ValueMax="" ValueMin="" SeqNo="90" FieldLength="1" isCentrallyMaintained="true" isMandatory="false" isRange="false"/>
    </process>
</adempiereAD>
