<?xml version="1.0" encoding="ISO-8859-1"?><?xml-stylesheet type="text/css" href="adempiereDocument.css"?><adempiereDocument>
    <header>feature_2965 Package Description</header>
    <H1>Package Name:</H1>
    <packagename>feature_2965</packagename>
    <H1>Creator:</H1>
    <creator>rcapecce</creator>
    <H1>Email Address:</H1>
    <creatorcontact>raul.capecce@openupsolutions.c</creatorcontact>
    <H1>Created:</H1>
    <createddate>2020-02-01 21:37:30.0</createddate>
    <H1>Updated:</H1>
    <updateddate>2020-02-01 21:37:30.0</updateddate>
    <H1>Description:</H1>
    <description>Adding Tab, Table and Field support to Packout</description>
    <H1>Instructions:</H1>
    <instructions>Adding Tab, Table and Field support to Packout</instructions>
    <H1>Files in Package:</H1>
    <file>File: PackOut.xml</file>
    <filedirectory>Directory: \dict\</filedirectory>
    <filenotes>Notes: Contains all application/object settings for package</filenotes>
</adempiereDocument>
