Insert into AD_ELEMENT
   (AD_ELEMENT_ID, AD_CLIENT_ID, AD_ORG_ID, ISACTIVE, CREATED, CREATEDBY, UPDATED, UPDATEDBY, COLUMNNAME, ENTITYTYPE, NAME, PRINTNAME)
 Values
   (50001, 0, 0, 'Y', TO_DATE('12/11/2006 23:45:28', 'MM/DD/YYYY HH24:MI:SS'), 0, TO_DATE('12/11/2006 23:45:28', 'MM/DD/YYYY HH24:MI:SS'), 0, 'AD_PACKAGE_IMP_INST_ID', 'U', 'AD_PACKAGE_IMP_INST_ID', 'AD_PACKAGE_IMP_INST_ID');
Insert into AD_ELEMENT
   (AD_ELEMENT_ID, AD_CLIENT_ID, AD_ORG_ID, ISACTIVE, CREATED, CREATEDBY, UPDATED, UPDATEDBY, COLUMNNAME, ENTITYTYPE, NAME, PRINTNAME)
 Values
   (50002, 0, 0, 'Y', TO_DATE('12/11/2006 23:45:29', 'MM/DD/YYYY HH24:MI:SS'), 0, TO_DATE('12/11/2006 23:45:29', 'MM/DD/YYYY HH24:MI:SS'), 0, 'CreatedDate', 'U', 'CreatedDate', 'CreatedDate');
Insert into AD_ELEMENT
   (AD_ELEMENT_ID, AD_CLIENT_ID, AD_ORG_ID, ISACTIVE, CREATED, CREATEDBY, UPDATED, UPDATEDBY, COLUMNNAME, ENTITYTYPE, NAME, PRINTNAME)
 Values
   (50003, 0, 0, 'Y', TO_DATE('12/11/2006 23:45:29', 'MM/DD/YYYY HH24:MI:SS'), 0, TO_DATE('12/11/2006 23:45:29', 'MM/DD/YYYY HH24:MI:SS'), 0, 'PK_Version', 'U', 'PK_Version', 'PK_Version');
Insert into AD_ELEMENT
   (AD_ELEMENT_ID, AD_CLIENT_ID, AD_ORG_ID, ISACTIVE, CREATED, CREATEDBY, UPDATED, UPDATEDBY, COLUMNNAME, ENTITYTYPE, NAME, PRINTNAME)
 Values
   (50004, 0, 0, 'Y', TO_DATE('12/11/2006 23:45:31', 'MM/DD/YYYY HH24:MI:SS'), 0, TO_DATE('12/11/2006 23:45:31', 'MM/DD/YYYY HH24:MI:SS'), 0, 'UpdatedDate', 'U', 'UpdatedDate', 'UpdatedDate');
Insert into AD_ELEMENT
   (AD_ELEMENT_ID, AD_CLIENT_ID, AD_ORG_ID, ISACTIVE, CREATED, CREATEDBY, UPDATED, UPDATEDBY, COLUMNNAME, ENTITYTYPE, NAME, PRINTNAME)
 Values
   (50005, 0, 0, 'Y', TO_DATE('12/11/2006 23:45:34', 'MM/DD/YYYY HH24:MI:SS'), 0, TO_DATE('12/11/2006 23:45:34', 'MM/DD/YYYY HH24:MI:SS'), 0, 'Uninstall', 'U', 'Uninstall', 'Uninstall');
Insert into AD_ELEMENT
   (AD_ELEMENT_ID, AD_CLIENT_ID, AD_ORG_ID, ISACTIVE, CREATED, CREATEDBY, UPDATED, UPDATEDBY, COLUMNNAME, ENTITYTYPE, NAME, PRINTNAME)
 Values
   (50006, 0, 0, 'Y', TO_DATE('12/11/2006 23:45:35', 'MM/DD/YYYY HH24:MI:SS'), 0, TO_DATE('12/11/2006 23:45:35', 'MM/DD/YYYY HH24:MI:SS'), 0, 'PK_Status', 'U', 'PK_Status', 'PK_Status');
Insert into AD_ELEMENT
   (AD_ELEMENT_ID, AD_CLIENT_ID, AD_ORG_ID, ISACTIVE, CREATED, CREATEDBY, UPDATED, UPDATEDBY, COLUMNNAME, ENTITYTYPE, NAME, PRINTNAME)
 Values
   (50007, 0, 0, 'Y', TO_DATE('12/11/2006 23:45:35', 'MM/DD/YYYY HH24:MI:SS'), 0, TO_DATE('12/11/2006 23:45:35', 'MM/DD/YYYY HH24:MI:SS'), 0, 'Creator', 'U', 'Creator', 'Creator');
Insert into AD_ELEMENT
   (AD_ELEMENT_ID, AD_CLIENT_ID, AD_ORG_ID, ISACTIVE, CREATED, CREATEDBY, UPDATED, UPDATEDBY, COLUMNNAME, ENTITYTYPE, NAME, PRINTNAME)
 Values
   (50008, 0, 0, 'Y', TO_DATE('12/11/2006 23:45:37', 'MM/DD/YYYY HH24:MI:SS'), 0, TO_DATE('12/11/2006 23:45:37', 'MM/DD/YYYY HH24:MI:SS'), 0, 'CreatorContact', 'U', 'CreatorContact', 'CreatorContact');
Insert into AD_ELEMENT
   (AD_ELEMENT_ID, AD_CLIENT_ID, AD_ORG_ID, ISACTIVE, CREATED, CREATEDBY, UPDATED, UPDATEDBY, COLUMNNAME, ENTITYTYPE, NAME, PRINTNAME)
 Values
   (50009, 0, 0, 'Y', TO_DATE('12/11/2006 23:45:42', 'MM/DD/YYYY HH24:MI:SS'), 0, TO_DATE('12/11/2006 23:45:42', 'MM/DD/YYYY HH24:MI:SS'), 0, 'AD_Package_Imp_Backup_ID', 'U', 'AD_Package_Imp_Backup_ID', 'AD_Package_Imp_Backup_ID');
Insert into AD_ELEMENT
   (AD_ELEMENT_ID, AD_CLIENT_ID, AD_ORG_ID, ISACTIVE, CREATED, CREATEDBY, UPDATED, UPDATEDBY, COLUMNNAME, ENTITYTYPE, NAME, PRINTNAME)
 Values
   (50010, 0, 0, 'Y', TO_DATE('12/11/2006 23:45:43', 'MM/DD/YYYY HH24:MI:SS'), 0, TO_DATE('12/11/2006 23:45:43', 'MM/DD/YYYY HH24:MI:SS'), 0, 'AD_Package_Imp_Detail_ID', 'U', 'AD_Package_Imp_Detail_ID', 'AD_Package_Imp_Detail_ID');
Insert into AD_ELEMENT
   (AD_ELEMENT_ID, AD_CLIENT_ID, AD_ORG_ID, ISACTIVE, CREATED, CREATEDBY, UPDATED, UPDATEDBY, COLUMNNAME, ENTITYTYPE, NAME, PRINTNAME)
 Values
   (50011, 0, 0, 'Y', TO_DATE('12/11/2006 23:45:44', 'MM/DD/YYYY HH24:MI:SS'), 0, TO_DATE('12/11/2006 23:45:44', 'MM/DD/YYYY HH24:MI:SS'), 0, 'AD_Package_Imp_Org_Dir', 'U', 'AD_Package_Imp_Org_Dir', 'AD_Package_Imp_Org_Dir');
Insert into AD_ELEMENT
   (AD_ELEMENT_ID, AD_CLIENT_ID, AD_ORG_ID, ISACTIVE, CREATED, CREATEDBY, UPDATED, UPDATEDBY, COLUMNNAME, ENTITYTYPE, NAME, PRINTNAME)
 Values
   (50012, 0, 0, 'Y', TO_DATE('12/11/2006 23:45:49', 'MM/DD/YYYY HH24:MI:SS'), 0, TO_DATE('12/11/2006 23:45:49', 'MM/DD/YYYY HH24:MI:SS'), 0, 'ColValue', 'U', 'ColValue', 'ColValue');
Insert into AD_ELEMENT
   (AD_ELEMENT_ID, AD_CLIENT_ID, AD_ORG_ID, ISACTIVE, CREATED, CREATEDBY, UPDATED, UPDATEDBY, COLUMNNAME, ENTITYTYPE, NAME, PRINTNAME)
 Values
   (50013, 0, 0, 'Y', TO_DATE('12/11/2006 23:45:49', 'MM/DD/YYYY HH24:MI:SS'), 0, TO_DATE('12/11/2006 23:45:49', 'MM/DD/YYYY HH24:MI:SS'), 0, 'AD_Package_Imp_ID', 'U', 'AD_Package_Imp_ID', 'AD_Package_Imp_ID');
Insert into AD_ELEMENT
   (AD_ELEMENT_ID, AD_CLIENT_ID, AD_ORG_ID, ISACTIVE, CREATED, CREATEDBY, UPDATED, UPDATEDBY, COLUMNNAME, ENTITYTYPE, NAME, PRINTNAME)
 Values
   (50014, 0, 0, 'Y', TO_DATE('12/11/2006 23:45:51', 'MM/DD/YYYY HH24:MI:SS'), 0, TO_DATE('12/11/2006 23:45:51', 'MM/DD/YYYY HH24:MI:SS'), 0, 'AD_Package_Imp_Bck_Dir', 'U', 'AD_Package_Imp_Bck_Dir', 'AD_Package_Imp_Bck_Dir');
Insert into AD_ELEMENT
   (AD_ELEMENT_ID, AD_CLIENT_ID, AD_ORG_ID, ISACTIVE, CREATED, CREATEDBY, UPDATED, UPDATEDBY, COLUMNNAME, ENTITYTYPE, NAME, PRINTNAME)
 Values
   (50015, 0, 0, 'Y', TO_DATE('12/11/2006 23:46:10', 'MM/DD/YYYY HH24:MI:SS'), 0, TO_DATE('12/11/2006 23:46:10', 'MM/DD/YYYY HH24:MI:SS'), 0, 'AD_Original_ID', 'U', 'AD_Original_ID', 'AD_Original_ID');
Insert into AD_ELEMENT
   (AD_ELEMENT_ID, AD_CLIENT_ID, AD_ORG_ID, ISACTIVE, CREATED, CREATEDBY, UPDATED, UPDATEDBY, COLUMNNAME, ENTITYTYPE, NAME, PRINTNAME)
 Values
   (50016, 0, 0, 'Y', TO_DATE('12/11/2006 23:46:11', 'MM/DD/YYYY HH24:MI:SS'), 0, TO_DATE('12/11/2006 23:46:11', 'MM/DD/YYYY HH24:MI:SS'), 0, 'Ad_Backup_ID', 'U', 'Ad_Backup_ID', 'Ad_Backup_ID');
Insert into AD_ELEMENT
   (AD_ELEMENT_ID, AD_CLIENT_ID, AD_ORG_ID, ISACTIVE, CREATED, CREATEDBY, UPDATED, UPDATEDBY, COLUMNNAME, ENTITYTYPE, NAME, PRINTNAME)
 Values
   (50017, 0, 0, 'Y', TO_DATE('12/11/2006 23:46:13', 'MM/DD/YYYY HH24:MI:SS'), 0, TO_DATE('12/11/2006 23:46:13', 'MM/DD/YYYY HH24:MI:SS'), 0, 'Success', 'U', 'Success', 'Success');
Insert into AD_ELEMENT
   (AD_ELEMENT_ID, AD_CLIENT_ID, AD_ORG_ID, ISACTIVE, CREATED, CREATEDBY, UPDATED, UPDATEDBY, COLUMNNAME, ENTITYTYPE, NAME, PRINTNAME)
 Values
   (50018, 0, 0, 'Y', TO_DATE('12/11/2006 23:46:19', 'MM/DD/YYYY HH24:MI:SS'), 0, TO_DATE('12/11/2006 23:46:19', 'MM/DD/YYYY HH24:MI:SS'), 0, 'AD_Package_Exp_ID', 'U', 'AD_Package_Exp_ID', 'AD_Package_Exp_ID');
Insert into AD_ELEMENT
   (AD_ELEMENT_ID, AD_CLIENT_ID, AD_ORG_ID, ISACTIVE, CREATED, CREATEDBY, UPDATED, UPDATEDBY, COLUMNNAME, ENTITYTYPE, NAME, PRINTNAME)
 Values
   (50019, 0, 0, 'Y', TO_DATE('12/11/2006 23:46:20', 'MM/DD/YYYY HH24:MI:SS'), 0, TO_DATE('12/11/2006 23:46:20', 'MM/DD/YYYY HH24:MI:SS'), 0, 'AD_Package_Type', 'U', 'AD_Package_Type', 'AD_Package_Type');
Insert into AD_ELEMENT
   (AD_ELEMENT_ID, AD_CLIENT_ID, AD_ORG_ID, ISACTIVE, CREATED, CREATEDBY, UPDATED, UPDATEDBY, COLUMNNAME, ENTITYTYPE, NAME, PRINTNAME)
 Values
   (50020, 0, 0, 'Y', TO_DATE('12/11/2006 23:46:21', 'MM/DD/YYYY HH24:MI:SS'), 0, TO_DATE('12/11/2006 23:46:21', 'MM/DD/YYYY HH24:MI:SS'), 0, 'Instructions', 'U', 'Instructions', 'Instructions');
Insert into AD_ELEMENT
   (AD_ELEMENT_ID, AD_CLIENT_ID, AD_ORG_ID, ISACTIVE, CREATED, CREATEDBY, UPDATED, UPDATEDBY, COLUMNNAME, ENTITYTYPE, NAME, PRINTNAME)
 Values
   (50021, 0, 0, 'Y', TO_DATE('12/11/2006 23:46:21', 'MM/DD/YYYY HH24:MI:SS'), 0, TO_DATE('12/11/2006 23:46:21', 'MM/DD/YYYY HH24:MI:SS'), 0, 'PK_Name', 'U', 'PK_Name', 'PK_Name');
Insert into AD_ELEMENT
   (AD_ELEMENT_ID, AD_CLIENT_ID, AD_ORG_ID, ISACTIVE, CREATED, CREATEDBY, UPDATED, UPDATEDBY, COLUMNNAME, ENTITYTYPE, NAME, PRINTNAME)
 Values
   (50022, 0, 0, 'Y', TO_DATE('12/11/2006 23:46:27', 'MM/DD/YYYY HH24:MI:SS'), 0, TO_DATE('12/11/2006 23:46:27', 'MM/DD/YYYY HH24:MI:SS'), 0, 'File_Directory', 'U', 'File_Directory', 'File_Directory');
Insert into AD_ELEMENT
   (AD_ELEMENT_ID, AD_CLIENT_ID, AD_ORG_ID, ISACTIVE, CREATED, CREATEDBY, UPDATED, UPDATEDBY, COLUMNNAME, ENTITYTYPE, NAME, PRINTNAME)
 Values
   (50023, 0, 0, 'Y', TO_DATE('12/11/2006 23:46:34', 'MM/DD/YYYY HH24:MI:SS'), 0, TO_DATE('12/11/2006 23:46:34', 'MM/DD/YYYY HH24:MI:SS'), 0, 'AD_Package_Exp_Detail_ID', 'U', 'AD_Package_Exp_Detail_ID', 'AD_Package_Exp_Detail_ID');
Insert into AD_ELEMENT
   (AD_ELEMENT_ID, AD_CLIENT_ID, AD_ORG_ID, ISACTIVE, CREATED, CREATEDBY, UPDATED, UPDATEDBY, COLUMNNAME, ENTITYTYPE, NAME, PRINTNAME)
 Values
   (50024, 0, 0, 'Y', TO_DATE('12/11/2006 23:46:38', 'MM/DD/YYYY HH24:MI:SS'), 0, TO_DATE('12/11/2006 23:46:38', 'MM/DD/YYYY HH24:MI:SS'), 0, 'Destination_FileName', 'U', 'Destination_FileName', 'Destination_FileName');
Insert into AD_ELEMENT
   (AD_ELEMENT_ID, AD_CLIENT_ID, AD_ORG_ID, ISACTIVE, CREATED, CREATEDBY, UPDATED, UPDATEDBY, COLUMNNAME, ENTITYTYPE, NAME, PRINTNAME)
 Values
   (50025, 0, 0, 'Y', TO_DATE('12/11/2006 23:46:39', 'MM/DD/YYYY HH24:MI:SS'), 0, TO_DATE('12/11/2006 23:46:39', 'MM/DD/YYYY HH24:MI:SS'), 0, 'Destination_Directory', 'U', 'Destination_Directory', 'Destination_Directory');
Insert into AD_ELEMENT
   (AD_ELEMENT_ID, AD_CLIENT_ID, AD_ORG_ID, ISACTIVE, CREATED, CREATEDBY, UPDATED, UPDATEDBY, COLUMNNAME, ENTITYTYPE, NAME, PRINTNAME)
 Values
   (50026, 0, 0, 'Y', TO_DATE('12/11/2006 23:46:41', 'MM/DD/YYYY HH24:MI:SS'), 0, TO_DATE('12/11/2006 23:46:41', 'MM/DD/YYYY HH24:MI:SS'), 0, 'DBType', 'U', 'DBType', 'DBType');
Insert into AD_ELEMENT
   (AD_ELEMENT_ID, AD_CLIENT_ID, AD_ORG_ID, ISACTIVE, CREATED, CREATEDBY, UPDATED, UPDATEDBY, COLUMNNAME, ENTITYTYPE, NAME, PRINTNAME)
 Values
   (50027, 0, 0, 'Y', TO_DATE('12/11/2006 23:46:45', 'MM/DD/YYYY HH24:MI:SS'), 0, TO_DATE('12/11/2006 23:46:45', 'MM/DD/YYYY HH24:MI:SS'), 0, 'Target_Directory', 'U', 'Target_Directory', 'Target_Directory');
Insert into AD_ELEMENT
   (AD_ELEMENT_ID, AD_CLIENT_ID, AD_ORG_ID, ISACTIVE, CREATED, CREATEDBY, UPDATED, UPDATEDBY, COLUMNNAME, ENTITYTYPE, NAME, PRINTNAME)
 Values
   (50028, 0, 0, 'Y', TO_DATE('12/11/2006 23:46:46', 'MM/DD/YYYY HH24:MI:SS'), 0, TO_DATE('12/11/2006 23:46:46', 'MM/DD/YYYY HH24:MI:SS'), 0, 'SQLStatement', 'U', 'SQLStatement', 'SQLStatement');
Insert into AD_ELEMENT
   (AD_ELEMENT_ID, AD_CLIENT_ID, AD_ORG_ID, ISACTIVE, CREATED, CREATEDBY, UPDATED, UPDATEDBY, COLUMNNAME, ENTITYTYPE, NAME, PRINTNAME)
 Values
   (50029, 0, 0, 'Y', TO_DATE('12/11/2006 23:46:57', 'MM/DD/YYYY HH24:MI:SS'), 0, TO_DATE('12/11/2006 23:46:57', 'MM/DD/YYYY HH24:MI:SS'), 0, 'AD_Package_Code_New', 'U', 'AD_Package_Code_New', 'AD_Package_Code_New');
Insert into AD_ELEMENT
   (AD_ELEMENT_ID, AD_CLIENT_ID, AD_ORG_ID, ISACTIVE, CREATED, CREATEDBY, UPDATED, UPDATEDBY, COLUMNNAME, ENTITYTYPE, NAME, PRINTNAME)
 Values
   (50030, 0, 0, 'Y', TO_DATE('12/11/2006 23:46:57', 'MM/DD/YYYY HH24:MI:SS'), 0, TO_DATE('12/11/2006 23:46:57', 'MM/DD/YYYY HH24:MI:SS'), 0, 'AD_Package_Code_Old', 'U', 'AD_Package_Code_Old', 'AD_Package_Code_Old');
Insert into AD_ELEMENT
   (AD_ELEMENT_ID, AD_CLIENT_ID, AD_ORG_ID, ISACTIVE, CREATED, CREATEDBY, UPDATED, UPDATEDBY, COLUMNNAME, ENTITYTYPE, NAME, PRINTNAME)
 Values
   (50031, 0, 0, 'Y', TO_DATE('12/11/2006 23:47:05', 'MM/DD/YYYY HH24:MI:SS'), 0, TO_DATE('12/11/2006 23:47:05', 'MM/DD/YYYY HH24:MI:SS'), 0, 'AD_Package_Exp_Common_ID', 'U', 'AD_Package_Exp_Common_ID', 'AD_Package_Exp_Common_ID');
Insert into AD_ELEMENT
   (AD_ELEMENT_ID, AD_CLIENT_ID, AD_ORG_ID, ISACTIVE, CREATED, CREATEDBY, UPDATED, UPDATEDBY, COLUMNNAME, ENTITYTYPE, NAME, PRINTNAME)
 Values
   (50032, 0, 0, 'Y', TO_DATE('12/11/2006 23:47:42', 'MM/DD/YYYY HH24:MI:SS'), 0, TO_DATE('12/11/2006 23:47:42', 'MM/DD/YYYY HH24:MI:SS'), 0, 'AD_Override_Dict', 'U', 'AD_Override_Dict', 'AD_Override_Dict');
Insert into AD_ELEMENT
   (AD_ELEMENT_ID, AD_CLIENT_ID, AD_ORG_ID, ISACTIVE, CREATED, CREATEDBY, UPDATED, UPDATEDBY, COLUMNNAME, ENTITYTYPE, NAME, PRINTNAME)
 Values
   (50033, 0, 0, 'Y', TO_DATE('12/11/2006 23:47:43', 'MM/DD/YYYY HH24:MI:SS'), 0, TO_DATE('12/11/2006 23:47:43', 'MM/DD/YYYY HH24:MI:SS'), 0, 'AD_Package_Dir', 'U', 'AD_Package_Dir', 'AD_Package_Dir');
Insert into AD_ELEMENT
   (AD_ELEMENT_ID, AD_CLIENT_ID, AD_ORG_ID, ISACTIVE, CREATED, CREATEDBY, UPDATED, UPDATEDBY, COLUMNNAME, ENTITYTYPE, NAME, PRINTNAME)
 Values
   (50034, 0, 0, 'Y', TO_DATE('12/11/2006 23:47:43', 'MM/DD/YYYY HH24:MI:SS'), 0, TO_DATE('12/11/2006 23:47:43', 'MM/DD/YYYY HH24:MI:SS'), 0, 'AD_Package_Imp_Proc_ID', 'U', 'AD_Package_Imp_Proc_ID', 'AD_Package_Imp_Proc_ID');
Insert into AD_ELEMENT
   (AD_ELEMENT_ID, AD_CLIENT_ID, AD_ORG_ID, ISACTIVE, CREATED, CREATEDBY, UPDATED, UPDATEDBY, COLUMNNAME, ENTITYTYPE, NAME, PRINTNAME)
 Values
   (50035, 0, 0, 'Y', TO_DATE('12/11/2006 23:47:43', 'MM/DD/YYYY HH24:MI:SS'), 0, TO_DATE('12/11/2006 23:47:43', 'MM/DD/YYYY HH24:MI:SS'), 0, 'AD_Package_Source', 'U', 'AD_Package_Source', 'AD_Package_Source');
Insert into AD_ELEMENT
   (AD_ELEMENT_ID, AD_CLIENT_ID, AD_ORG_ID, ISACTIVE, CREATED, CREATEDBY, UPDATED, UPDATEDBY, COLUMNNAME, ENTITYTYPE, NAME, PRINTNAME)
 Values
   (50036, 0, 0, 'Y', TO_DATE('12/11/2006 23:47:44', 'MM/DD/YYYY HH24:MI:SS'), 0, TO_DATE('12/11/2006 23:47:44', 'MM/DD/YYYY HH24:MI:SS'), 0, 'AD_Package_Source_Type', 'U', 'AD_Package_Source_Type', 'AD_Package_Source_Type');
COMMIT;

Insert into AD_ROLE
   (AD_ROLE_ID, AD_CLIENT_ID, AD_ORG_ID, ISACTIVE, CREATED, CREATEDBY, UPDATED, NAME, UPDATEDBY, DESCRIPTION, USERLEVEL, AMTAPPROVAL, ISMANUAL, ISSHOWACCT, ISPERSONALLOCK, ISPERSONALACCESS, ISCANEXPORT, ISCANREPORT, ISCANAPPROVEOWNDOC, ISACCESSALLORGS, ISCHANGELOG, PREFERENCETYPE, OVERWRITEPRICELIMIT, ISUSEUSERORGACCESS, CONFIRMQUERYRECORDS, MAXQUERYRECORDS)
 Values
   (50001, 0, 0, 'Y', TO_DATE('12/11/2006 23:47:50', 'MM/DD/YYYY HH24:MI:SS'), 0, TO_DATE('12/12/2006 00:17:43', 'MM/DD/YYYY HH24:MI:SS'), 'Packaging User', 0, 'Packaging User', ' CO', 0, 'N', 'N', 'N', 'N', 'Y', 'Y', 'N', 'N', 'N', 'O', 'N', 'N', 0, 0);
COMMIT;

Insert into AD_REFERENCE
   (AD_REFERENCE_ID, AD_CLIENT_ID, AD_ORG_ID, ISACTIVE, CREATED, CREATEDBY, UPDATED, UPDATEDBY, NAME, DESCRIPTION, VALIDATIONTYPE, ENTITYTYPE)
 Values
   (50001, 0, 0, 'Y', TO_DATE('12/11/2006 23:46:19', 'MM/DD/YYYY HH24:MI:SS'), 0, TO_DATE('12/12/2006 00:07:56', 'MM/DD/YYYY HH24:MI:SS'), 0, 'AD_Package_Type', 'Defines the type of packages available', 'L', 'U');
Insert into AD_REFERENCE
   (AD_REFERENCE_ID, AD_CLIENT_ID, AD_ORG_ID, ISACTIVE, CREATED, CREATEDBY, UPDATED, UPDATEDBY, NAME, DESCRIPTION, HELP, VALIDATIONTYPE, ENTITYTYPE)
 Values
   (50002, 0, 0, 'Y', TO_DATE('12/11/2006 23:46:22', 'MM/DD/YYYY HH24:MI:SS'), 0, TO_DATE('12/12/2006 00:11:11', 'MM/DD/YYYY HH24:MI:SS'), 0, 'Package_Releases', 'List of Package Releases', 'Indicates what release the package is for.  Entering no specific release indicates the package is for all releases.', 'L', 'U');
Insert into AD_REFERENCE
   (AD_REFERENCE_ID, AD_CLIENT_ID, AD_ORG_ID, ISACTIVE, CREATED, CREATEDBY, UPDATED, UPDATEDBY, NAME, DESCRIPTION, HELP, VALIDATIONTYPE, ENTITYTYPE)
 Values
   (50003, 0, 0, 'Y', TO_DATE('12/11/2006 23:46:40', 'MM/DD/YYYY HH24:MI:SS'), 0, TO_DATE('12/12/2006 00:13:31', 'MM/DD/YYYY HH24:MI:SS'), 0, 'AD_Package_Exp_DB', 'List of database types', 'This is a list of database types used by the inbound packaging processing to determine if the sql statement is fired.', 'L', 'U');
Insert into AD_REFERENCE
   (AD_REFERENCE_ID, AD_CLIENT_ID, AD_ORG_ID, ISACTIVE, CREATED, CREATEDBY, UPDATED, UPDATEDBY, NAME, VALIDATIONTYPE, ENTITYTYPE)
 Values
   (50004, 0, 0, 'Y', TO_DATE('12/11/2006 23:46:43', 'MM/DD/YYYY HH24:MI:SS'), 0, TO_DATE('12/12/2006 00:14:08', 'MM/DD/YYYY HH24:MI:SS'), 0, 'AD_Package_Build_Type', 'L', 'U');
Insert into AD_REFERENCE
   (AD_REFERENCE_ID, AD_CLIENT_ID, AD_ORG_ID, ISACTIVE, CREATED, CREATEDBY, UPDATED, UPDATEDBY, NAME, DESCRIPTION, VALIDATIONTYPE, ENTITYTYPE)
 Values
   (50005, 0, 0, 'Y', TO_DATE('12/11/2006 23:47:44', 'MM/DD/YYYY HH24:MI:SS'), 0, TO_DATE('12/12/2006 00:16:27', 'MM/DD/YYYY HH24:MI:SS'), 0, 'AD_Package_Source_Type', 'List of package source types', 'L', 'U');
COMMIT;

Insert into AD_REF_LIST
   (AD_REF_LIST_ID, AD_CLIENT_ID, AD_ORG_ID, ISACTIVE, CREATED, CREATEDBY, UPDATED, UPDATEDBY, VALUE, NAME, DESCRIPTION, AD_REFERENCE_ID, ENTITYTYPE)
 Values
   (50001, 0, 0, 'N', TO_DATE('12/11/2006 23:46:20', 'MM/DD/YYYY HH24:MI:SS'), 0, TO_DATE('12/12/2006 00:07:57', 'MM/DD/YYYY HH24:MI:SS'), 0, 'L', 'Local Transfer', 'This type of transfer will transfer objects to the same Adempiere instance', 50001, 'U');
Insert into AD_REF_LIST
   (AD_REF_LIST_ID, AD_CLIENT_ID, AD_ORG_ID, ISACTIVE, CREATED, CREATEDBY, UPDATED, UPDATEDBY, VALUE, NAME, DESCRIPTION, AD_REFERENCE_ID, ENTITYTYPE)
 Values
   (50002, 0, 0, 'N', TO_DATE('12/11/2006 23:46:20', 'MM/DD/YYYY HH24:MI:SS'), 0, TO_DATE('12/12/2006 00:07:58', 'MM/DD/YYYY HH24:MI:SS'), 0, 'R', 'Remote Transfer', 'This type of transfer will transfer objects to another Adempiere installation accessible by network.', 50001, 'U');
Insert into AD_REF_LIST
   (AD_REF_LIST_ID, AD_CLIENT_ID, AD_ORG_ID, ISACTIVE, CREATED, CREATEDBY, UPDATED, UPDATEDBY, VALUE, NAME, DESCRIPTION, AD_REFERENCE_ID, ENTITYTYPE)
 Values
   (50003, 0, 0, 'Y', TO_DATE('12/11/2006 23:46:20', 'MM/DD/YYYY HH24:MI:SS'), 0, TO_DATE('12/12/2006 00:07:59', 'MM/DD/YYYY HH24:MI:SS'), 0, 'X', 'XML File', 'This type of transfer will create a XML file ', 50001, 'U');
Insert into AD_REF_LIST
   (AD_REF_LIST_ID, AD_CLIENT_ID, AD_ORG_ID, ISACTIVE, CREATED, CREATEDBY, UPDATED, UPDATEDBY, VALUE, NAME, DESCRIPTION, AD_REFERENCE_ID, ENTITYTYPE)
 Values
   (50004, 0, 0, 'Y', TO_DATE('12/11/2006 23:46:22', 'MM/DD/YYYY HH24:MI:SS'), 0, TO_DATE('12/12/2006 00:11:12', 'MM/DD/YYYY HH24:MI:SS'), 0, 'Release 2.5.2a', 'Release 2.5.2a', 'Release 2.5.2a', 50002, 'U');
Insert into AD_REF_LIST
   (AD_REF_LIST_ID, AD_CLIENT_ID, AD_ORG_ID, ISACTIVE, CREATED, CREATEDBY, UPDATED, UPDATEDBY, VALUE, NAME, DESCRIPTION, AD_REFERENCE_ID, ENTITYTYPE)
 Values
   (50005, 0, 0, 'Y', TO_DATE('12/11/2006 23:46:22', 'MM/DD/YYYY HH24:MI:SS'), 0, TO_DATE('12/12/2006 00:11:13', 'MM/DD/YYYY HH24:MI:SS'), 0, 'Release 2.5.2b', 'Release 2.5.2b', 'Release 2.5.2b', 50002, 'U');
Insert into AD_REF_LIST
   (AD_REF_LIST_ID, AD_CLIENT_ID, AD_ORG_ID, ISACTIVE, CREATED, CREATEDBY, UPDATED, UPDATEDBY, VALUE, NAME, DESCRIPTION, AD_REFERENCE_ID, ENTITYTYPE)
 Values
   (50006, 0, 0, 'Y', TO_DATE('12/11/2006 23:46:23', 'MM/DD/YYYY HH24:MI:SS'), 0, TO_DATE('12/12/2006 00:11:14', 'MM/DD/YYYY HH24:MI:SS'), 0, 'Release 2.5.2c', 'Release 2.5.2c', 'Release 2.5.2c', 50002, 'U');
Insert into AD_REF_LIST
   (AD_REF_LIST_ID, AD_CLIENT_ID, AD_ORG_ID, ISACTIVE, CREATED, CREATEDBY, UPDATED, UPDATEDBY, VALUE, NAME, DESCRIPTION, AD_REFERENCE_ID, ENTITYTYPE)
 Values
   (50007, 0, 0, 'Y', TO_DATE('12/11/2006 23:46:23', 'MM/DD/YYYY HH24:MI:SS'), 0, TO_DATE('12/12/2006 00:11:18', 'MM/DD/YYYY HH24:MI:SS'), 0, 'Release 2.5.2d', 'Release 2.5.2d', 'Release 2.5.2d', 50002, 'U');
Insert into AD_REF_LIST
   (AD_REF_LIST_ID, AD_CLIENT_ID, AD_ORG_ID, ISACTIVE, CREATED, CREATEDBY, UPDATED, UPDATEDBY, VALUE, NAME, DESCRIPTION, AD_REFERENCE_ID, ENTITYTYPE)
 Values
   (50008, 0, 0, 'Y', TO_DATE('12/11/2006 23:46:23', 'MM/DD/YYYY HH24:MI:SS'), 0, TO_DATE('12/12/2006 00:11:19', 'MM/DD/YYYY HH24:MI:SS'), 0, 'Release 2.5.2e', 'Release 2.5.2e', 'Release 2.5.2e', 50002, 'U');
Insert into AD_REF_LIST
   (AD_REF_LIST_ID, AD_CLIENT_ID, AD_ORG_ID, ISACTIVE, CREATED, CREATEDBY, UPDATED, UPDATEDBY, VALUE, NAME, DESCRIPTION, AD_REFERENCE_ID, ENTITYTYPE)
 Values
   (50009, 0, 0, 'Y', TO_DATE('12/11/2006 23:46:23', 'MM/DD/YYYY HH24:MI:SS'), 0, TO_DATE('12/12/2006 00:11:20', 'MM/DD/YYYY HH24:MI:SS'), 0, 'Release 2.5.3a', 'Release 2.5.3a', 'Release 2.5.3a', 50002, 'U');
Insert into AD_REF_LIST
   (AD_REF_LIST_ID, AD_CLIENT_ID, AD_ORG_ID, ISACTIVE, CREATED, CREATEDBY, UPDATED, UPDATEDBY, VALUE, NAME, DESCRIPTION, AD_REFERENCE_ID, ENTITYTYPE)
 Values
   (50010, 0, 0, 'Y', TO_DATE('12/11/2006 23:46:23', 'MM/DD/YYYY HH24:MI:SS'), 0, TO_DATE('12/12/2006 00:11:21', 'MM/DD/YYYY HH24:MI:SS'), 0, 'Release 2.5.3b', 'Release 2.5.3b', 'Release 2.5.3b', 50002, 'U');
Insert into AD_REF_LIST
   (AD_REF_LIST_ID, AD_CLIENT_ID, AD_ORG_ID, ISACTIVE, CREATED, CREATEDBY, UPDATED, UPDATEDBY, VALUE, NAME, DESCRIPTION, AD_REFERENCE_ID, ENTITYTYPE)
 Values
   (50011, 0, 0, 'Y', TO_DATE('12/11/2006 23:46:23', 'MM/DD/YYYY HH24:MI:SS'), 0, TO_DATE('12/12/2006 00:11:24', 'MM/DD/YYYY HH24:MI:SS'), 0, 'all', 'No specific release', 'No specific release', 50002, 'U');
Insert into AD_REF_LIST
   (AD_REF_LIST_ID, AD_CLIENT_ID, AD_ORG_ID, ISACTIVE, CREATED, CREATEDBY, UPDATED, UPDATEDBY, VALUE, NAME, DESCRIPTION, AD_REFERENCE_ID, ENTITYTYPE)
 Values
   (50012, 0, 0, 'Y', TO_DATE('12/11/2006 23:46:40', 'MM/DD/YYYY HH24:MI:SS'), 0, TO_DATE('12/12/2006 00:13:32', 'MM/DD/YYYY HH24:MI:SS'), 0, 'ALL', 'All Database Types', 'Use this when a SQL command syntax is the same between database types', 50003, 'U');
Insert into AD_REF_LIST
   (AD_REF_LIST_ID, AD_CLIENT_ID, AD_ORG_ID, ISACTIVE, CREATED, CREATEDBY, UPDATED, UPDATEDBY, VALUE, NAME, DESCRIPTION, AD_REFERENCE_ID, ENTITYTYPE)
 Values
   (50013, 0, 0, 'Y', TO_DATE('12/11/2006 23:46:40', 'MM/DD/YYYY HH24:MI:SS'), 0, TO_DATE('12/12/2006 00:13:32', 'MM/DD/YYYY HH24:MI:SS'), 0, 'DB2', 'DB2', 'DB2 Database', 50003, 'U');
Insert into AD_REF_LIST
   (AD_REF_LIST_ID, AD_CLIENT_ID, AD_ORG_ID, ISACTIVE, CREATED, CREATEDBY, UPDATED, UPDATEDBY, VALUE, NAME, DESCRIPTION, AD_REFERENCE_ID, ENTITYTYPE)
 Values
   (50014, 0, 0, 'Y', TO_DATE('12/11/2006 23:46:40', 'MM/DD/YYYY HH24:MI:SS'), 0, TO_DATE('12/12/2006 00:13:33', 'MM/DD/YYYY HH24:MI:SS'), 0, 'Firebird', 'Firebird', 'Firebird Database', 50003, 'U');
Insert into AD_REF_LIST
   (AD_REF_LIST_ID, AD_CLIENT_ID, AD_ORG_ID, ISACTIVE, CREATED, CREATEDBY, UPDATED, UPDATEDBY, VALUE, NAME, DESCRIPTION, AD_REFERENCE_ID, ENTITYTYPE)
 Values
   (50015, 0, 0, 'Y', TO_DATE('12/11/2006 23:46:41', 'MM/DD/YYYY HH24:MI:SS'), 0, TO_DATE('12/12/2006 00:13:34', 'MM/DD/YYYY HH24:MI:SS'), 0, 'MySQL', 'MySQL', 'MySQL Database', 50003, 'U');
Insert into AD_REF_LIST
   (AD_REF_LIST_ID, AD_CLIENT_ID, AD_ORG_ID, ISACTIVE, CREATED, CREATEDBY, UPDATED, UPDATEDBY, VALUE, NAME, DESCRIPTION, AD_REFERENCE_ID, ENTITYTYPE)
 Values
   (50016, 0, 0, 'Y', TO_DATE('12/11/2006 23:46:41', 'MM/DD/YYYY HH24:MI:SS'), 0, TO_DATE('12/12/2006 00:13:35', 'MM/DD/YYYY HH24:MI:SS'), 0, 'Oracle', 'Oracle', 'Oracle Database', 50003, 'U');
Insert into AD_REF_LIST
   (AD_REF_LIST_ID, AD_CLIENT_ID, AD_ORG_ID, ISACTIVE, CREATED, CREATEDBY, UPDATED, UPDATEDBY, VALUE, NAME, DESCRIPTION, AD_REFERENCE_ID, ENTITYTYPE)
 Values
   (50017, 0, 0, 'Y', TO_DATE('12/11/2006 23:46:41', 'MM/DD/YYYY HH24:MI:SS'), 0, TO_DATE('12/12/2006 00:13:37', 'MM/DD/YYYY HH24:MI:SS'), 0, 'Postgres', 'Postgres', 'Postgres Database', 50003, 'U');
Insert into AD_REF_LIST
   (AD_REF_LIST_ID, AD_CLIENT_ID, AD_ORG_ID, ISACTIVE, CREATED, CREATEDBY, UPDATED, UPDATEDBY, VALUE, NAME, DESCRIPTION, AD_REFERENCE_ID, ENTITYTYPE)
 Values
   (50018, 0, 0, 'Y', TO_DATE('12/11/2006 23:46:41', 'MM/DD/YYYY HH24:MI:SS'), 0, TO_DATE('12/12/2006 00:13:38', 'MM/DD/YYYY HH24:MI:SS'), 0, 'SQL', 'SQL Server', 'SQL Server Database', 50003, 'U');
Insert into AD_REF_LIST
   (AD_REF_LIST_ID, AD_CLIENT_ID, AD_ORG_ID, ISACTIVE, CREATED, CREATEDBY, UPDATED, UPDATEDBY, VALUE, NAME, DESCRIPTION, AD_REFERENCE_ID, ENTITYTYPE)
 Values
   (50019, 0, 0, 'Y', TO_DATE('12/11/2006 23:46:41', 'MM/DD/YYYY HH24:MI:SS'), 0, TO_DATE('12/12/2006 00:13:38', 'MM/DD/YYYY HH24:MI:SS'), 0, 'Sybase', 'Sybase', 'Sybase Database', 50003, 'U');
Insert into AD_REF_LIST
   (AD_REF_LIST_ID, AD_CLIENT_ID, AD_ORG_ID, ISACTIVE, CREATED, CREATEDBY, UPDATED, UPDATEDBY, VALUE, NAME, AD_REFERENCE_ID, ENTITYTYPE)
 Values
   (50020, 0, 0, 'Y', TO_DATE('12/11/2006 23:46:43', 'MM/DD/YYYY HH24:MI:SS'), 0, TO_DATE('12/12/2006 00:14:09', 'MM/DD/YYYY HH24:MI:SS'), 0, 'B', 'Workbench', 50004, 'U');
Insert into AD_REF_LIST
   (AD_REF_LIST_ID, AD_CLIENT_ID, AD_ORG_ID, ISACTIVE, CREATED, CREATEDBY, UPDATED, UPDATEDBY, VALUE, NAME, AD_REFERENCE_ID, ENTITYTYPE)
 Values
   (50021, 0, 0, 'Y', TO_DATE('12/11/2006 23:46:43', 'MM/DD/YYYY HH24:MI:SS'), 0, TO_DATE('12/12/2006 00:14:10', 'MM/DD/YYYY HH24:MI:SS'), 0, 'C', 'File - Code or other', 50004, 'U');
Insert into AD_REF_LIST
   (AD_REF_LIST_ID, AD_CLIENT_ID, AD_ORG_ID, ISACTIVE, CREATED, CREATEDBY, UPDATED, UPDATEDBY, VALUE, NAME, AD_REFERENCE_ID, ENTITYTYPE)
 Values
   (50022, 0, 0, 'Y', TO_DATE('12/11/2006 23:46:43', 'MM/DD/YYYY HH24:MI:SS'), 0, TO_DATE('12/12/2006 00:14:11', 'MM/DD/YYYY HH24:MI:SS'), 0, 'D', 'Data', 50004, 'U');
Insert into AD_REF_LIST
   (AD_REF_LIST_ID, AD_CLIENT_ID, AD_ORG_ID, ISACTIVE, CREATED, CREATEDBY, UPDATED, UPDATEDBY, VALUE, NAME, AD_REFERENCE_ID, ENTITYTYPE)
 Values
   (50023, 0, 0, 'Y', TO_DATE('12/11/2006 23:46:43', 'MM/DD/YYYY HH24:MI:SS'), 0, TO_DATE('12/12/2006 00:14:12', 'MM/DD/YYYY HH24:MI:SS'), 0, 'F', 'Workflow', 50004, 'U');
Insert into AD_REF_LIST
   (AD_REF_LIST_ID, AD_CLIENT_ID, AD_ORG_ID, ISACTIVE, CREATED, CREATEDBY, UPDATED, UPDATEDBY, VALUE, NAME, DESCRIPTION, AD_REFERENCE_ID, ENTITYTYPE)
 Values
   (50024, 0, 0, 'Y', TO_DATE('12/11/2006 23:46:44', 'MM/DD/YYYY HH24:MI:SS'), 0, TO_DATE('12/12/2006 00:14:13', 'MM/DD/YYYY HH24:MI:SS'), 0, 'IMP', 'Import Format', 'Exports Import Format', 50004, 'U');
Insert into AD_REF_LIST
   (AD_REF_LIST_ID, AD_CLIENT_ID, AD_ORG_ID, ISACTIVE, CREATED, CREATEDBY, UPDATED, UPDATEDBY, VALUE, NAME, AD_REFERENCE_ID, ENTITYTYPE)
 Values
   (50025, 0, 0, 'Y', TO_DATE('12/11/2006 23:46:44', 'MM/DD/YYYY HH24:MI:SS'), 0, TO_DATE('12/12/2006 00:14:14', 'MM/DD/YYYY HH24:MI:SS'), 0, 'M', 'Application or Module', 50004, 'U');
Insert into AD_REF_LIST
   (AD_REF_LIST_ID, AD_CLIENT_ID, AD_ORG_ID, ISACTIVE, CREATED, CREATEDBY, UPDATED, UPDATEDBY, VALUE, NAME, AD_REFERENCE_ID, ENTITYTYPE)
 Values
   (50026, 0, 0, 'Y', TO_DATE('12/11/2006 23:46:44', 'MM/DD/YYYY HH24:MI:SS'), 0, TO_DATE('12/12/2006 00:14:14', 'MM/DD/YYYY HH24:MI:SS'), 0, 'P', 'Process/Report', 50004, 'U');
Insert into AD_REF_LIST
   (AD_REF_LIST_ID, AD_CLIENT_ID, AD_ORG_ID, ISACTIVE, CREATED, CREATEDBY, UPDATED, UPDATEDBY, VALUE, NAME, AD_REFERENCE_ID, ENTITYTYPE)
 Values
   (50027, 0, 0, 'Y', TO_DATE('12/11/2006 23:46:44', 'MM/DD/YYYY HH24:MI:SS'), 0, TO_DATE('12/12/2006 00:14:15', 'MM/DD/YYYY HH24:MI:SS'), 0, 'R', 'ReportView', 50004, 'U');
Insert into AD_REF_LIST
   (AD_REF_LIST_ID, AD_CLIENT_ID, AD_ORG_ID, ISACTIVE, CREATED, CREATEDBY, UPDATED, UPDATEDBY, VALUE, NAME, AD_REFERENCE_ID, ENTITYTYPE)
 Values
   (50028, 0, 0, 'Y', TO_DATE('12/11/2006 23:46:44', 'MM/DD/YYYY HH24:MI:SS'), 0, TO_DATE('12/12/2006 00:14:16', 'MM/DD/YYYY HH24:MI:SS'), 0, 'S', 'Role', 50004, 'U');
Insert into AD_REF_LIST
   (AD_REF_LIST_ID, AD_CLIENT_ID, AD_ORG_ID, ISACTIVE, CREATED, CREATEDBY, UPDATED, UPDATEDBY, VALUE, NAME, DESCRIPTION, AD_REFERENCE_ID, ENTITYTYPE)
 Values
   (50029, 0, 0, 'Y', TO_DATE('12/11/2006 23:46:44', 'MM/DD/YYYY HH24:MI:SS'), 0, TO_DATE('12/12/2006 00:14:17', 'MM/DD/YYYY HH24:MI:SS'), 0, 'SNI', 'Code Snipit', 'Replace a code snipit with in a file', 50004, 'U');
Insert into AD_REF_LIST
   (AD_REF_LIST_ID, AD_CLIENT_ID, AD_ORG_ID, ISACTIVE, CREATED, CREATEDBY, UPDATED, UPDATEDBY, VALUE, NAME, AD_REFERENCE_ID, ENTITYTYPE)
 Values
   (50030, 0, 0, 'Y', TO_DATE('12/11/2006 23:46:44', 'MM/DD/YYYY HH24:MI:SS'), 0, TO_DATE('12/12/2006 00:14:18', 'MM/DD/YYYY HH24:MI:SS'), 0, 'SQL', 'SQL Statement', 50004, 'U');
Insert into AD_REF_LIST
   (AD_REF_LIST_ID, AD_CLIENT_ID, AD_ORG_ID, ISACTIVE, CREATED, CREATEDBY, UPDATED, UPDATEDBY, VALUE, NAME, AD_REFERENCE_ID, ENTITYTYPE)
 Values
   (50031, 0, 0, 'Y', TO_DATE('12/11/2006 23:46:44', 'MM/DD/YYYY HH24:MI:SS'), 0, TO_DATE('12/12/2006 00:14:19', 'MM/DD/YYYY HH24:MI:SS'), 0, 'T', 'Table', 50004, 'U');
Insert into AD_REF_LIST
   (AD_REF_LIST_ID, AD_CLIENT_ID, AD_ORG_ID, ISACTIVE, CREATED, CREATEDBY, UPDATED, UPDATEDBY, VALUE, NAME, AD_REFERENCE_ID, ENTITYTYPE)
 Values
   (50032, 0, 0, 'Y', TO_DATE('12/11/2006 23:46:45', 'MM/DD/YYYY HH24:MI:SS'), 0, TO_DATE('12/12/2006 00:14:20', 'MM/DD/YYYY HH24:MI:SS'), 0, 'W', 'Window', 50004, 'U');
Insert into AD_REF_LIST
   (AD_REF_LIST_ID, AD_CLIENT_ID, AD_ORG_ID, ISACTIVE, CREATED, CREATEDBY, UPDATED, UPDATEDBY, VALUE, NAME, AD_REFERENCE_ID, ENTITYTYPE)
 Values
   (50033, 0, 0, 'Y', TO_DATE('12/11/2006 23:46:45', 'MM/DD/YYYY HH24:MI:SS'), 0, TO_DATE('12/12/2006 00:14:21', 'MM/DD/YYYY HH24:MI:SS'), 0, 'X', 'Form', 50004, 'U');
Insert into AD_REF_LIST
   (AD_REF_LIST_ID, AD_CLIENT_ID, AD_ORG_ID, ISACTIVE, CREATED, CREATEDBY, UPDATED, UPDATEDBY, VALUE, NAME, DESCRIPTION, AD_REFERENCE_ID, ENTITYTYPE)
 Values
   (50034, 0, 0, 'Y', TO_DATE('12/11/2006 23:47:44', 'MM/DD/YYYY HH24:MI:SS'), 0, TO_DATE('12/12/2006 00:16:28', 'MM/DD/YYYY HH24:MI:SS'), 0, 'File', 'File', 'Package is file based', 50005, 'U');
Insert into AD_REF_LIST
   (AD_REF_LIST_ID, AD_CLIENT_ID, AD_ORG_ID, ISACTIVE, CREATED, CREATEDBY, UPDATED, UPDATEDBY, VALUE, NAME, DESCRIPTION, AD_REFERENCE_ID, ENTITYTYPE)
 Values
   (50035, 0, 0, 'N', TO_DATE('12/11/2006 23:47:44', 'MM/DD/YYYY HH24:MI:SS'), 0, TO_DATE('12/12/2006 00:16:29', 'MM/DD/YYYY HH24:MI:SS'), 0, 'WS', 'WebService', 'Package is available via WebService', 50005, 'U');
COMMIT;

Insert into AD_PROCESS
   (AD_PROCESS_ID, AD_CLIENT_ID, AD_ORG_ID, ISACTIVE, CREATED, CREATEDBY, UPDATED, UPDATEDBY, VALUE, NAME, ACCESSLEVEL, ENTITYTYPE, ISREPORT, ISDIRECTPRINT, CLASSNAME, STATISTIC_COUNT, STATISTIC_SECONDS, ISBETAFUNCTIONALITY, ISSERVERPROCESS)
 Values
   (50002, 0, 0, 'Y', TO_DATE('12/11/2006 23:45:57', 'MM/DD/YYYY HH24:MI:SS'), 0, TO_DATE('12/12/2006 00:05:14', 'MM/DD/YYYY HH24:MI:SS'), 0, 'PackRoll', 'PackRoll', '4', 'U', 'N', 'N', 'org.compiere.PackOut.PackRoll', 0, 0, 'N', 'N');
Insert into AD_PROCESS
   (AD_PROCESS_ID, AD_CLIENT_ID, AD_ORG_ID, ISACTIVE, CREATED, CREATEDBY, UPDATED, UPDATEDBY, VALUE, NAME, DESCRIPTION, ACCESSLEVEL, ENTITYTYPE, ISREPORT, ISDIRECTPRINT, CLASSNAME, STATISTIC_COUNT, STATISTIC_SECONDS, ISBETAFUNCTIONALITY, ISSERVERPROCESS)
 Values
   (50004, 0, 0, 'Y', TO_DATE('12/11/2006 23:46:25', 'MM/DD/YYYY HH24:MI:SS'), 0, TO_DATE('12/12/2006 00:08:39', 'MM/DD/YYYY HH24:MI:SS'), 0, 'PackOut', 'PackOut', 'Process to create package export', '7', 'U', 'N', 'N', 'org.compiere.PackOut.PackOut', 0, 0, 'N', 'N');
Insert into AD_PROCESS
   (AD_PROCESS_ID, AD_CLIENT_ID, AD_ORG_ID, ISACTIVE, CREATED, CREATEDBY, UPDATED, UPDATEDBY, VALUE, NAME, DESCRIPTION, ACCESSLEVEL, ENTITYTYPE, ISREPORT, ISDIRECTPRINT, CLASSNAME, STATISTIC_COUNT, STATISTIC_SECONDS, ISBETAFUNCTIONALITY, ISSERVERPROCESS)
 Values
   (50006, 0, 0, 'Y', TO_DATE('12/11/2006 23:46:37', 'MM/DD/YYYY HH24:MI:SS'), 0, TO_DATE('12/12/2006 00:10:12', 'MM/DD/YYYY HH24:MI:SS'), 0, 'File_Select', 'File_Select', 'Select a file', '7', 'U', 'N', 'N', 'com.compiere.packbuilder.Select_File', 0, 0, 'N', 'N');
Insert into AD_PROCESS
   (AD_PROCESS_ID, AD_CLIENT_ID, AD_ORG_ID, ISACTIVE, CREATED, CREATEDBY, UPDATED, UPDATEDBY, VALUE, NAME, DESCRIPTION, HELP, ACCESSLEVEL, ENTITYTYPE, ISREPORT, ISDIRECTPRINT, CLASSNAME, STATISTIC_COUNT, STATISTIC_SECONDS, ISBETAFUNCTIONALITY, ISSERVERPROCESS)
 Values
   (50008, 0, 0, 'Y', TO_DATE('12/11/2006 23:47:46', 'MM/DD/YYYY HH24:MI:SS'), 0, TO_DATE('12/12/2006 00:16:43', 'MM/DD/YYYY HH24:MI:SS'), 0, 'PackIn', 'PackIn', 'Import Package', 'Import a package', '7', 'U', 'N', 'N', 'org.compiere.PackOut.IntPackIn', 0, 0, 'N', 'N');
Insert into AD_PROCESS
   (AD_PROCESS_ID, AD_CLIENT_ID, AD_ORG_ID, ISACTIVE, CREATED, CREATEDBY, UPDATED, UPDATEDBY, VALUE, NAME, DESCRIPTION, ACCESSLEVEL, ENTITYTYPE, ISREPORT, ISDIRECTPRINT, CLASSNAME, STATISTIC_COUNT, STATISTIC_SECONDS, ISBETAFUNCTIONALITY, ISSERVERPROCESS)
 Values
   (50010, 0, 0, 'Y', TO_DATE('12/11/2006 23:47:49', 'MM/DD/YYYY HH24:MI:SS'), 0, TO_DATE('12/12/2006 00:22:02', 'MM/DD/YYYY HH24:MI:SS'), 0, 'CopyRole', 'CopyRole', 'Copy Role', '7', 'U', 'N', 'N', 'org.compiere.process.CopyRole', 1, 1, 'N', 'N');
COMMIT;

Insert into AD_PROCESS_PARA
   (AD_PROCESS_PARA_ID, AD_CLIENT_ID, AD_ORG_ID, ISACTIVE, CREATED, CREATEDBY, UPDATED, UPDATEDBY, NAME, AD_PROCESS_ID, SEQNO, AD_REFERENCE_ID, COLUMNNAME, ISCENTRALLYMAINTAINED, FIELDLENGTH, ISMANDATORY, ISRANGE, AD_ELEMENT_ID, ENTITYTYPE)
 Values
   (50001, 0, 0, 'Y', TO_DATE('12/11/2006 23:47:49', 'MM/DD/YYYY HH24:MI:SS'), 0, TO_DATE('12/12/2006 00:17:35', 'MM/DD/YYYY HH24:MI:SS'), 0, 'From Role', 50010, 10, 19, 'AD_Role_ID', 'Y', 0, 'Y', 'N', 123, 'U');
Insert into AD_PROCESS_PARA
   (AD_PROCESS_PARA_ID, AD_CLIENT_ID, AD_ORG_ID, ISACTIVE, CREATED, CREATEDBY, UPDATED, UPDATEDBY, NAME, AD_PROCESS_ID, SEQNO, AD_REFERENCE_ID, COLUMNNAME, ISCENTRALLYMAINTAINED, FIELDLENGTH, ISMANDATORY, ISRANGE, AD_ELEMENT_ID, ENTITYTYPE)
 Values
   (50002, 0, 0, 'Y', TO_DATE('12/11/2006 23:47:49', 'MM/DD/YYYY HH24:MI:SS'), 0, TO_DATE('12/12/2006 00:17:37', 'MM/DD/YYYY HH24:MI:SS'), 0, 'To Role', 50010, 10, 19, 'AD_Role_ID', 'Y', 0, 'Y', 'N', 123, 'U');
Insert into AD_PROCESS_PARA
   (AD_PROCESS_PARA_ID, AD_CLIENT_ID, AD_ORG_ID, ISACTIVE, CREATED, CREATEDBY, UPDATED, UPDATEDBY, NAME, DESCRIPTION, AD_PROCESS_ID, SEQNO, AD_REFERENCE_ID, COLUMNNAME, ISCENTRALLYMAINTAINED, FIELDLENGTH, ISMANDATORY, ISRANGE, AD_ELEMENT_ID, ENTITYTYPE)
 Values
   (50003, 0, 0, 'Y', TO_DATE('12/11/2006 23:47:50', 'MM/DD/YYYY HH24:MI:SS'), 0, TO_DATE('12/12/2006 00:17:39', 'MM/DD/YYYY HH24:MI:SS'), 0, 'Client', 'Client', 50010, 20, 19, 'AD_Client_ID', 'Y', 0, 'N', 'N', 102, 'U');
Insert into AD_PROCESS_PARA
   (AD_PROCESS_PARA_ID, AD_CLIENT_ID, AD_ORG_ID, ISACTIVE, CREATED, CREATEDBY, UPDATED, UPDATEDBY, NAME, DESCRIPTION, AD_PROCESS_ID, SEQNO, AD_REFERENCE_ID, COLUMNNAME, ISCENTRALLYMAINTAINED, FIELDLENGTH, ISMANDATORY, ISRANGE, AD_ELEMENT_ID, ENTITYTYPE)
 Values
   (50004, 0, 0, 'Y', TO_DATE('12/11/2006 23:47:50', 'MM/DD/YYYY HH24:MI:SS'), 0, TO_DATE('12/12/2006 00:17:41', 'MM/DD/YYYY HH24:MI:SS'), 0, 'Organization', 'Organization', 50010, 30, 19, 'AD_Org_ID', 'Y', 0, 'N', 'N', 113, 'U');
COMMIT;

Insert into AD_WINDOW
   (AD_WINDOW_ID, AD_CLIENT_ID, AD_ORG_ID, ISACTIVE, CREATED, CREATEDBY, UPDATED, UPDATEDBY, NAME, DESCRIPTION, WINDOWTYPE, ISSOTRX, ENTITYTYPE, PROCESSING, ISDEFAULT, ISBETAFUNCTIONALITY)
 Values
   (50001, 0, 0, 'Y', TO_DATE('12/11/2006 23:45:25', 'MM/DD/YYYY HH24:MI:SS'), 0, TO_DATE('12/12/2006 00:01:49', 'MM/DD/YYYY HH24:MI:SS'), 0, 'Packages Installed', 'List of packages installed', 'M', 'N', 'U', 'N', 'N', 'N');
Insert into AD_WINDOW
   (AD_WINDOW_ID, AD_CLIENT_ID, AD_ORG_ID, ISACTIVE, CREATED, CREATEDBY, UPDATED, UPDATEDBY, NAME, DESCRIPTION, HELP, WINDOWTYPE, ISSOTRX, ENTITYTYPE, PROCESSING, ISDEFAULT, ISBETAFUNCTIONALITY)
 Values
   (50002, 0, 0, 'Y', TO_DATE('12/11/2006 23:45:42', 'MM/DD/YYYY HH24:MI:SS'), 0, TO_DATE('12/12/2006 00:03:29', 'MM/DD/YYYY HH24:MI:SS'), 0, 'Package Maintenance', 'Package installation history and maintenance', 'Review package installation.  Also perform package rollback if required', 'M', 'N', 'U', 'N', 'N', 'N');
Insert into AD_WINDOW
   (AD_WINDOW_ID, AD_CLIENT_ID, AD_ORG_ID, ISACTIVE, CREATED, CREATEDBY, UPDATED, UPDATEDBY, NAME, DESCRIPTION, WINDOWTYPE, ISSOTRX, ENTITYTYPE, PROCESSING, ISDEFAULT, ISBETAFUNCTIONALITY)
 Values
   (50003, 0, 0, 'Y', TO_DATE('12/11/2006 23:46:18', 'MM/DD/YYYY HH24:MI:SS'), 0, TO_DATE('12/12/2006 00:07:49', 'MM/DD/YYYY HH24:MI:SS'), 0, 'PackOut - Create a package', 'Package build Application', 'M', 'N', 'U', 'N', 'N', 'N');
Insert into AD_WINDOW
   (AD_WINDOW_ID, AD_CLIENT_ID, AD_ORG_ID, ISACTIVE, CREATED, CREATEDBY, UPDATED, UPDATEDBY, NAME, DESCRIPTION, HELP, WINDOWTYPE, ISSOTRX, ENTITYTYPE, PROCESSING, ISDEFAULT, ISBETAFUNCTIONALITY)
 Values
   (50004, 0, 0, 'Y', TO_DATE('12/11/2006 23:47:04', 'MM/DD/YYYY HH24:MI:SS'), 0, TO_DATE('12/12/2006 00:13:07', 'MM/DD/YYYY HH24:MI:SS'), 0, 'Common Package Details', 'Maintain Common Package Details', 'Create and maintain common package element details', 'M', 'Y', 'U', 'N', 'N', 'N');
Insert into AD_WINDOW
   (AD_WINDOW_ID, AD_CLIENT_ID, AD_ORG_ID, ISACTIVE, CREATED, CREATEDBY, UPDATED, UPDATEDBY, NAME, DESCRIPTION, HELP, WINDOWTYPE, ISSOTRX, ENTITYTYPE, PROCESSING, ISDEFAULT, ISBETAFUNCTIONALITY)
 Values
   (50005, 0, 0, 'Y', TO_DATE('12/11/2006 23:47:41', 'MM/DD/YYYY HH24:MI:SS'), 0, TO_DATE('12/12/2006 00:15:58', 'MM/DD/YYYY HH24:MI:SS'), 0, 'PackIn - Import a package', 'Imports a package', 'Imports a package previously created by PackOut', 'M', 'Y', 'U', 'N', 'N', 'N');
COMMIT;

Insert into AD_TABLE
   (AD_TABLE_ID, AD_CLIENT_ID, AD_ORG_ID, ISACTIVE, CREATED, CREATEDBY, UPDATED, UPDATEDBY, NAME, DESCRIPTION, TABLENAME, ISVIEW, ACCESSLEVEL, ENTITYTYPE, AD_WINDOW_ID, ISSECURITYENABLED, ISDELETEABLE, ISHIGHVOLUME, IMPORTTABLE, ISCHANGELOG, REPLICATIONTYPE)
 Values
   (50001, 0, 0, 'Y', TO_DATE('12/11/2006 23:45:25', 'MM/DD/YYYY HH24:MI:SS'), 0, TO_DATE('12/12/2006 00:01:51', 'MM/DD/YYYY HH24:MI:SS'), 0, 'AD_Package_Imp_Inst', 'Packages Installed', 'AD_Package_Imp_Inst', 'N', '4', 'U', 50002, 'N', 'N', 'N', 'N', 'N', 'L');
Insert into AD_TABLE
   (AD_TABLE_ID, AD_CLIENT_ID, AD_ORG_ID, ISACTIVE, CREATED, CREATEDBY, UPDATED, UPDATEDBY, NAME, DESCRIPTION, TABLENAME, ISVIEW, ACCESSLEVEL, ENTITYTYPE, AD_WINDOW_ID, ISSECURITYENABLED, ISDELETEABLE, ISHIGHVOLUME, IMPORTTABLE, ISCHANGELOG, REPLICATIONTYPE)
 Values
   (50002, 0, 0, 'Y', TO_DATE('12/11/2006 23:45:42', 'MM/DD/YYYY HH24:MI:SS'), 0, TO_DATE('12/12/2006 00:03:31', 'MM/DD/YYYY HH24:MI:SS'), 0, 'AD_Package_Imp_Backup', 'Backup of any columns that are updated by a package install', 'AD_Package_Imp_Backup', 'N', '4', 'U', 50002, 'N', 'N', 'N', 'N', 'N', 'L');
Insert into AD_TABLE
   (AD_TABLE_ID, AD_CLIENT_ID, AD_ORG_ID, ISACTIVE, CREATED, CREATEDBY, UPDATED, UPDATEDBY, NAME, TABLENAME, ISVIEW, ACCESSLEVEL, ENTITYTYPE, AD_WINDOW_ID, ISSECURITYENABLED, ISDELETEABLE, ISHIGHVOLUME, IMPORTTABLE, ISCHANGELOG, REPLICATIONTYPE)
 Values
   (50003, 0, 0, 'Y', TO_DATE('12/11/2006 23:45:54', 'MM/DD/YYYY HH24:MI:SS'), 0, TO_DATE('12/12/2006 00:04:48', 'MM/DD/YYYY HH24:MI:SS'), 0, 'AD_Package_Imp', 'AD_Package_Imp', 'N', '4', 'U', 50002, 'N', 'N', 'N', 'N', 'N', 'L');
Insert into AD_TABLE
   (AD_TABLE_ID, AD_CLIENT_ID, AD_ORG_ID, ISACTIVE, CREATED, CREATEDBY, UPDATED, UPDATEDBY, NAME, DESCRIPTION, TABLENAME, ISVIEW, ACCESSLEVEL, ENTITYTYPE, AD_WINDOW_ID, ISSECURITYENABLED, ISDELETEABLE, ISHIGHVOLUME, IMPORTTABLE, ISCHANGELOG, REPLICATIONTYPE)
 Values
   (50004, 0, 0, 'Y', TO_DATE('12/11/2006 23:46:08', 'MM/DD/YYYY HH24:MI:SS'), 0, TO_DATE('12/12/2006 00:06:37', 'MM/DD/YYYY HH24:MI:SS'), 0, 'AD_Package_Imp_Detail', 'Package Import Details', 'AD_Package_Imp_Detail', 'N', '4', 'U', 50002, 'N', 'N', 'N', 'N', 'N', 'L');
Insert into AD_TABLE
   (AD_TABLE_ID, AD_CLIENT_ID, AD_ORG_ID, ISACTIVE, CREATED, CREATEDBY, UPDATED, UPDATEDBY, NAME, DESCRIPTION, TABLENAME, ISVIEW, ACCESSLEVEL, ENTITYTYPE, AD_WINDOW_ID, ISSECURITYENABLED, ISDELETEABLE, ISHIGHVOLUME, IMPORTTABLE, ISCHANGELOG, REPLICATIONTYPE)
 Values
   (50005, 0, 0, 'Y', TO_DATE('12/11/2006 23:46:18', 'MM/DD/YYYY HH24:MI:SS'), 0, TO_DATE('12/12/2006 00:07:50', 'MM/DD/YYYY HH24:MI:SS'), 0, 'AD_Package_Exp', 'Table to facilitate Package Building', 'AD_Package_Exp', 'N', '4', 'U', 50003, 'N', 'Y', 'N', 'N', 'N', 'L');
Insert into AD_TABLE
   (AD_TABLE_ID, AD_CLIENT_ID, AD_ORG_ID, ISACTIVE, CREATED, CREATEDBY, UPDATED, UPDATEDBY, NAME, TABLENAME, ISVIEW, ACCESSLEVEL, ENTITYTYPE, AD_WINDOW_ID, ISSECURITYENABLED, ISDELETEABLE, ISHIGHVOLUME, IMPORTTABLE, ISCHANGELOG, REPLICATIONTYPE)
 Values
   (50006, 0, 0, 'Y', TO_DATE('12/11/2006 23:46:32', 'MM/DD/YYYY HH24:MI:SS'), 0, TO_DATE('12/12/2006 00:09:42', 'MM/DD/YYYY HH24:MI:SS'), 0, 'AD_Package_Exp_Detail', 'AD_Package_Exp_Detail', 'N', '4', 'U', 50003, 'N', 'Y', 'N', 'N', 'N', 'L');
Insert into AD_TABLE
   (AD_TABLE_ID, AD_CLIENT_ID, AD_ORG_ID, ISACTIVE, CREATED, CREATEDBY, UPDATED, UPDATEDBY, NAME, DESCRIPTION, HELP, TABLENAME, ISVIEW, ACCESSLEVEL, ENTITYTYPE, AD_WINDOW_ID, ISSECURITYENABLED, ISDELETEABLE, ISHIGHVOLUME, IMPORTTABLE, ISCHANGELOG, REPLICATIONTYPE)
 Values
   (50007, 0, 0, 'Y', TO_DATE('12/11/2006 23:47:04', 'MM/DD/YYYY HH24:MI:SS'), 0, TO_DATE('12/12/2006 00:13:08', 'MM/DD/YYYY HH24:MI:SS'), 0, 'AD_Package_Exp_Common', 'Mainain common elements that are used in all packages', 'This table contains detail package elements that are used in all packages that are created from this instance.', 'AD_Package_Exp_Common', 'N', '4', 'U', 50004, 'N', 'Y', 'N', 'N', 'N', 'L');
Insert into AD_TABLE
   (AD_TABLE_ID, AD_CLIENT_ID, AD_ORG_ID, ISACTIVE, CREATED, CREATEDBY, UPDATED, UPDATEDBY, NAME, DESCRIPTION, TABLENAME, ISVIEW, ACCESSLEVEL, ENTITYTYPE, AD_WINDOW_ID, ISSECURITYENABLED, ISDELETEABLE, ISHIGHVOLUME, IMPORTTABLE, ISCHANGELOG, REPLICATIONTYPE)
 Values
   (50008, 0, 0, 'Y', TO_DATE('12/11/2006 23:47:41', 'MM/DD/YYYY HH24:MI:SS'), 0, TO_DATE('12/12/2006 00:16:11', 'MM/DD/YYYY HH24:MI:SS'), 0, 'AD_Package_Imp_Proc', 'Process Inbound Packages from with in Adempiere', 'AD_Package_Imp_Proc', 'N', '4', 'U', 50005, 'N', 'Y', 'N', 'N', 'N', 'L');
COMMIT;

Insert into AD_COLUMN
   (AD_COLUMN_ID, AD_CLIENT_ID, AD_ORG_ID, ISACTIVE, CREATED, UPDATED, CREATEDBY, UPDATEDBY, NAME, DESCRIPTION, HELP, VERSION, ENTITYTYPE, COLUMNNAME, AD_TABLE_ID, AD_REFERENCE_ID, FIELDLENGTH, ISKEY, ISPARENT, ISMANDATORY, ISUPDATEABLE, ISIDENTIFIER, SEQNO, ISTRANSLATED, ISENCRYPTED, ISSELECTIONCOLUMN, AD_ELEMENT_ID, ISSYNCDATABASE, ISALWAYSUPDATEABLE)
 Values
   (50001, 0, 0, 'Y', TO_DATE('12/11/2006 23:45:25', 'MM/DD/YYYY HH24:MI:SS'), TO_DATE('12/12/2006 00:01:55', 'MM/DD/YYYY HH24:MI:SS'), 0, 0, 'Name', 'Alphanumeric identifier of the entity', 'The name of an entity (record) is used as an default search option in addition to the search key. The name is up to 60 characters in length.', 0, 'U', 'Name', 50001, 10, 240, 'N', 'N', 'N', 'Y', 'Y', 1, 'N', 'N', 'N', 469, 'N', 'N');
Insert into AD_COLUMN
   (AD_COLUMN_ID, AD_CLIENT_ID, AD_ORG_ID, ISACTIVE, CREATED, UPDATED, CREATEDBY, UPDATEDBY, NAME, DESCRIPTION, HELP, VERSION, ENTITYTYPE, COLUMNNAME, AD_TABLE_ID, AD_REFERENCE_ID, FIELDLENGTH, ISKEY, ISPARENT, ISMANDATORY, ISUPDATEABLE, ISIDENTIFIER, ISTRANSLATED, ISENCRYPTED, ISSELECTIONCOLUMN, AD_ELEMENT_ID, ISSYNCDATABASE, ISALWAYSUPDATEABLE)
 Values
   (50002, 0, 0, 'Y', TO_DATE('12/11/2006 23:45:26', 'MM/DD/YYYY HH24:MI:SS'), TO_DATE('12/12/2006 00:01:58', 'MM/DD/YYYY HH24:MI:SS'), 0, 0, 'Client', 'Client/Tenant for this installation.', 'A Client is a company or a legal entity. You cannot share data between Clients. Tenant is a synonym for Client.', 0, 'U', 'AD_Client_ID', 50001, 19, 10, 'N', 'N', 'N', 'N', 'N', 'N', 'N', 'N', 102, 'N', 'N');
Insert into AD_COLUMN
   (AD_COLUMN_ID, AD_CLIENT_ID, AD_ORG_ID, ISACTIVE, CREATED, UPDATED, CREATEDBY, UPDATEDBY, NAME, DESCRIPTION, HELP, VERSION, ENTITYTYPE, COLUMNNAME, AD_TABLE_ID, AD_REFERENCE_ID, FIELDLENGTH, ISKEY, ISPARENT, ISMANDATORY, ISUPDATEABLE, ISIDENTIFIER, ISTRANSLATED, ISENCRYPTED, ISSELECTIONCOLUMN, AD_ELEMENT_ID, ISSYNCDATABASE, ISALWAYSUPDATEABLE)
 Values
   (50003, 0, 0, 'Y', TO_DATE('12/11/2006 23:45:27', 'MM/DD/YYYY HH24:MI:SS'), TO_DATE('12/12/2006 00:02:01', 'MM/DD/YYYY HH24:MI:SS'), 0, 0, 'Organization', 'Organizational entity within client', 'An organization is a unit of your client or legal entity - examples are store department. You can share data between organizations.', 0, 'U', 'AD_Org_ID', 50001, 19, 10, 'N', 'N', 'N', 'N', 'N', 'N', 'N', 'N', 113, 'N', 'N');
Insert into AD_COLUMN
   (AD_COLUMN_ID, AD_CLIENT_ID, AD_ORG_ID, ISACTIVE, CREATED, UPDATED, CREATEDBY, UPDATEDBY, NAME, VERSION, ENTITYTYPE, COLUMNNAME, AD_TABLE_ID, AD_REFERENCE_ID, FIELDLENGTH, ISKEY, ISPARENT, ISMANDATORY, ISUPDATEABLE, ISIDENTIFIER, ISTRANSLATED, ISENCRYPTED, ISSELECTIONCOLUMN, AD_ELEMENT_ID, ISSYNCDATABASE, ISALWAYSUPDATEABLE)
 Values
   (50004, 0, 0, 'Y', TO_DATE('12/11/2006 23:45:27', 'MM/DD/YYYY HH24:MI:SS'), TO_DATE('12/12/2006 00:02:04', 'MM/DD/YYYY HH24:MI:SS'), 0, 0, 'AD_PACKAGE_IMP_INST_ID', 0, 'U', 'AD_PACKAGE_IMP_INST_ID', 50001, 13, 10, 'Y', 'N', 'Y', 'N', 'N', 'N', 'N', 'N', 50001, 'N', 'N');
Insert into AD_COLUMN
   (AD_COLUMN_ID, AD_CLIENT_ID, AD_ORG_ID, ISACTIVE, CREATED, UPDATED, CREATEDBY, UPDATEDBY, NAME, DESCRIPTION, HELP, VERSION, ENTITYTYPE, COLUMNNAME, AD_TABLE_ID, AD_REFERENCE_ID, FIELDLENGTH, ISKEY, ISPARENT, ISMANDATORY, ISUPDATEABLE, ISIDENTIFIER, ISTRANSLATED, ISENCRYPTED, ISSELECTIONCOLUMN, AD_ELEMENT_ID, ISSYNCDATABASE, ISALWAYSUPDATEABLE)
 Values
   (50005, 0, 0, 'Y', TO_DATE('12/11/2006 23:45:28', 'MM/DD/YYYY HH24:MI:SS'), TO_DATE('12/12/2006 00:02:07', 'MM/DD/YYYY HH24:MI:SS'), 0, 0, 'Created', 'Date this record was created', 'The Created field indicates the date that this record was created.', 0, 'U', 'Created', 50001, 16, 7, 'N', 'N', 'N', 'N', 'N', 'N', 'N', 'N', 245, 'N', 'N');
Insert into AD_COLUMN
   (AD_COLUMN_ID, AD_CLIENT_ID, AD_ORG_ID, ISACTIVE, CREATED, UPDATED, CREATEDBY, UPDATEDBY, NAME, DESCRIPTION, HELP, VERSION, ENTITYTYPE, COLUMNNAME, AD_TABLE_ID, AD_REFERENCE_ID, AD_REFERENCE_VALUE_ID, FIELDLENGTH, ISKEY, ISPARENT, ISMANDATORY, ISUPDATEABLE, ISIDENTIFIER, ISTRANSLATED, ISENCRYPTED, ISSELECTIONCOLUMN, AD_ELEMENT_ID, ISSYNCDATABASE, ISALWAYSUPDATEABLE)
 Values
   (50006, 0, 0, 'Y', TO_DATE('12/11/2006 23:45:28', 'MM/DD/YYYY HH24:MI:SS'), TO_DATE('12/12/2006 00:02:10', 'MM/DD/YYYY HH24:MI:SS'), 0, 0, 'Created By', 'User who created this records', 'The Created By field indicates the user who created this record.', 0, 'U', 'CreatedBy', 50001, 18, 110, 10, 'N', 'N', 'N', 'N', 'N', 'N', 'N', 'N', 246, 'N', 'N');
Insert into AD_COLUMN
   (AD_COLUMN_ID, AD_CLIENT_ID, AD_ORG_ID, ISACTIVE, CREATED, UPDATED, CREATEDBY, UPDATEDBY, NAME, VERSION, ENTITYTYPE, COLUMNNAME, AD_TABLE_ID, AD_REFERENCE_ID, FIELDLENGTH, ISKEY, ISPARENT, ISMANDATORY, ISUPDATEABLE, ISIDENTIFIER, ISTRANSLATED, ISENCRYPTED, ISSELECTIONCOLUMN, AD_ELEMENT_ID, ISSYNCDATABASE, ISALWAYSUPDATEABLE)
 Values
   (50007, 0, 0, 'Y', TO_DATE('12/11/2006 23:45:29', 'MM/DD/YYYY HH24:MI:SS'), TO_DATE('12/12/2006 00:02:12', 'MM/DD/YYYY HH24:MI:SS'), 0, 0, 'CreatedDate', 0, 'U', 'CreatedDate', 50001, 10, 50, 'N', 'N', 'N', 'N', 'N', 'N', 'N', 'N', 50002, 'N', 'N');
Insert into AD_COLUMN
   (AD_COLUMN_ID, AD_CLIENT_ID, AD_ORG_ID, ISACTIVE, CREATED, UPDATED, CREATEDBY, UPDATEDBY, NAME, VERSION, ENTITYTYPE, COLUMNNAME, AD_TABLE_ID, AD_REFERENCE_ID, FIELDLENGTH, ISKEY, ISPARENT, ISMANDATORY, ISUPDATEABLE, ISIDENTIFIER, ISTRANSLATED, ISENCRYPTED, ISSELECTIONCOLUMN, AD_ELEMENT_ID, ISSYNCDATABASE, ISALWAYSUPDATEABLE)
 Values
   (50008, 0, 0, 'Y', TO_DATE('12/11/2006 23:45:29', 'MM/DD/YYYY HH24:MI:SS'), TO_DATE('12/12/2006 00:02:15', 'MM/DD/YYYY HH24:MI:SS'), 0, 0, 'PK_Version', 0, 'U', 'PK_Version', 50001, 10, 40, 'N', 'N', 'N', 'Y', 'N', 'N', 'N', 'N', 50003, 'N', 'N');
Insert into AD_COLUMN
   (AD_COLUMN_ID, AD_CLIENT_ID, AD_ORG_ID, ISACTIVE, CREATED, UPDATED, CREATEDBY, UPDATEDBY, NAME, VERSION, ENTITYTYPE, COLUMNNAME, AD_TABLE_ID, AD_REFERENCE_ID, FIELDLENGTH, ISKEY, ISPARENT, ISMANDATORY, ISUPDATEABLE, ISIDENTIFIER, ISTRANSLATED, ISENCRYPTED, ISSELECTIONCOLUMN, AD_ELEMENT_ID, ISSYNCDATABASE, ISALWAYSUPDATEABLE)
 Values
   (50009, 0, 0, 'Y', TO_DATE('12/11/2006 23:45:30', 'MM/DD/YYYY HH24:MI:SS'), TO_DATE('12/12/2006 00:02:17', 'MM/DD/YYYY HH24:MI:SS'), 0, 0, 'Process Now', 0, 'U', 'Processing', 50001, 20, 1, 'N', 'N', 'N', 'Y', 'N', 'N', 'N', 'N', 524, 'N', 'N');
Insert into AD_COLUMN
   (AD_COLUMN_ID, AD_CLIENT_ID, AD_ORG_ID, ISACTIVE, CREATED, UPDATED, CREATEDBY, UPDATEDBY, NAME, DESCRIPTION, HELP, VERSION, ENTITYTYPE, COLUMNNAME, AD_TABLE_ID, AD_REFERENCE_ID, FIELDLENGTH, ISKEY, ISPARENT, ISMANDATORY, ISUPDATEABLE, ISIDENTIFIER, ISTRANSLATED, ISENCRYPTED, ISSELECTIONCOLUMN, AD_ELEMENT_ID, ISSYNCDATABASE, ISALWAYSUPDATEABLE)
 Values
   (50010, 0, 0, 'Y', TO_DATE('12/11/2006 23:45:30', 'MM/DD/YYYY HH24:MI:SS'), TO_DATE('12/12/2006 00:02:20', 'MM/DD/YYYY HH24:MI:SS'), 0, 0, 'Version', 'Version of the table definition', 'The Version indicates the version of this table definition.', 0, 'U', 'Version', 50001, 10, 40, 'N', 'N', 'N', 'Y', 'N', 'N', 'N', 'N', 624, 'N', 'N');
Insert into AD_COLUMN
   (AD_COLUMN_ID, AD_CLIENT_ID, AD_ORG_ID, ISACTIVE, CREATED, UPDATED, CREATEDBY, UPDATEDBY, NAME, VERSION, ENTITYTYPE, COLUMNNAME, AD_TABLE_ID, AD_REFERENCE_ID, FIELDLENGTH, ISKEY, ISPARENT, ISMANDATORY, ISUPDATEABLE, ISIDENTIFIER, ISTRANSLATED, ISENCRYPTED, ISSELECTIONCOLUMN, AD_ELEMENT_ID, ISSYNCDATABASE, ISALWAYSUPDATEABLE)
 Values
   (50011, 0, 0, 'Y', TO_DATE('12/11/2006 23:45:31', 'MM/DD/YYYY HH24:MI:SS'), TO_DATE('12/12/2006 00:02:23', 'MM/DD/YYYY HH24:MI:SS'), 0, 0, 'UpdatedDate', 0, 'U', 'UpdatedDate', 50001, 10, 50, 'N', 'N', 'N', 'Y', 'N', 'N', 'N', 'N', 50004, 'N', 'N');
Insert into AD_COLUMN
   (AD_COLUMN_ID, AD_CLIENT_ID, AD_ORG_ID, ISACTIVE, CREATED, UPDATED, CREATEDBY, UPDATEDBY, NAME, DESCRIPTION, HELP, VERSION, ENTITYTYPE, COLUMNNAME, AD_TABLE_ID, AD_REFERENCE_ID, AD_REFERENCE_VALUE_ID, FIELDLENGTH, ISKEY, ISPARENT, ISMANDATORY, ISUPDATEABLE, ISIDENTIFIER, ISTRANSLATED, ISENCRYPTED, ISSELECTIONCOLUMN, AD_ELEMENT_ID, ISSYNCDATABASE, ISALWAYSUPDATEABLE)
 Values
   (50012, 0, 0, 'Y', TO_DATE('12/11/2006 23:45:33', 'MM/DD/YYYY HH24:MI:SS'), TO_DATE('12/12/2006 00:02:26', 'MM/DD/YYYY HH24:MI:SS'), 0, 0, 'Updated By', 'User who updated this records', 'The Updated By field indicates the user who updated this record.', 0, 'U', 'UpdatedBy', 50001, 18, 110, 10, 'N', 'N', 'N', 'N', 'N', 'N', 'N', 'N', 608, 'N', 'N');
Insert into AD_COLUMN
   (AD_COLUMN_ID, AD_CLIENT_ID, AD_ORG_ID, ISACTIVE, CREATED, UPDATED, CREATEDBY, UPDATEDBY, NAME, DESCRIPTION, HELP, VERSION, ENTITYTYPE, COLUMNNAME, AD_TABLE_ID, AD_REFERENCE_ID, FIELDLENGTH, ISKEY, ISPARENT, ISMANDATORY, ISUPDATEABLE, ISIDENTIFIER, ISTRANSLATED, ISENCRYPTED, ISSELECTIONCOLUMN, AD_ELEMENT_ID, ISSYNCDATABASE, ISALWAYSUPDATEABLE)
 Values
   (50013, 0, 0, 'Y', TO_DATE('12/11/2006 23:45:33', 'MM/DD/YYYY HH24:MI:SS'), TO_DATE('12/12/2006 00:02:30', 'MM/DD/YYYY HH24:MI:SS'), 0, 0, 'Updated', 'Date this record was updated', 'The Updated field indicates the date that this record was updated.', 0, 'U', 'Updated', 50001, 16, 7, 'N', 'N', 'N', 'N', 'N', 'N', 'N', 'N', 607, 'N', 'N');
Insert into AD_COLUMN
   (AD_COLUMN_ID, AD_CLIENT_ID, AD_ORG_ID, ISACTIVE, CREATED, UPDATED, CREATEDBY, UPDATEDBY, NAME, VERSION, ENTITYTYPE, COLUMNNAME, AD_TABLE_ID, AD_REFERENCE_ID, FIELDLENGTH, ISKEY, ISPARENT, ISMANDATORY, ISUPDATEABLE, ISIDENTIFIER, ISTRANSLATED, ISENCRYPTED, ISSELECTIONCOLUMN, AD_ELEMENT_ID, ISSYNCDATABASE, ISALWAYSUPDATEABLE)
 Values
   (50014, 0, 0, 'Y', TO_DATE('12/11/2006 23:45:33', 'MM/DD/YYYY HH24:MI:SS'), TO_DATE('12/12/2006 00:02:32', 'MM/DD/YYYY HH24:MI:SS'), 0, 0, 'Uninstall', 0, 'U', 'Uninstall', 50001, 20, 1, 'N', 'N', 'N', 'Y', 'N', 'N', 'N', 'N', 50005, 'N', 'N');
Insert into AD_COLUMN
   (AD_COLUMN_ID, AD_CLIENT_ID, AD_ORG_ID, ISACTIVE, CREATED, UPDATED, CREATEDBY, UPDATEDBY, NAME, DESCRIPTION, VERSION, ENTITYTYPE, COLUMNNAME, AD_TABLE_ID, AD_REFERENCE_ID, FIELDLENGTH, ISKEY, ISPARENT, ISMANDATORY, ISUPDATEABLE, ISIDENTIFIER, ISTRANSLATED, ISENCRYPTED, ISSELECTIONCOLUMN, AD_ELEMENT_ID, ISSYNCDATABASE, ISALWAYSUPDATEABLE)
 Values
   (50015, 0, 0, 'Y', TO_DATE('12/11/2006 23:45:34', 'MM/DD/YYYY HH24:MI:SS'), TO_DATE('12/12/2006 00:02:34', 'MM/DD/YYYY HH24:MI:SS'), 0, 0, 'Release No', 'Internal Release Number', 0, 'U', 'ReleaseNo', 50001, 10, 40, 'N', 'N', 'N', 'Y', 'N', 'N', 'N', 'N', 2122, 'N', 'N');
Insert into AD_COLUMN
   (AD_COLUMN_ID, AD_CLIENT_ID, AD_ORG_ID, ISACTIVE, CREATED, UPDATED, CREATEDBY, UPDATEDBY, NAME, DESCRIPTION, HELP, VERSION, ENTITYTYPE, COLUMNNAME, AD_TABLE_ID, AD_REFERENCE_ID, FIELDLENGTH, ISKEY, ISPARENT, ISMANDATORY, ISUPDATEABLE, ISIDENTIFIER, ISTRANSLATED, ISENCRYPTED, ISSELECTIONCOLUMN, AD_ELEMENT_ID, ISSYNCDATABASE, ISALWAYSUPDATEABLE)
 Values
   (50016, 0, 0, 'Y', TO_DATE('12/11/2006 23:45:34', 'MM/DD/YYYY HH24:MI:SS'), TO_DATE('12/12/2006 00:02:36', 'MM/DD/YYYY HH24:MI:SS'), 0, 0, 'Processed', 'The document has been processed', 'The Processed checkbox indicates that a document has been processed.', 0, 'U', 'Processed', 50001, 20, 1, 'N', 'N', 'N', 'Y', 'N', 'N', 'N', 'N', 1047, 'N', 'N');
Insert into AD_COLUMN
   (AD_COLUMN_ID, AD_CLIENT_ID, AD_ORG_ID, ISACTIVE, CREATED, UPDATED, CREATEDBY, UPDATEDBY, NAME, VERSION, ENTITYTYPE, COLUMNNAME, AD_TABLE_ID, AD_REFERENCE_ID, FIELDLENGTH, ISKEY, ISPARENT, ISMANDATORY, ISUPDATEABLE, ISIDENTIFIER, ISTRANSLATED, ISENCRYPTED, ISSELECTIONCOLUMN, AD_ELEMENT_ID, ISSYNCDATABASE, ISALWAYSUPDATEABLE)
 Values
   (50017, 0, 0, 'Y', TO_DATE('12/11/2006 23:45:35', 'MM/DD/YYYY HH24:MI:SS'), TO_DATE('12/12/2006 00:02:39', 'MM/DD/YYYY HH24:MI:SS'), 0, 0, 'PK_Status', 0, 'U', 'PK_Status', 50001, 10, 44, 'N', 'N', 'N', 'Y', 'N', 'N', 'N', 'N', 50006, 'N', 'N');
Insert into AD_COLUMN
   (AD_COLUMN_ID, AD_CLIENT_ID, AD_ORG_ID, ISACTIVE, CREATED, UPDATED, CREATEDBY, UPDATEDBY, NAME, VERSION, ENTITYTYPE, COLUMNNAME, AD_TABLE_ID, AD_REFERENCE_ID, FIELDLENGTH, ISKEY, ISPARENT, ISMANDATORY, ISUPDATEABLE, ISIDENTIFIER, ISTRANSLATED, ISENCRYPTED, ISSELECTIONCOLUMN, AD_ELEMENT_ID, ISSYNCDATABASE, ISALWAYSUPDATEABLE)
 Values
   (50018, 0, 0, 'Y', TO_DATE('12/11/2006 23:45:35', 'MM/DD/YYYY HH24:MI:SS'), TO_DATE('12/12/2006 00:02:41', 'MM/DD/YYYY HH24:MI:SS'), 0, 0, 'Creator', 0, 'U', 'Creator', 50001, 10, 120, 'N', 'N', 'N', 'Y', 'N', 'N', 'N', 'N', 50007, 'N', 'N');
Insert into AD_COLUMN
   (AD_COLUMN_ID, AD_CLIENT_ID, AD_ORG_ID, ISACTIVE, CREATED, UPDATED, CREATEDBY, UPDATEDBY, NAME, VERSION, ENTITYTYPE, COLUMNNAME, AD_TABLE_ID, AD_REFERENCE_ID, FIELDLENGTH, ISKEY, ISPARENT, ISMANDATORY, ISUPDATEABLE, ISIDENTIFIER, ISTRANSLATED, ISENCRYPTED, ISSELECTIONCOLUMN, AD_ELEMENT_ID, ISSYNCDATABASE, ISALWAYSUPDATEABLE)
 Values
   (50019, 0, 0, 'Y', TO_DATE('12/11/2006 23:45:37', 'MM/DD/YYYY HH24:MI:SS'), TO_DATE('12/12/2006 00:02:43', 'MM/DD/YYYY HH24:MI:SS'), 0, 0, 'CreatorContact', 0, 'U', 'CreatorContact', 50001, 14, 510, 'N', 'N', 'N', 'Y', 'N', 'N', 'N', 'N', 50008, 'N', 'N');
Insert into AD_COLUMN
   (AD_COLUMN_ID, AD_CLIENT_ID, AD_ORG_ID, ISACTIVE, CREATED, UPDATED, CREATEDBY, UPDATEDBY, NAME, DESCRIPTION, HELP, VERSION, ENTITYTYPE, COLUMNNAME, AD_TABLE_ID, AD_REFERENCE_ID, FIELDLENGTH, ISKEY, ISPARENT, ISMANDATORY, ISUPDATEABLE, ISIDENTIFIER, ISTRANSLATED, ISENCRYPTED, ISSELECTIONCOLUMN, AD_ELEMENT_ID, ISSYNCDATABASE, ISALWAYSUPDATEABLE)
 Values
   (50020, 0, 0, 'Y', TO_DATE('12/11/2006 23:45:37', 'MM/DD/YYYY HH24:MI:SS'), TO_DATE('12/12/2006 00:02:45', 'MM/DD/YYYY HH24:MI:SS'), 0, 0, 'Description', 'Optional short description of the record', 'A description is limited to 255 characters.', 0, 'U', 'Description', 50001, 14, 2000, 'N', 'N', 'N', 'Y', 'N', 'N', 'N', 'N', 275, 'N', 'N');
Insert into AD_COLUMN
   (AD_COLUMN_ID, AD_CLIENT_ID, AD_ORG_ID, ISACTIVE, CREATED, UPDATED, CREATEDBY, UPDATEDBY, NAME, DESCRIPTION, HELP, VERSION, ENTITYTYPE, COLUMNNAME, AD_TABLE_ID, AD_REFERENCE_ID, FIELDLENGTH, ISKEY, ISPARENT, ISMANDATORY, ISUPDATEABLE, ISIDENTIFIER, ISTRANSLATED, ISENCRYPTED, ISSELECTIONCOLUMN, AD_ELEMENT_ID, ISSYNCDATABASE, ISALWAYSUPDATEABLE)
 Values
   (50021, 0, 0, 'Y', TO_DATE('12/11/2006 23:45:37', 'MM/DD/YYYY HH24:MI:SS'), TO_DATE('12/12/2006 00:02:48', 'MM/DD/YYYY HH24:MI:SS'), 0, 0, 'EMail Address', 'Electronic Mail Address', 'The Email Address is the Electronic Mail ID for this User and should be fully qualified (e.g. joe.smith@company.com). The Email Address is used to access the self service application functionality from the web.', 0, 'U', 'EMail', 50001, 10, 120, 'N', 'N', 'N', 'Y', 'N', 'N', 'N', 'N', 881, 'N', 'N');
Insert into AD_COLUMN
   (AD_COLUMN_ID, AD_CLIENT_ID, AD_ORG_ID, ISACTIVE, CREATED, UPDATED, CREATEDBY, UPDATEDBY, NAME, DESCRIPTION, HELP, VERSION, ENTITYTYPE, COLUMNNAME, AD_TABLE_ID, AD_REFERENCE_ID, FIELDLENGTH, ISKEY, ISPARENT, ISMANDATORY, ISUPDATEABLE, ISIDENTIFIER, ISTRANSLATED, ISENCRYPTED, ISSELECTIONCOLUMN, AD_ELEMENT_ID, ISSYNCDATABASE, ISALWAYSUPDATEABLE)
 Values
   (50022, 0, 0, 'Y', TO_DATE('12/11/2006 23:45:38', 'MM/DD/YYYY HH24:MI:SS'), TO_DATE('12/12/2006 00:02:50', 'MM/DD/YYYY HH24:MI:SS'), 0, 0, 'Active', 'The record is active in the system', 'There are two methods of making records unavailable in the system: One is to delete the record the other is to de-activate the record. A de-activated record is not available for selection but available for reports.
There are two reasons for de-activating and not deleting records:
(1) The system requires the record for audit purposes.
(2) The record is referenced by other records. E.g. you cannot delete a Business Partner if there are invoices for this partner record existing. You de-activate the Business Partner and prevent that this record is used for future entries.', 0, 'U', 'IsActive', 50001, 20, 1, 'N', 'N', 'N', 'Y', 'N', 'N', 'N', 'N', 348, 'N', 'N');
Insert into AD_COLUMN
   (AD_COLUMN_ID, AD_CLIENT_ID, AD_ORG_ID, ISACTIVE, CREATED, UPDATED, CREATEDBY, UPDATEDBY, NAME, VERSION, ENTITYTYPE, COLUMNNAME, AD_TABLE_ID, AD_REFERENCE_ID, FIELDLENGTH, ISKEY, ISPARENT, ISMANDATORY, ISUPDATEABLE, ISIDENTIFIER, SEQNO, ISTRANSLATED, ISENCRYPTED, ISSELECTIONCOLUMN, AD_ELEMENT_ID, ISSYNCDATABASE, ISALWAYSUPDATEABLE)
 Values
   (50023, 0, 0, 'Y', TO_DATE('12/11/2006 23:45:42', 'MM/DD/YYYY HH24:MI:SS'), TO_DATE('12/12/2006 00:03:34', 'MM/DD/YYYY HH24:MI:SS'), 0, 0, 'AD_Package_Imp_Backup_ID', 0, 'U', 'AD_Package_Imp_Backup_ID', 50002, 13, 22, 'Y', 'N', 'Y', 'N', 'Y', 1, 'N', 'N', 'N', 50009, 'N', 'N');
Insert into AD_COLUMN
   (AD_COLUMN_ID, AD_CLIENT_ID, AD_ORG_ID, ISACTIVE, CREATED, UPDATED, CREATEDBY, UPDATEDBY, NAME, VERSION, ENTITYTYPE, COLUMNNAME, AD_TABLE_ID, AD_REFERENCE_ID, FIELDLENGTH, ISKEY, ISPARENT, ISMANDATORY, ISUPDATEABLE, ISIDENTIFIER, ISTRANSLATED, ISENCRYPTED, ISSELECTIONCOLUMN, AD_ELEMENT_ID, ISSYNCDATABASE, ISALWAYSUPDATEABLE)
 Values
   (50024, 0, 0, 'Y', TO_DATE('12/11/2006 23:45:43', 'MM/DD/YYYY HH24:MI:SS'), TO_DATE('12/12/2006 00:03:38', 'MM/DD/YYYY HH24:MI:SS'), 0, 0, 'AD_Client_ID', 0, 'U', 'AD_Client_ID', 50002, 19, 22, 'N', 'Y', 'Y', 'N', 'N', 'N', 'N', 'N', 102, 'N', 'N');
Insert into AD_COLUMN
   (AD_COLUMN_ID, AD_CLIENT_ID, AD_ORG_ID, ISACTIVE, CREATED, UPDATED, CREATEDBY, UPDATEDBY, NAME, VERSION, ENTITYTYPE, COLUMNNAME, AD_TABLE_ID, AD_REFERENCE_ID, AD_REFERENCE_VALUE_ID, FIELDLENGTH, ISKEY, ISPARENT, ISMANDATORY, ISUPDATEABLE, ISIDENTIFIER, ISTRANSLATED, ISENCRYPTED, ISSELECTIONCOLUMN, AD_ELEMENT_ID, ISSYNCDATABASE, ISALWAYSUPDATEABLE)
 Values
   (50025, 0, 0, 'Y', TO_DATE('12/11/2006 23:45:43', 'MM/DD/YYYY HH24:MI:SS'), TO_DATE('12/12/2006 00:03:42', 'MM/DD/YYYY HH24:MI:SS'), 0, 0, 'AD_Column_ID', 0, 'U', 'AD_Column_ID', 50002, 18, 251, 22, 'N', 'N', 'N', 'Y', 'N', 'N', 'N', 'N', 104, 'N', 'N');
Insert into AD_COLUMN
   (AD_COLUMN_ID, AD_CLIENT_ID, AD_ORG_ID, ISACTIVE, CREATED, UPDATED, CREATEDBY, UPDATEDBY, NAME, VERSION, ENTITYTYPE, COLUMNNAME, AD_TABLE_ID, AD_REFERENCE_ID, FIELDLENGTH, ISKEY, ISPARENT, ISMANDATORY, ISUPDATEABLE, ISIDENTIFIER, ISTRANSLATED, ISENCRYPTED, ISSELECTIONCOLUMN, AD_ELEMENT_ID, ISSYNCDATABASE, ISALWAYSUPDATEABLE)
 Values
   (50026, 0, 0, 'Y', TO_DATE('12/11/2006 23:45:43', 'MM/DD/YYYY HH24:MI:SS'), TO_DATE('12/12/2006 00:03:46', 'MM/DD/YYYY HH24:MI:SS'), 0, 0, 'AD_Package_Imp_Detail_ID', 0, 'U', 'AD_Package_Imp_Detail_ID', 50002, 13, 22, 'N', 'Y', 'Y', 'N', 'N', 'N', 'N', 'N', 50010, 'N', 'N');
Insert into AD_COLUMN
   (AD_COLUMN_ID, AD_CLIENT_ID, AD_ORG_ID, ISACTIVE, CREATED, UPDATED, CREATEDBY, UPDATEDBY, NAME, VERSION, ENTITYTYPE, COLUMNNAME, AD_TABLE_ID, AD_REFERENCE_ID, FIELDLENGTH, ISKEY, ISPARENT, ISMANDATORY, ISUPDATEABLE, ISIDENTIFIER, ISTRANSLATED, ISENCRYPTED, ISSELECTIONCOLUMN, AD_ELEMENT_ID, ISSYNCDATABASE, ISALWAYSUPDATEABLE)
 Values
   (50027, 0, 0, 'Y', TO_DATE('12/11/2006 23:45:44', 'MM/DD/YYYY HH24:MI:SS'), TO_DATE('12/12/2006 00:03:48', 'MM/DD/YYYY HH24:MI:SS'), 0, 0, 'AD_Package_Imp_Org_Dir', 0, 'U', 'AD_Package_Imp_Org_Dir', 50002, 10, 255, 'N', 'N', 'N', 'Y', 'N', 'N', 'N', 'N', 50011, 'N', 'N');
Insert into AD_COLUMN
   (AD_COLUMN_ID, AD_CLIENT_ID, AD_ORG_ID, ISACTIVE, CREATED, UPDATED, CREATEDBY, UPDATEDBY, NAME, VERSION, ENTITYTYPE, COLUMNNAME, AD_TABLE_ID, AD_REFERENCE_ID, FIELDLENGTH, ISKEY, ISPARENT, ISMANDATORY, ISUPDATEABLE, ISIDENTIFIER, ISTRANSLATED, ISENCRYPTED, ISSELECTIONCOLUMN, AD_ELEMENT_ID, ISSYNCDATABASE, ISALWAYSUPDATEABLE)
 Values
   (50028, 0, 0, 'Y', TO_DATE('12/11/2006 23:45:45', 'MM/DD/YYYY HH24:MI:SS'), TO_DATE('12/12/2006 00:03:50', 'MM/DD/YYYY HH24:MI:SS'), 0, 0, 'AD_Table_ID', 0, 'U', 'AD_Table_ID', 50002, 13, 22, 'N', 'N', 'N', 'Y', 'N', 'N', 'N', 'N', 126, 'N', 'N');
Insert into AD_COLUMN
   (AD_COLUMN_ID, AD_CLIENT_ID, AD_ORG_ID, ISACTIVE, CREATED, UPDATED, CREATEDBY, UPDATEDBY, NAME, VERSION, ENTITYTYPE, COLUMNNAME, AD_TABLE_ID, AD_REFERENCE_ID, FIELDLENGTH, ISKEY, ISPARENT, ISMANDATORY, ISUPDATEABLE, ISIDENTIFIER, ISTRANSLATED, ISENCRYPTED, ISSELECTIONCOLUMN, AD_ELEMENT_ID, ISSYNCDATABASE, ISALWAYSUPDATEABLE)
 Values
   (50029, 0, 0, 'Y', TO_DATE('12/11/2006 23:45:45', 'MM/DD/YYYY HH24:MI:SS'), TO_DATE('12/12/2006 00:03:53', 'MM/DD/YYYY HH24:MI:SS'), 0, 0, 'Created', 0, 'U', 'Created', 50002, 15, 7, 'N', 'N', 'Y', 'Y', 'N', 'N', 'N', 'N', 245, 'N', 'N');
Insert into AD_COLUMN
   (AD_COLUMN_ID, AD_CLIENT_ID, AD_ORG_ID, ISACTIVE, CREATED, UPDATED, CREATEDBY, UPDATEDBY, NAME, VERSION, ENTITYTYPE, COLUMNNAME, AD_TABLE_ID, AD_REFERENCE_ID, FIELDLENGTH, ISKEY, ISPARENT, ISMANDATORY, ISUPDATEABLE, ISIDENTIFIER, ISTRANSLATED, ISENCRYPTED, ISSELECTIONCOLUMN, AD_ELEMENT_ID, ISSYNCDATABASE, ISALWAYSUPDATEABLE)
 Values
   (50030, 0, 0, 'Y', TO_DATE('12/11/2006 23:45:47', 'MM/DD/YYYY HH24:MI:SS'), TO_DATE('12/12/2006 00:03:56', 'MM/DD/YYYY HH24:MI:SS'), 0, 0, 'IsActive', 0, 'U', 'IsActive', 50002, 20, 1, 'N', 'N', 'Y', 'Y', 'N', 'N', 'N', 'N', 348, 'N', 'N');
Insert into AD_COLUMN
   (AD_COLUMN_ID, AD_CLIENT_ID, AD_ORG_ID, ISACTIVE, CREATED, UPDATED, CREATEDBY, UPDATEDBY, NAME, VERSION, ENTITYTYPE, COLUMNNAME, AD_TABLE_ID, AD_REFERENCE_ID, FIELDLENGTH, ISKEY, ISPARENT, ISMANDATORY, ISUPDATEABLE, ISIDENTIFIER, ISTRANSLATED, ISENCRYPTED, ISSELECTIONCOLUMN, AD_ELEMENT_ID, ISSYNCDATABASE, ISALWAYSUPDATEABLE)
 Values
   (50031, 0, 0, 'Y', TO_DATE('12/11/2006 23:45:47', 'MM/DD/YYYY HH24:MI:SS'), TO_DATE('12/12/2006 00:03:59', 'MM/DD/YYYY HH24:MI:SS'), 0, 0, 'Updated', 0, 'U', 'Updated', 50002, 15, 7, 'N', 'N', 'Y', 'Y', 'N', 'N', 'N', 'N', 607, 'N', 'N');
Insert into AD_COLUMN
   (AD_COLUMN_ID, AD_CLIENT_ID, AD_ORG_ID, ISACTIVE, CREATED, UPDATED, CREATEDBY, UPDATEDBY, NAME, VERSION, ENTITYTYPE, COLUMNNAME, AD_TABLE_ID, AD_REFERENCE_ID, AD_REFERENCE_VALUE_ID, FIELDLENGTH, ISKEY, ISPARENT, ISMANDATORY, ISUPDATEABLE, ISIDENTIFIER, ISTRANSLATED, ISENCRYPTED, ISSELECTIONCOLUMN, AD_ELEMENT_ID, ISSYNCDATABASE, ISALWAYSUPDATEABLE)
 Values
   (50032, 0, 0, 'Y', TO_DATE('12/11/2006 23:45:47', 'MM/DD/YYYY HH24:MI:SS'), TO_DATE('12/12/2006 00:04:01', 'MM/DD/YYYY HH24:MI:SS'), 0, 0, 'UpdatedBy', 0, 'U', 'UpdatedBy', 50002, 18, 110, 22, 'N', 'N', 'Y', 'Y', 'N', 'N', 'N', 'N', 608, 'N', 'N');
Insert into AD_COLUMN
   (AD_COLUMN_ID, AD_CLIENT_ID, AD_ORG_ID, ISACTIVE, CREATED, UPDATED, CREATEDBY, UPDATEDBY, NAME, VERSION, ENTITYTYPE, COLUMNNAME, AD_TABLE_ID, AD_REFERENCE_ID, FIELDLENGTH, ISKEY, ISPARENT, ISMANDATORY, ISUPDATEABLE, ISIDENTIFIER, ISTRANSLATED, ISENCRYPTED, ISSELECTIONCOLUMN, AD_ELEMENT_ID, ISSYNCDATABASE, ISALWAYSUPDATEABLE)
 Values
   (50033, 0, 0, 'Y', TO_DATE('12/11/2006 23:45:48', 'MM/DD/YYYY HH24:MI:SS'), TO_DATE('12/12/2006 00:04:04', 'MM/DD/YYYY HH24:MI:SS'), 0, 0, 'Uninstall', 0, 'U', 'Uninstall', 50002, 20, 1, 'N', 'N', 'N', 'Y', 'N', 'N', 'N', 'N', 50005, 'N', 'N');
Insert into AD_COLUMN
   (AD_COLUMN_ID, AD_CLIENT_ID, AD_ORG_ID, ISACTIVE, CREATED, UPDATED, CREATEDBY, UPDATEDBY, NAME, VERSION, ENTITYTYPE, COLUMNNAME, AD_TABLE_ID, AD_REFERENCE_ID, AD_REFERENCE_VALUE_ID, FIELDLENGTH, ISKEY, ISPARENT, ISMANDATORY, ISUPDATEABLE, ISIDENTIFIER, ISTRANSLATED, ISENCRYPTED, ISSELECTIONCOLUMN, AD_ELEMENT_ID, ISSYNCDATABASE, ISALWAYSUPDATEABLE)
 Values
   (50034, 0, 0, 'Y', TO_DATE('12/11/2006 23:45:48', 'MM/DD/YYYY HH24:MI:SS'), TO_DATE('12/12/2006 00:04:06', 'MM/DD/YYYY HH24:MI:SS'), 0, 0, 'CreatedBy', 0, 'U', 'CreatedBy', 50002, 18, 110, 22, 'N', 'N', 'Y', 'Y', 'N', 'N', 'N', 'N', 246, 'N', 'N');
Insert into AD_COLUMN
   (AD_COLUMN_ID, AD_CLIENT_ID, AD_ORG_ID, ISACTIVE, CREATED, UPDATED, CREATEDBY, UPDATEDBY, NAME, VERSION, ENTITYTYPE, COLUMNNAME, AD_TABLE_ID, AD_REFERENCE_ID, FIELDLENGTH, ISKEY, ISPARENT, ISMANDATORY, ISUPDATEABLE, ISIDENTIFIER, ISTRANSLATED, ISENCRYPTED, ISSELECTIONCOLUMN, AD_ELEMENT_ID, ISSYNCDATABASE, ISALWAYSUPDATEABLE)
 Values
   (50035, 0, 0, 'Y', TO_DATE('12/11/2006 23:45:49', 'MM/DD/YYYY HH24:MI:SS'), TO_DATE('12/12/2006 00:04:09', 'MM/DD/YYYY HH24:MI:SS'), 0, 0, 'ColValue', 0, 'U', 'ColValue', 50002, 10, 2000, 'N', 'N', 'N', 'Y', 'N', 'N', 'N', 'N', 50012, 'N', 'N');
Insert into AD_COLUMN
   (AD_COLUMN_ID, AD_CLIENT_ID, AD_ORG_ID, ISACTIVE, CREATED, UPDATED, CREATEDBY, UPDATEDBY, NAME, VERSION, ENTITYTYPE, COLUMNNAME, AD_TABLE_ID, AD_REFERENCE_ID, AD_REFERENCE_VALUE_ID, FIELDLENGTH, ISKEY, ISPARENT, ISMANDATORY, ISUPDATEABLE, ISIDENTIFIER, ISTRANSLATED, ISENCRYPTED, ISSELECTIONCOLUMN, AD_ELEMENT_ID, ISSYNCDATABASE, ISALWAYSUPDATEABLE)
 Values
   (50036, 0, 0, 'Y', TO_DATE('12/11/2006 23:45:49', 'MM/DD/YYYY HH24:MI:SS'), TO_DATE('12/12/2006 00:04:11', 'MM/DD/YYYY HH24:MI:SS'), 0, 0, 'AD_Reference_ID', 0, 'U', 'AD_Reference_ID', 50002, 18, 1, 22, 'N', 'N', 'N', 'Y', 'N', 'N', 'N', 'N', 120, 'N', 'N');
Insert into AD_COLUMN
   (AD_COLUMN_ID, AD_CLIENT_ID, AD_ORG_ID, ISACTIVE, CREATED, UPDATED, CREATEDBY, UPDATEDBY, NAME, VERSION, ENTITYTYPE, COLUMNNAME, AD_TABLE_ID, AD_REFERENCE_ID, FIELDLENGTH, ISKEY, ISPARENT, ISMANDATORY, ISUPDATEABLE, ISIDENTIFIER, ISTRANSLATED, ISENCRYPTED, ISSELECTIONCOLUMN, AD_ELEMENT_ID, ISSYNCDATABASE, ISALWAYSUPDATEABLE)
 Values
   (50037, 0, 0, 'Y', TO_DATE('12/11/2006 23:45:49', 'MM/DD/YYYY HH24:MI:SS'), TO_DATE('12/12/2006 00:04:14', 'MM/DD/YYYY HH24:MI:SS'), 0, 0, 'AD_Package_Imp_ID', 0, 'U', 'AD_Package_Imp_ID', 50002, 13, 22, 'N', 'Y', 'Y', 'N', 'N', 'N', 'N', 'N', 50013, 'N', 'N');
Insert into AD_COLUMN
   (AD_COLUMN_ID, AD_CLIENT_ID, AD_ORG_ID, ISACTIVE, CREATED, UPDATED, CREATEDBY, UPDATEDBY, NAME, VERSION, ENTITYTYPE, COLUMNNAME, AD_TABLE_ID, AD_REFERENCE_ID, FIELDLENGTH, ISKEY, ISPARENT, ISMANDATORY, ISUPDATEABLE, ISIDENTIFIER, ISTRANSLATED, ISENCRYPTED, ISSELECTIONCOLUMN, AD_ELEMENT_ID, ISSYNCDATABASE, ISALWAYSUPDATEABLE)
 Values
   (50038, 0, 0, 'Y', TO_DATE('12/11/2006 23:45:51', 'MM/DD/YYYY HH24:MI:SS'), TO_DATE('12/12/2006 00:04:16', 'MM/DD/YYYY HH24:MI:SS'), 0, 0, 'AD_Package_Imp_Bck_Dir', 0, 'U', 'AD_Package_Imp_Bck_Dir', 50002, 10, 255, 'N', 'N', 'N', 'Y', 'N', 'N', 'N', 'N', 50014, 'N', 'N');
Insert into AD_COLUMN
   (AD_COLUMN_ID, AD_CLIENT_ID, AD_ORG_ID, ISACTIVE, CREATED, UPDATED, CREATEDBY, UPDATEDBY, NAME, VERSION, ENTITYTYPE, COLUMNNAME, AD_TABLE_ID, AD_REFERENCE_ID, FIELDLENGTH, ISKEY, ISPARENT, ISMANDATORY, ISUPDATEABLE, ISIDENTIFIER, ISTRANSLATED, ISENCRYPTED, ISSELECTIONCOLUMN, AD_ELEMENT_ID, ISSYNCDATABASE, ISALWAYSUPDATEABLE)
 Values
   (50039, 0, 0, 'Y', TO_DATE('12/11/2006 23:45:51', 'MM/DD/YYYY HH24:MI:SS'), TO_DATE('12/12/2006 00:04:18', 'MM/DD/YYYY HH24:MI:SS'), 0, 0, 'AD_Org_ID', 0, 'U', 'AD_Org_ID', 50002, 13, 22, 'N', 'Y', 'Y', 'N', 'N', 'N', 'N', 'N', 113, 'N', 'N');
Insert into AD_COLUMN
   (AD_COLUMN_ID, AD_CLIENT_ID, AD_ORG_ID, ISACTIVE, CREATED, UPDATED, CREATEDBY, UPDATEDBY, NAME, VERSION, ENTITYTYPE, COLUMNNAME, AD_TABLE_ID, AD_REFERENCE_ID, FIELDLENGTH, ISKEY, ISPARENT, ISMANDATORY, ISUPDATEABLE, ISIDENTIFIER, SEQNO, ISTRANSLATED, ISENCRYPTED, ISSELECTIONCOLUMN, AD_ELEMENT_ID, ISSYNCDATABASE, ISALWAYSUPDATEABLE)
 Values
   (50040, 0, 0, 'Y', TO_DATE('12/11/2006 23:45:54', 'MM/DD/YYYY HH24:MI:SS'), TO_DATE('12/12/2006 00:04:52', 'MM/DD/YYYY HH24:MI:SS'), 0, 0, 'AD_Package_Imp_ID', 0, 'U', 'AD_Package_Imp_ID', 50003, 13, 22, 'Y', 'N', 'Y', 'N', 'Y', 1, 'N', 'N', 'N', 50013, 'N', 'N');
Insert into AD_COLUMN
   (AD_COLUMN_ID, AD_CLIENT_ID, AD_ORG_ID, ISACTIVE, CREATED, UPDATED, CREATEDBY, UPDATEDBY, NAME, VERSION, ENTITYTYPE, COLUMNNAME, AD_TABLE_ID, AD_REFERENCE_ID, FIELDLENGTH, ISKEY, ISPARENT, ISMANDATORY, ISUPDATEABLE, ISIDENTIFIER, ISTRANSLATED, ISENCRYPTED, ISSELECTIONCOLUMN, AD_ELEMENT_ID, ISSYNCDATABASE, ISALWAYSUPDATEABLE)
 Values
   (50041, 0, 0, 'Y', TO_DATE('12/11/2006 23:45:54', 'MM/DD/YYYY HH24:MI:SS'), TO_DATE('12/12/2006 00:04:54', 'MM/DD/YYYY HH24:MI:SS'), 0, 0, 'AD_Client_ID', 0, 'U', 'AD_Client_ID', 50003, 19, 22, 'N', 'N', 'Y', 'N', 'N', 'N', 'N', 'N', 102, 'N', 'N');
Insert into AD_COLUMN
   (AD_COLUMN_ID, AD_CLIENT_ID, AD_ORG_ID, ISACTIVE, CREATED, UPDATED, CREATEDBY, UPDATEDBY, NAME, VERSION, ENTITYTYPE, COLUMNNAME, AD_TABLE_ID, AD_REFERENCE_ID, FIELDLENGTH, ISKEY, ISPARENT, ISMANDATORY, ISUPDATEABLE, ISIDENTIFIER, ISTRANSLATED, ISENCRYPTED, ISSELECTIONCOLUMN, AD_ELEMENT_ID, ISSYNCDATABASE, ISALWAYSUPDATEABLE)
 Values
   (50042, 0, 0, 'Y', TO_DATE('12/11/2006 23:45:55', 'MM/DD/YYYY HH24:MI:SS'), TO_DATE('12/12/2006 00:04:57', 'MM/DD/YYYY HH24:MI:SS'), 0, 0, 'Created', 0, 'U', 'Created', 50003, 16, 7, 'N', 'N', 'Y', 'Y', 'N', 'N', 'N', 'N', 245, 'N', 'N');
Insert into AD_COLUMN
   (AD_COLUMN_ID, AD_CLIENT_ID, AD_ORG_ID, ISACTIVE, CREATED, UPDATED, CREATEDBY, UPDATEDBY, NAME, VERSION, ENTITYTYPE, COLUMNNAME, AD_TABLE_ID, AD_REFERENCE_ID, FIELDLENGTH, ISKEY, ISPARENT, ISMANDATORY, ISUPDATEABLE, ISIDENTIFIER, ISTRANSLATED, ISENCRYPTED, ISSELECTIONCOLUMN, AD_ELEMENT_ID, ISSYNCDATABASE, ISALWAYSUPDATEABLE)
 Values
   (50043, 0, 0, 'Y', TO_DATE('12/11/2006 23:45:55', 'MM/DD/YYYY HH24:MI:SS'), TO_DATE('12/12/2006 00:04:59', 'MM/DD/YYYY HH24:MI:SS'), 0, 0, 'CreatedDate', 0, 'U', 'CreatedDate', 50003, 10, 25, 'N', 'N', 'N', 'Y', 'N', 'N', 'N', 'N', 50002, 'N', 'N');
Insert into AD_COLUMN
   (AD_COLUMN_ID, AD_CLIENT_ID, AD_ORG_ID, ISACTIVE, CREATED, UPDATED, CREATEDBY, UPDATEDBY, NAME, VERSION, ENTITYTYPE, COLUMNNAME, AD_TABLE_ID, AD_REFERENCE_ID, FIELDLENGTH, ISKEY, ISPARENT, ISMANDATORY, ISUPDATEABLE, ISIDENTIFIER, ISTRANSLATED, ISENCRYPTED, ISSELECTIONCOLUMN, AD_ELEMENT_ID, ISSYNCDATABASE, ISALWAYSUPDATEABLE)
 Values
   (50044, 0, 0, 'Y', TO_DATE('12/11/2006 23:45:55', 'MM/DD/YYYY HH24:MI:SS'), TO_DATE('12/12/2006 00:05:01', 'MM/DD/YYYY HH24:MI:SS'), 0, 0, 'CreatorContact', 0, 'U', 'CreatorContact', 50003, 10, 255, 'N', 'N', 'N', 'Y', 'N', 'N', 'N', 'N', 50008, 'N', 'N');
Insert into AD_COLUMN
   (AD_COLUMN_ID, AD_CLIENT_ID, AD_ORG_ID, ISACTIVE, CREATED, UPDATED, CREATEDBY, UPDATEDBY, NAME, VERSION, ENTITYTYPE, COLUMNNAME, AD_TABLE_ID, AD_REFERENCE_ID, FIELDLENGTH, ISKEY, ISPARENT, ISMANDATORY, ISUPDATEABLE, ISIDENTIFIER, ISTRANSLATED, ISENCRYPTED, ISSELECTIONCOLUMN, AD_ELEMENT_ID, ISSYNCDATABASE, ISALWAYSUPDATEABLE)
 Values
   (50045, 0, 0, 'Y', TO_DATE('12/11/2006 23:45:56', 'MM/DD/YYYY HH24:MI:SS'), TO_DATE('12/12/2006 00:05:04', 'MM/DD/YYYY HH24:MI:SS'), 0, 0, 'EMail', 0, 'U', 'EMail', 50003, 10, 60, 'N', 'N', 'N', 'Y', 'N', 'N', 'N', 'N', 881, 'N', 'N');
Insert into AD_COLUMN
   (AD_COLUMN_ID, AD_CLIENT_ID, AD_ORG_ID, ISACTIVE, CREATED, UPDATED, CREATEDBY, UPDATEDBY, NAME, VERSION, ENTITYTYPE, COLUMNNAME, AD_TABLE_ID, AD_REFERENCE_ID, FIELDLENGTH, ISKEY, ISPARENT, ISMANDATORY, ISUPDATEABLE, ISIDENTIFIER, ISTRANSLATED, ISENCRYPTED, ISSELECTIONCOLUMN, AD_ELEMENT_ID, ISSYNCDATABASE, ISALWAYSUPDATEABLE)
 Values
   (50046, 0, 0, 'Y', TO_DATE('12/11/2006 23:45:56', 'MM/DD/YYYY HH24:MI:SS'), TO_DATE('12/12/2006 00:05:08', 'MM/DD/YYYY HH24:MI:SS'), 0, 0, 'Name', 0, 'U', 'Name', 50003, 10, 60, 'N', 'N', 'Y', 'Y', 'N', 'N', 'N', 'N', 469, 'N', 'N');
Insert into AD_COLUMN
   (AD_COLUMN_ID, AD_CLIENT_ID, AD_ORG_ID, ISACTIVE, CREATED, UPDATED, CREATEDBY, UPDATEDBY, NAME, VERSION, ENTITYTYPE, COLUMNNAME, AD_TABLE_ID, AD_REFERENCE_ID, FIELDLENGTH, ISKEY, ISPARENT, ISMANDATORY, ISUPDATEABLE, ISIDENTIFIER, ISTRANSLATED, ISENCRYPTED, ISSELECTIONCOLUMN, AD_ELEMENT_ID, ISSYNCDATABASE, ISALWAYSUPDATEABLE)
 Values
   (50047, 0, 0, 'Y', TO_DATE('12/11/2006 23:45:57', 'MM/DD/YYYY HH24:MI:SS'), TO_DATE('12/12/2006 00:05:11', 'MM/DD/YYYY HH24:MI:SS'), 0, 0, 'PK_Version', 0, 'U', 'PK_Version', 50003, 10, 20, 'N', 'N', 'N', 'Y', 'N', 'N', 'N', 'N', 50003, 'N', 'N');
Insert into AD_COLUMN
   (AD_COLUMN_ID, AD_CLIENT_ID, AD_ORG_ID, ISACTIVE, CREATED, UPDATED, CREATEDBY, UPDATEDBY, NAME, VERSION, ENTITYTYPE, COLUMNNAME, AD_TABLE_ID, AD_REFERENCE_ID, FIELDLENGTH, ISKEY, ISPARENT, ISMANDATORY, ISUPDATEABLE, ISIDENTIFIER, ISTRANSLATED, ISENCRYPTED, ISSELECTIONCOLUMN, AD_ELEMENT_ID, AD_PROCESS_ID, ISSYNCDATABASE, ISALWAYSUPDATEABLE)
 Values
   (50048, 0, 0, 'Y', TO_DATE('12/11/2006 23:45:57', 'MM/DD/YYYY HH24:MI:SS'), TO_DATE('12/12/2006 00:05:17', 'MM/DD/YYYY HH24:MI:SS'), 0, 0, 'Processing', 0, 'U', 'Processing', 50003, 28, 1, 'N', 'N', 'Y', 'Y', 'N', 'N', 'N', 'N', 524, 50002, 'N', 'N');
Insert into AD_COLUMN
   (AD_COLUMN_ID, AD_CLIENT_ID, AD_ORG_ID, ISACTIVE, CREATED, UPDATED, CREATEDBY, UPDATEDBY, NAME, VERSION, ENTITYTYPE, COLUMNNAME, AD_TABLE_ID, AD_REFERENCE_ID, FIELDLENGTH, ISKEY, ISPARENT, ISMANDATORY, ISUPDATEABLE, ISIDENTIFIER, ISTRANSLATED, ISENCRYPTED, ISSELECTIONCOLUMN, AD_ELEMENT_ID, ISSYNCDATABASE, ISALWAYSUPDATEABLE)
 Values
   (50049, 0, 0, 'Y', TO_DATE('12/11/2006 23:45:59', 'MM/DD/YYYY HH24:MI:SS'), TO_DATE('12/12/2006 00:05:19', 'MM/DD/YYYY HH24:MI:SS'), 0, 0, 'Version', 0, 'U', 'Version', 50003, 10, 20, 'N', 'N', 'N', 'Y', 'N', 'N', 'N', 'N', 624, 'N', 'N');
Insert into AD_COLUMN
   (AD_COLUMN_ID, AD_CLIENT_ID, AD_ORG_ID, ISACTIVE, CREATED, UPDATED, CREATEDBY, UPDATEDBY, NAME, VERSION, ENTITYTYPE, COLUMNNAME, AD_TABLE_ID, AD_REFERENCE_ID, FIELDLENGTH, ISKEY, ISPARENT, ISMANDATORY, ISUPDATEABLE, ISIDENTIFIER, ISTRANSLATED, ISENCRYPTED, ISSELECTIONCOLUMN, AD_ELEMENT_ID, ISSYNCDATABASE, ISALWAYSUPDATEABLE)
 Values
   (50050, 0, 0, 'Y', TO_DATE('12/11/2006 23:45:59', 'MM/DD/YYYY HH24:MI:SS'), TO_DATE('12/12/2006 00:05:22', 'MM/DD/YYYY HH24:MI:SS'), 0, 0, 'UpdatedDate', 0, 'U', 'UpdatedDate', 50003, 10, 25, 'N', 'N', 'N', 'Y', 'N', 'N', 'N', 'N', 50004, 'N', 'N');
Insert into AD_COLUMN
   (AD_COLUMN_ID, AD_CLIENT_ID, AD_ORG_ID, ISACTIVE, CREATED, UPDATED, CREATEDBY, UPDATEDBY, NAME, VERSION, ENTITYTYPE, COLUMNNAME, AD_TABLE_ID, AD_REFERENCE_ID, AD_REFERENCE_VALUE_ID, FIELDLENGTH, ISKEY, ISPARENT, ISMANDATORY, ISUPDATEABLE, ISIDENTIFIER, ISTRANSLATED, ISENCRYPTED, ISSELECTIONCOLUMN, AD_ELEMENT_ID, ISSYNCDATABASE, ISALWAYSUPDATEABLE)
 Values
   (50051, 0, 0, 'Y', TO_DATE('12/11/2006 23:45:59', 'MM/DD/YYYY HH24:MI:SS'), TO_DATE('12/12/2006 00:05:25', 'MM/DD/YYYY HH24:MI:SS'), 0, 0, 'UpdatedBy', 0, 'U', 'UpdatedBy', 50003, 18, 110, 22, 'N', 'N', 'Y', 'Y', 'N', 'N', 'N', 'N', 608, 'N', 'N');
Insert into AD_COLUMN
   (AD_COLUMN_ID, AD_CLIENT_ID, AD_ORG_ID, ISACTIVE, CREATED, UPDATED, CREATEDBY, UPDATEDBY, NAME, VERSION, ENTITYTYPE, COLUMNNAME, AD_TABLE_ID, AD_REFERENCE_ID, FIELDLENGTH, ISKEY, ISPARENT, ISMANDATORY, ISUPDATEABLE, ISIDENTIFIER, ISTRANSLATED, ISENCRYPTED, ISSELECTIONCOLUMN, AD_ELEMENT_ID, ISSYNCDATABASE, ISALWAYSUPDATEABLE)
 Values
   (50052, 0, 0, 'Y', TO_DATE('12/11/2006 23:46:00', 'MM/DD/YYYY HH24:MI:SS'), TO_DATE('12/12/2006 00:05:27', 'MM/DD/YYYY HH24:MI:SS'), 0, 0, 'Updated', 0, 'U', 'Updated', 50003, 16, 7, 'N', 'N', 'Y', 'Y', 'N', 'N', 'N', 'N', 607, 'N', 'N');
Insert into AD_COLUMN
   (AD_COLUMN_ID, AD_CLIENT_ID, AD_ORG_ID, ISACTIVE, CREATED, UPDATED, CREATEDBY, UPDATEDBY, NAME, VERSION, ENTITYTYPE, COLUMNNAME, AD_TABLE_ID, AD_REFERENCE_ID, FIELDLENGTH, DEFAULTVALUE, ISKEY, ISPARENT, ISMANDATORY, ISUPDATEABLE, ISIDENTIFIER, ISTRANSLATED, ISENCRYPTED, ISSELECTIONCOLUMN, AD_ELEMENT_ID, ISSYNCDATABASE, ISALWAYSUPDATEABLE)
 Values
   (50053, 0, 0, 'Y', TO_DATE('12/11/2006 23:46:00', 'MM/DD/YYYY HH24:MI:SS'), TO_DATE('12/12/2006 00:05:29', 'MM/DD/YYYY HH24:MI:SS'), 0, 0, 'Uninstall', 0, 'U', 'Uninstall', 50003, 20, 1, 'N', 'N', 'N', 'N', 'Y', 'N', 'N', 'N', 'N', 50005, 'N', 'N');
Insert into AD_COLUMN
   (AD_COLUMN_ID, AD_CLIENT_ID, AD_ORG_ID, ISACTIVE, CREATED, UPDATED, CREATEDBY, UPDATEDBY, NAME, VERSION, ENTITYTYPE, COLUMNNAME, AD_TABLE_ID, AD_REFERENCE_ID, FIELDLENGTH, ISKEY, ISPARENT, ISMANDATORY, ISUPDATEABLE, ISIDENTIFIER, ISTRANSLATED, ISENCRYPTED, ISSELECTIONCOLUMN, AD_ELEMENT_ID, ISSYNCDATABASE, ISALWAYSUPDATEABLE)
 Values
   (50054, 0, 0, 'Y', TO_DATE('12/11/2006 23:46:00', 'MM/DD/YYYY HH24:MI:SS'), TO_DATE('12/12/2006 00:05:32', 'MM/DD/YYYY HH24:MI:SS'), 0, 0, 'ReleaseNo', 0, 'U', 'ReleaseNo', 50003, 10, 20, 'N', 'N', 'N', 'Y', 'N', 'N', 'N', 'N', 2122, 'N', 'N');
Insert into AD_COLUMN
   (AD_COLUMN_ID, AD_CLIENT_ID, AD_ORG_ID, ISACTIVE, CREATED, UPDATED, CREATEDBY, UPDATEDBY, NAME, VERSION, ENTITYTYPE, COLUMNNAME, AD_TABLE_ID, AD_REFERENCE_ID, FIELDLENGTH, ISKEY, ISPARENT, ISMANDATORY, ISUPDATEABLE, ISIDENTIFIER, ISTRANSLATED, ISENCRYPTED, ISSELECTIONCOLUMN, AD_ELEMENT_ID, ISSYNCDATABASE, ISALWAYSUPDATEABLE)
 Values
   (50055, 0, 0, 'Y', TO_DATE('12/11/2006 23:46:01', 'MM/DD/YYYY HH24:MI:SS'), TO_DATE('12/12/2006 00:05:35', 'MM/DD/YYYY HH24:MI:SS'), 0, 0, 'Processed', 0, 'U', 'Processed', 50003, 20, 1, 'N', 'N', 'N', 'Y', 'N', 'N', 'N', 'N', 1047, 'N', 'N');
Insert into AD_COLUMN
   (AD_COLUMN_ID, AD_CLIENT_ID, AD_ORG_ID, ISACTIVE, CREATED, UPDATED, CREATEDBY, UPDATEDBY, NAME, DESCRIPTION, VERSION, ENTITYTYPE, COLUMNNAME, AD_TABLE_ID, AD_REFERENCE_ID, FIELDLENGTH, ISKEY, ISPARENT, ISMANDATORY, ISUPDATEABLE, ISIDENTIFIER, ISTRANSLATED, ISENCRYPTED, ISSELECTIONCOLUMN, AD_ELEMENT_ID, ISSYNCDATABASE, ISALWAYSUPDATEABLE)
 Values
   (50056, 0, 0, 'Y', TO_DATE('12/11/2006 23:46:02', 'MM/DD/YYYY HH24:MI:SS'), TO_DATE('12/12/2006 00:05:38', 'MM/DD/YYYY HH24:MI:SS'), 0, 0, 'PK_Status', 'Status of package installation', 0, 'U', 'PK_Status', 50003, 10, 22, 'N', 'N', 'N', 'Y', 'N', 'N', 'N', 'N', 50006, 'N', 'N');
Insert into AD_COLUMN
   (AD_COLUMN_ID, AD_CLIENT_ID, AD_ORG_ID, ISACTIVE, CREATED, UPDATED, CREATEDBY, UPDATEDBY, NAME, VERSION, ENTITYTYPE, COLUMNNAME, AD_TABLE_ID, AD_REFERENCE_ID, FIELDLENGTH, ISKEY, ISPARENT, ISMANDATORY, ISUPDATEABLE, ISIDENTIFIER, ISTRANSLATED, ISENCRYPTED, ISSELECTIONCOLUMN, AD_ELEMENT_ID, ISSYNCDATABASE, ISALWAYSUPDATEABLE)
 Values
   (50057, 0, 0, 'Y', TO_DATE('12/11/2006 23:46:03', 'MM/DD/YYYY HH24:MI:SS'), TO_DATE('12/12/2006 00:05:41', 'MM/DD/YYYY HH24:MI:SS'), 0, 0, 'IsActive', 0, 'U', 'IsActive', 50003, 20, 1, 'N', 'N', 'Y', 'Y', 'N', 'N', 'N', 'N', 348, 'N', 'N');
Insert into AD_COLUMN
   (AD_COLUMN_ID, AD_CLIENT_ID, AD_ORG_ID, ISACTIVE, CREATED, UPDATED, CREATEDBY, UPDATEDBY, NAME, VERSION, ENTITYTYPE, COLUMNNAME, AD_TABLE_ID, AD_REFERENCE_ID, FIELDLENGTH, ISKEY, ISPARENT, ISMANDATORY, ISUPDATEABLE, ISIDENTIFIER, ISTRANSLATED, ISENCRYPTED, ISSELECTIONCOLUMN, AD_ELEMENT_ID, ISSYNCDATABASE, ISALWAYSUPDATEABLE)
 Values
   (50058, 0, 0, 'Y', TO_DATE('12/11/2006 23:46:03', 'MM/DD/YYYY HH24:MI:SS'), TO_DATE('12/12/2006 00:05:44', 'MM/DD/YYYY HH24:MI:SS'), 0, 0, 'Description', 0, 'U', 'Description', 50003, 34, 1000, 'N', 'N', 'Y', 'Y', 'N', 'N', 'N', 'N', 275, 'N', 'N');
Insert into AD_COLUMN
   (AD_COLUMN_ID, AD_CLIENT_ID, AD_ORG_ID, ISACTIVE, CREATED, UPDATED, CREATEDBY, UPDATEDBY, NAME, VERSION, ENTITYTYPE, COLUMNNAME, AD_TABLE_ID, AD_REFERENCE_ID, FIELDLENGTH, ISKEY, ISPARENT, ISMANDATORY, ISUPDATEABLE, ISIDENTIFIER, ISTRANSLATED, ISENCRYPTED, ISSELECTIONCOLUMN, AD_ELEMENT_ID, ISSYNCDATABASE, ISALWAYSUPDATEABLE)
 Values
   (50059, 0, 0, 'Y', TO_DATE('12/11/2006 23:46:03', 'MM/DD/YYYY HH24:MI:SS'), TO_DATE('12/12/2006 00:05:48', 'MM/DD/YYYY HH24:MI:SS'), 0, 0, 'Creator', 0, 'U', 'Creator', 50003, 10, 60, 'N', 'N', 'N', 'Y', 'N', 'N', 'N', 'N', 50007, 'N', 'N');
Insert into AD_COLUMN
   (AD_COLUMN_ID, AD_CLIENT_ID, AD_ORG_ID, ISACTIVE, CREATED, UPDATED, CREATEDBY, UPDATEDBY, NAME, VERSION, ENTITYTYPE, COLUMNNAME, AD_TABLE_ID, AD_REFERENCE_ID, AD_REFERENCE_VALUE_ID, FIELDLENGTH, ISKEY, ISPARENT, ISMANDATORY, ISUPDATEABLE, ISIDENTIFIER, ISTRANSLATED, ISENCRYPTED, ISSELECTIONCOLUMN, AD_ELEMENT_ID, ISSYNCDATABASE, ISALWAYSUPDATEABLE)
 Values
   (50060, 0, 0, 'Y', TO_DATE('12/11/2006 23:46:04', 'MM/DD/YYYY HH24:MI:SS'), TO_DATE('12/12/2006 00:05:51', 'MM/DD/YYYY HH24:MI:SS'), 0, 0, 'CreatedBy', 0, 'U', 'CreatedBy', 50003, 18, 110, 22, 'N', 'N', 'Y', 'Y', 'N', 'N', 'N', 'N', 246, 'N', 'N');
Insert into AD_COLUMN
   (AD_COLUMN_ID, AD_CLIENT_ID, AD_ORG_ID, ISACTIVE, CREATED, UPDATED, CREATEDBY, UPDATEDBY, NAME, VERSION, ENTITYTYPE, COLUMNNAME, AD_TABLE_ID, AD_REFERENCE_ID, FIELDLENGTH, ISKEY, ISPARENT, ISMANDATORY, ISUPDATEABLE, ISIDENTIFIER, ISTRANSLATED, ISENCRYPTED, ISSELECTIONCOLUMN, AD_ELEMENT_ID, ISSYNCDATABASE, ISALWAYSUPDATEABLE)
 Values
   (50061, 0, 0, 'Y', TO_DATE('12/11/2006 23:46:04', 'MM/DD/YYYY HH24:MI:SS'), TO_DATE('12/12/2006 00:05:53', 'MM/DD/YYYY HH24:MI:SS'), 0, 0, 'AD_Org_ID', 0, 'U', 'AD_Org_ID', 50003, 19, 22, 'N', 'N', 'Y', 'N', 'N', 'N', 'N', 'N', 113, 'N', 'N');
Insert into AD_COLUMN
   (AD_COLUMN_ID, AD_CLIENT_ID, AD_ORG_ID, ISACTIVE, CREATED, UPDATED, CREATEDBY, UPDATEDBY, NAME, VERSION, ENTITYTYPE, COLUMNNAME, AD_TABLE_ID, AD_REFERENCE_ID, FIELDLENGTH, ISKEY, ISPARENT, ISMANDATORY, ISUPDATEABLE, ISIDENTIFIER, ISTRANSLATED, ISENCRYPTED, ISSELECTIONCOLUMN, AD_ELEMENT_ID, ISSYNCDATABASE, ISALWAYSUPDATEABLE)
 Values
   (50062, 0, 0, 'Y', TO_DATE('12/11/2006 23:46:09', 'MM/DD/YYYY HH24:MI:SS'), TO_DATE('12/12/2006 00:06:41', 'MM/DD/YYYY HH24:MI:SS'), 0, 0, 'AD_Client_ID', 0, 'U', 'AD_Client_ID', 50004, 19, 22, 'N', 'Y', 'Y', 'N', 'N', 'N', 'N', 'N', 102, 'N', 'N');
Insert into AD_COLUMN
   (AD_COLUMN_ID, AD_CLIENT_ID, AD_ORG_ID, ISACTIVE, CREATED, UPDATED, CREATEDBY, UPDATEDBY, NAME, VERSION, ENTITYTYPE, COLUMNNAME, AD_TABLE_ID, AD_REFERENCE_ID, FIELDLENGTH, ISKEY, ISPARENT, ISMANDATORY, ISUPDATEABLE, ISIDENTIFIER, ISTRANSLATED, ISENCRYPTED, ISSELECTIONCOLUMN, AD_ELEMENT_ID, ISSYNCDATABASE, ISALWAYSUPDATEABLE)
 Values
   (50063, 0, 0, 'Y', TO_DATE('12/11/2006 23:46:09', 'MM/DD/YYYY HH24:MI:SS'), TO_DATE('12/12/2006 00:06:43', 'MM/DD/YYYY HH24:MI:SS'), 0, 0, 'AD_Org_ID', 0, 'U', 'AD_Org_ID', 50004, 19, 22, 'N', 'Y', 'Y', 'N', 'N', 'N', 'N', 'N', 113, 'N', 'N');
Insert into AD_COLUMN
   (AD_COLUMN_ID, AD_CLIENT_ID, AD_ORG_ID, ISACTIVE, CREATED, UPDATED, CREATEDBY, UPDATEDBY, NAME, VERSION, ENTITYTYPE, COLUMNNAME, AD_TABLE_ID, AD_REFERENCE_ID, FIELDLENGTH, ISKEY, ISPARENT, ISMANDATORY, ISUPDATEABLE, ISIDENTIFIER, ISTRANSLATED, ISENCRYPTED, ISSELECTIONCOLUMN, AD_ELEMENT_ID, ISSYNCDATABASE, ISALWAYSUPDATEABLE)
 Values
   (50064, 0, 0, 'Y', TO_DATE('12/11/2006 23:46:10', 'MM/DD/YYYY HH24:MI:SS'), TO_DATE('12/12/2006 00:06:45', 'MM/DD/YYYY HH24:MI:SS'), 0, 0, 'AD_Original_ID', 0, 'U', 'AD_Original_ID', 50004, 13, 22, 'N', 'N', 'Y', 'Y', 'N', 'N', 'N', 'N', 50015, 'N', 'N');
Insert into AD_COLUMN
   (AD_COLUMN_ID, AD_CLIENT_ID, AD_ORG_ID, ISACTIVE, CREATED, UPDATED, CREATEDBY, UPDATEDBY, NAME, VERSION, ENTITYTYPE, COLUMNNAME, AD_TABLE_ID, AD_REFERENCE_ID, FIELDLENGTH, ISKEY, ISPARENT, ISMANDATORY, ISUPDATEABLE, ISIDENTIFIER, ISTRANSLATED, ISENCRYPTED, ISSELECTIONCOLUMN, AD_ELEMENT_ID, ISSYNCDATABASE, ISALWAYSUPDATEABLE)
 Values
   (50065, 0, 0, 'Y', TO_DATE('12/11/2006 23:46:10', 'MM/DD/YYYY HH24:MI:SS'), TO_DATE('12/12/2006 00:06:48', 'MM/DD/YYYY HH24:MI:SS'), 0, 0, 'AD_Package_Imp_Detail_ID', 0, 'U', 'AD_Package_Imp_Detail_ID', 50004, 13, 22, 'N', 'Y', 'Y', 'N', 'N', 'N', 'N', 'N', 50010, 'N', 'N');
Insert into AD_COLUMN
   (AD_COLUMN_ID, AD_CLIENT_ID, AD_ORG_ID, ISACTIVE, CREATED, UPDATED, CREATEDBY, UPDATEDBY, NAME, VERSION, ENTITYTYPE, COLUMNNAME, AD_TABLE_ID, AD_REFERENCE_ID, FIELDLENGTH, ISKEY, ISPARENT, ISMANDATORY, ISUPDATEABLE, ISIDENTIFIER, ISTRANSLATED, ISENCRYPTED, ISSELECTIONCOLUMN, AD_ELEMENT_ID, ISSYNCDATABASE, ISALWAYSUPDATEABLE)
 Values
   (50066, 0, 0, 'Y', TO_DATE('12/11/2006 23:46:10', 'MM/DD/YYYY HH24:MI:SS'), TO_DATE('12/12/2006 00:06:50', 'MM/DD/YYYY HH24:MI:SS'), 0, 0, 'AD_Package_Imp_ID', 0, 'U', 'AD_Package_Imp_ID', 50004, 13, 60, 'N', 'Y', 'Y', 'N', 'N', 'N', 'N', 'N', 50013, 'N', 'N');
Insert into AD_COLUMN
   (AD_COLUMN_ID, AD_CLIENT_ID, AD_ORG_ID, ISACTIVE, CREATED, UPDATED, CREATEDBY, UPDATEDBY, NAME, VERSION, ENTITYTYPE, COLUMNNAME, AD_TABLE_ID, AD_REFERENCE_ID, FIELDLENGTH, ISKEY, ISPARENT, ISMANDATORY, ISUPDATEABLE, ISIDENTIFIER, ISTRANSLATED, ISENCRYPTED, ISSELECTIONCOLUMN, AD_ELEMENT_ID, ISSYNCDATABASE, ISALWAYSUPDATEABLE)
 Values
   (50067, 0, 0, 'Y', TO_DATE('12/11/2006 23:46:11', 'MM/DD/YYYY HH24:MI:SS'), TO_DATE('12/12/2006 00:06:53', 'MM/DD/YYYY HH24:MI:SS'), 0, 0, 'AD_Table_ID', 0, 'U', 'AD_Table_ID', 50004, 13, 22, 'N', 'N', 'N', 'Y', 'N', 'N', 'N', 'N', 126, 'N', 'N');
Insert into AD_COLUMN
   (AD_COLUMN_ID, AD_CLIENT_ID, AD_ORG_ID, ISACTIVE, CREATED, UPDATED, CREATEDBY, UPDATEDBY, NAME, VERSION, ENTITYTYPE, COLUMNNAME, AD_TABLE_ID, AD_REFERENCE_ID, FIELDLENGTH, ISKEY, ISPARENT, ISMANDATORY, ISUPDATEABLE, ISIDENTIFIER, ISTRANSLATED, ISENCRYPTED, ISSELECTIONCOLUMN, AD_ELEMENT_ID, ISSYNCDATABASE, ISALWAYSUPDATEABLE)
 Values
   (50068, 0, 0, 'Y', TO_DATE('12/11/2006 23:46:11', 'MM/DD/YYYY HH24:MI:SS'), TO_DATE('12/12/2006 00:06:56', 'MM/DD/YYYY HH24:MI:SS'), 0, 0, 'Action', 0, 'U', 'Action', 50004, 10, 20, 'N', 'N', 'N', 'Y', 'N', 'N', 'N', 'N', 152, 'N', 'N');
Insert into AD_COLUMN
   (AD_COLUMN_ID, AD_CLIENT_ID, AD_ORG_ID, ISACTIVE, CREATED, UPDATED, CREATEDBY, UPDATEDBY, NAME, VERSION, ENTITYTYPE, COLUMNNAME, AD_TABLE_ID, AD_REFERENCE_ID, FIELDLENGTH, ISKEY, ISPARENT, ISMANDATORY, ISUPDATEABLE, ISIDENTIFIER, ISTRANSLATED, ISENCRYPTED, ISSELECTIONCOLUMN, AD_ELEMENT_ID, ISSYNCDATABASE, ISALWAYSUPDATEABLE)
 Values
   (50069, 0, 0, 'Y', TO_DATE('12/11/2006 23:46:11', 'MM/DD/YYYY HH24:MI:SS'), TO_DATE('12/12/2006 00:06:58', 'MM/DD/YYYY HH24:MI:SS'), 0, 0, 'Ad_Backup_ID', 0, 'U', 'Ad_Backup_ID', 50004, 13, 22, 'N', 'N', 'N', 'Y', 'N', 'N', 'N', 'N', 50016, 'N', 'N');
Insert into AD_COLUMN
   (AD_COLUMN_ID, AD_CLIENT_ID, AD_ORG_ID, ISACTIVE, CREATED, UPDATED, CREATEDBY, UPDATEDBY, NAME, VERSION, ENTITYTYPE, COLUMNNAME, AD_TABLE_ID, AD_REFERENCE_ID, FIELDLENGTH, ISKEY, ISPARENT, ISMANDATORY, ISUPDATEABLE, ISIDENTIFIER, ISTRANSLATED, ISENCRYPTED, ISSELECTIONCOLUMN, AD_ELEMENT_ID, ISSYNCDATABASE, ISALWAYSUPDATEABLE)
 Values
   (50070, 0, 0, 'Y', TO_DATE('12/11/2006 23:46:12', 'MM/DD/YYYY HH24:MI:SS'), TO_DATE('12/12/2006 00:07:01', 'MM/DD/YYYY HH24:MI:SS'), 0, 0, 'Created', 0, 'U', 'Created', 50004, 15, 7, 'N', 'N', 'Y', 'Y', 'N', 'N', 'N', 'N', 245, 'N', 'N');
Insert into AD_COLUMN
   (AD_COLUMN_ID, AD_CLIENT_ID, AD_ORG_ID, ISACTIVE, CREATED, UPDATED, CREATEDBY, UPDATEDBY, NAME, VERSION, ENTITYTYPE, COLUMNNAME, AD_TABLE_ID, AD_REFERENCE_ID, AD_REFERENCE_VALUE_ID, FIELDLENGTH, ISKEY, ISPARENT, ISMANDATORY, ISUPDATEABLE, ISIDENTIFIER, ISTRANSLATED, ISENCRYPTED, ISSELECTIONCOLUMN, AD_ELEMENT_ID, ISSYNCDATABASE, ISALWAYSUPDATEABLE)
 Values
   (50071, 0, 0, 'Y', TO_DATE('12/11/2006 23:46:12', 'MM/DD/YYYY HH24:MI:SS'), TO_DATE('12/12/2006 00:07:03', 'MM/DD/YYYY HH24:MI:SS'), 0, 0, 'CreatedBy', 0, 'U', 'CreatedBy', 50004, 18, 110, 22, 'N', 'N', 'Y', 'Y', 'N', 'N', 'N', 'N', 246, 'N', 'N');
Insert into AD_COLUMN
   (AD_COLUMN_ID, AD_CLIENT_ID, AD_ORG_ID, ISACTIVE, CREATED, UPDATED, CREATEDBY, UPDATEDBY, NAME, VERSION, ENTITYTYPE, COLUMNNAME, AD_TABLE_ID, AD_REFERENCE_ID, FIELDLENGTH, ISKEY, ISPARENT, ISMANDATORY, ISUPDATEABLE, ISIDENTIFIER, ISTRANSLATED, ISENCRYPTED, ISSELECTIONCOLUMN, AD_ELEMENT_ID, ISSYNCDATABASE, ISALWAYSUPDATEABLE)
 Values
   (50072, 0, 0, 'Y', TO_DATE('12/11/2006 23:46:13', 'MM/DD/YYYY HH24:MI:SS'), TO_DATE('12/12/2006 00:07:05', 'MM/DD/YYYY HH24:MI:SS'), 0, 0, 'IsActive', 0, 'U', 'IsActive', 50004, 20, 1, 'N', 'N', 'Y', 'Y', 'N', 'N', 'N', 'N', 348, 'N', 'N');
Insert into AD_COLUMN
   (AD_COLUMN_ID, AD_CLIENT_ID, AD_ORG_ID, ISACTIVE, CREATED, UPDATED, CREATEDBY, UPDATEDBY, NAME, VERSION, ENTITYTYPE, COLUMNNAME, AD_TABLE_ID, AD_REFERENCE_ID, FIELDLENGTH, ISKEY, ISPARENT, ISMANDATORY, ISUPDATEABLE, ISIDENTIFIER, ISTRANSLATED, ISENCRYPTED, ISSELECTIONCOLUMN, AD_ELEMENT_ID, ISSYNCDATABASE, ISALWAYSUPDATEABLE)
 Values
   (50073, 0, 0, 'Y', TO_DATE('12/11/2006 23:46:13', 'MM/DD/YYYY HH24:MI:SS'), TO_DATE('12/12/2006 00:07:08', 'MM/DD/YYYY HH24:MI:SS'), 0, 0, 'Name', 0, 'U', 'Name', 50004, 10, 60, 'N', 'N', 'N', 'Y', 'N', 'N', 'N', 'N', 469, 'N', 'N');
Insert into AD_COLUMN
   (AD_COLUMN_ID, AD_CLIENT_ID, AD_ORG_ID, ISACTIVE, CREATED, UPDATED, CREATEDBY, UPDATEDBY, NAME, DESCRIPTION, HELP, VERSION, ENTITYTYPE, COLUMNNAME, AD_TABLE_ID, AD_REFERENCE_ID, FIELDLENGTH, ISKEY, ISPARENT, ISMANDATORY, ISUPDATEABLE, ISIDENTIFIER, ISTRANSLATED, ISENCRYPTED, ISSELECTIONCOLUMN, AD_ELEMENT_ID, ISSYNCDATABASE, ISALWAYSUPDATEABLE)
 Values
   (50074, 0, 0, 'Y', TO_DATE('12/11/2006 23:46:13', 'MM/DD/YYYY HH24:MI:SS'), TO_DATE('12/12/2006 00:07:10', 'MM/DD/YYYY HH24:MI:SS'), 0, 0, 'Success', 'Indicates Success', 'Indicates if the process was successful or not', 0, 'U', 'Success', 50004, 10, 20, 'N', 'N', 'N', 'Y', 'N', 'N', 'N', 'N', 50017, 'N', 'N');
Insert into AD_COLUMN
   (AD_COLUMN_ID, AD_CLIENT_ID, AD_ORG_ID, ISACTIVE, CREATED, UPDATED, CREATEDBY, UPDATEDBY, NAME, VERSION, ENTITYTYPE, COLUMNNAME, AD_TABLE_ID, AD_REFERENCE_ID, FIELDLENGTH, ISKEY, ISPARENT, ISMANDATORY, ISUPDATEABLE, ISIDENTIFIER, ISTRANSLATED, ISENCRYPTED, ISSELECTIONCOLUMN, AD_ELEMENT_ID, ISSYNCDATABASE, ISALWAYSUPDATEABLE)
 Values
   (50075, 0, 0, 'Y', TO_DATE('12/11/2006 23:46:14', 'MM/DD/YYYY HH24:MI:SS'), TO_DATE('12/12/2006 00:07:12', 'MM/DD/YYYY HH24:MI:SS'), 0, 0, 'TableName', 0, 'U', 'TableName', 50004, 10, 60, 'N', 'N', 'N', 'Y', 'N', 'N', 'N', 'N', 587, 'N', 'N');
Insert into AD_COLUMN
   (AD_COLUMN_ID, AD_CLIENT_ID, AD_ORG_ID, ISACTIVE, CREATED, UPDATED, CREATEDBY, UPDATEDBY, NAME, VERSION, ENTITYTYPE, COLUMNNAME, AD_TABLE_ID, AD_REFERENCE_ID, FIELDLENGTH, ISKEY, ISPARENT, ISMANDATORY, ISUPDATEABLE, ISIDENTIFIER, ISTRANSLATED, ISENCRYPTED, ISSELECTIONCOLUMN, AD_ELEMENT_ID, ISSYNCDATABASE, ISALWAYSUPDATEABLE)
 Values
   (50076, 0, 0, 'Y', TO_DATE('12/11/2006 23:46:14', 'MM/DD/YYYY HH24:MI:SS'), TO_DATE('12/12/2006 00:07:14', 'MM/DD/YYYY HH24:MI:SS'), 0, 0, 'Type', 0, 'U', 'Type', 50004, 10, 60, 'N', 'N', 'N', 'Y', 'N', 'N', 'N', 'N', 600, 'N', 'N');
Insert into AD_COLUMN
   (AD_COLUMN_ID, AD_CLIENT_ID, AD_ORG_ID, ISACTIVE, CREATED, UPDATED, CREATEDBY, UPDATEDBY, NAME, DESCRIPTION, HELP, VERSION, ENTITYTYPE, COLUMNNAME, AD_TABLE_ID, AD_REFERENCE_ID, FIELDLENGTH, ISKEY, ISPARENT, ISMANDATORY, ISUPDATEABLE, ISIDENTIFIER, ISTRANSLATED, ISENCRYPTED, ISSELECTIONCOLUMN, AD_ELEMENT_ID, ISSYNCDATABASE, ISALWAYSUPDATEABLE)
 Values
   (50077, 0, 0, 'Y', TO_DATE('12/11/2006 23:46:14', 'MM/DD/YYYY HH24:MI:SS'), TO_DATE('12/12/2006 00:07:17', 'MM/DD/YYYY HH24:MI:SS'), 0, 0, 'Uninstall', 'Indicates if an object has been uninstalled or reversed', 'Indicates if an object has been uninstalled or reset since the object was installed or updated by the package installation process', 0, 'U', 'Uninstall', 50004, 20, 1, 'N', 'N', 'N', 'N', 'N', 'N', 'N', 'N', 50005, 'N', 'N');
Insert into AD_COLUMN
   (AD_COLUMN_ID, AD_CLIENT_ID, AD_ORG_ID, ISACTIVE, CREATED, UPDATED, CREATEDBY, UPDATEDBY, NAME, VERSION, ENTITYTYPE, COLUMNNAME, AD_TABLE_ID, AD_REFERENCE_ID, FIELDLENGTH, ISKEY, ISPARENT, ISMANDATORY, ISUPDATEABLE, ISIDENTIFIER, ISTRANSLATED, ISENCRYPTED, ISSELECTIONCOLUMN, AD_ELEMENT_ID, ISSYNCDATABASE, ISALWAYSUPDATEABLE)
 Values
   (50078, 0, 0, 'Y', TO_DATE('12/11/2006 23:46:15', 'MM/DD/YYYY HH24:MI:SS'), TO_DATE('12/12/2006 00:07:19', 'MM/DD/YYYY HH24:MI:SS'), 0, 0, 'Updated', 0, 'U', 'Updated', 50004, 15, 7, 'N', 'N', 'Y', 'Y', 'N', 'N', 'N', 'N', 607, 'N', 'N');
Insert into AD_COLUMN
   (AD_COLUMN_ID, AD_CLIENT_ID, AD_ORG_ID, ISACTIVE, CREATED, UPDATED, CREATEDBY, UPDATEDBY, NAME, VERSION, ENTITYTYPE, COLUMNNAME, AD_TABLE_ID, AD_REFERENCE_ID, AD_REFERENCE_VALUE_ID, FIELDLENGTH, ISKEY, ISPARENT, ISMANDATORY, ISUPDATEABLE, ISIDENTIFIER, ISTRANSLATED, ISENCRYPTED, ISSELECTIONCOLUMN, AD_ELEMENT_ID, ISSYNCDATABASE, ISALWAYSUPDATEABLE)
 Values
   (50079, 0, 0, 'Y', TO_DATE('12/11/2006 23:46:15', 'MM/DD/YYYY HH24:MI:SS'), TO_DATE('12/12/2006 00:07:21', 'MM/DD/YYYY HH24:MI:SS'), 0, 0, 'UpdatedBy', 0, 'U', 'UpdatedBy', 50004, 18, 110, 22, 'N', 'N', 'Y', 'Y', 'N', 'N', 'N', 'N', 608, 'N', 'N');
Insert into AD_COLUMN
   (AD_COLUMN_ID, AD_CLIENT_ID, AD_ORG_ID, ISACTIVE, CREATED, UPDATED, CREATEDBY, UPDATEDBY, NAME, VERSION, ENTITYTYPE, COLUMNNAME, AD_TABLE_ID, AD_REFERENCE_ID, FIELDLENGTH, ISKEY, ISPARENT, ISMANDATORY, ISUPDATEABLE, READONLYLOGIC, ISIDENTIFIER, SEQNO, ISTRANSLATED, ISENCRYPTED, ISSELECTIONCOLUMN, AD_ELEMENT_ID, ISSYNCDATABASE, ISALWAYSUPDATEABLE)
 Values
   (50080, 0, 0, 'Y', TO_DATE('12/11/2006 23:46:19', 'MM/DD/YYYY HH24:MI:SS'), TO_DATE('12/12/2006 00:07:53', 'MM/DD/YYYY HH24:MI:SS'), 0, 0, 'AD_Package_Exp_ID', 0, 'U', 'AD_Package_Exp_ID', 50005, 13, 22, 'Y', 'N', 'Y', 'Y', '@Processed@="Y"', 'Y', 1, 'N', 'N', 'N', 50018, 'N', 'N');
Insert into AD_COLUMN
   (AD_COLUMN_ID, AD_CLIENT_ID, AD_ORG_ID, ISACTIVE, CREATED, UPDATED, CREATEDBY, UPDATEDBY, NAME, VERSION, ENTITYTYPE, COLUMNNAME, AD_TABLE_ID, AD_REFERENCE_ID, FIELDLENGTH, ISKEY, ISPARENT, ISMANDATORY, ISUPDATEABLE, READONLYLOGIC, ISIDENTIFIER, ISTRANSLATED, ISENCRYPTED, ISSELECTIONCOLUMN, AD_ELEMENT_ID, ISSYNCDATABASE, ISALWAYSUPDATEABLE)
 Values
   (50081, 0, 0, 'Y', TO_DATE('12/11/2006 23:46:19', 'MM/DD/YYYY HH24:MI:SS'), TO_DATE('12/12/2006 00:07:55', 'MM/DD/YYYY HH24:MI:SS'), 0, 0, 'AD_Client_ID', 0, 'U', 'AD_Client_ID', 50005, 19, 22, 'N', 'N', 'Y', 'Y', '@Processed@="Y"', 'N', 'N', 'N', 'N', 102, 'N', 'N');
Insert into AD_COLUMN
   (AD_COLUMN_ID, AD_CLIENT_ID, AD_ORG_ID, ISACTIVE, CREATED, UPDATED, CREATEDBY, UPDATEDBY, NAME, DESCRIPTION, VERSION, ENTITYTYPE, COLUMNNAME, AD_TABLE_ID, AD_REFERENCE_ID, AD_REFERENCE_VALUE_ID, FIELDLENGTH, DEFAULTVALUE, ISKEY, ISPARENT, ISMANDATORY, ISUPDATEABLE, ISIDENTIFIER, ISTRANSLATED, ISENCRYPTED, ISSELECTIONCOLUMN, AD_ELEMENT_ID, ISSYNCDATABASE, ISALWAYSUPDATEABLE)
 Values
   (50082, 0, 0, 'Y', TO_DATE('12/11/2006 23:46:20', 'MM/DD/YYYY HH24:MI:SS'), TO_DATE('12/12/2006 00:08:02', 'MM/DD/YYYY HH24:MI:SS'), 0, 0, 'AD_Package_Type', 'Defines the type of package.  XML File Local and Remote', 0, 'U', 'AD_Package_Type', 50005, 17, 50001, 1, '''X''', 'N', 'N', 'N', 'Y', 'N', 'N', 'N', 'N', 50019, 'N', 'N');
Insert into AD_COLUMN
   (AD_COLUMN_ID, AD_CLIENT_ID, AD_ORG_ID, ISACTIVE, CREATED, UPDATED, CREATEDBY, UPDATEDBY, NAME, VERSION, ENTITYTYPE, COLUMNNAME, AD_TABLE_ID, AD_REFERENCE_ID, AD_REFERENCE_VALUE_ID, FIELDLENGTH, ISKEY, ISPARENT, ISMANDATORY, ISUPDATEABLE, READONLYLOGIC, ISIDENTIFIER, ISTRANSLATED, ISENCRYPTED, ISSELECTIONCOLUMN, AD_ELEMENT_ID, ISSYNCDATABASE, ISALWAYSUPDATEABLE)
 Values
   (50083, 0, 0, 'Y', TO_DATE('12/11/2006 23:46:20', 'MM/DD/YYYY HH24:MI:SS'), TO_DATE('12/12/2006 00:08:05', 'MM/DD/YYYY HH24:MI:SS'), 0, 0, 'CreatedBy', 0, 'U', 'CreatedBy', 50005, 18, 110, 22, 'N', 'N', 'Y', 'Y', '@Processed@="Y"', 'N', 'N', 'N', 'N', 246, 'N', 'N');
Insert into AD_COLUMN
   (AD_COLUMN_ID, AD_CLIENT_ID, AD_ORG_ID, ISACTIVE, CREATED, UPDATED, CREATEDBY, UPDATEDBY, NAME, DESCRIPTION, VERSION, ENTITYTYPE, COLUMNNAME, AD_TABLE_ID, AD_REFERENCE_ID, FIELDLENGTH, ISKEY, ISPARENT, ISMANDATORY, ISUPDATEABLE, ISIDENTIFIER, ISTRANSLATED, ISENCRYPTED, ISSELECTIONCOLUMN, AD_ELEMENT_ID, ISSYNCDATABASE, ISALWAYSUPDATEABLE)
 Values
   (50084, 0, 0, 'Y', TO_DATE('12/11/2006 23:46:21', 'MM/DD/YYYY HH24:MI:SS'), TO_DATE('12/12/2006 00:08:07', 'MM/DD/YYYY HH24:MI:SS'), 0, 0, 'Email Address', 'Email Address creator of the package', 0, 'U', 'EMail', 50005, 10, 30, 'N', 'N', 'Y', 'Y', 'N', 'N', 'N', 'N', 881, 'N', 'N');
Insert into AD_COLUMN
   (AD_COLUMN_ID, AD_CLIENT_ID, AD_ORG_ID, ISACTIVE, CREATED, UPDATED, CREATEDBY, UPDATEDBY, NAME, VERSION, ENTITYTYPE, COLUMNNAME, AD_TABLE_ID, AD_REFERENCE_ID, FIELDLENGTH, ISKEY, ISPARENT, ISMANDATORY, ISUPDATEABLE, ISIDENTIFIER, ISTRANSLATED, ISENCRYPTED, ISSELECTIONCOLUMN, AD_ELEMENT_ID, ISSYNCDATABASE, ISALWAYSUPDATEABLE)
 Values
   (50085, 0, 0, 'Y', TO_DATE('12/11/2006 23:46:21', 'MM/DD/YYYY HH24:MI:SS'), TO_DATE('12/12/2006 00:08:10', 'MM/DD/YYYY HH24:MI:SS'), 0, 0, 'Instructions', 0, 'U', 'Instructions', 50005, 34, 1000, 'N', 'N', 'Y', 'Y', 'N', 'N', 'N', 'N', 50020, 'N', 'N');
Insert into AD_COLUMN
   (AD_COLUMN_ID, AD_CLIENT_ID, AD_ORG_ID, ISACTIVE, CREATED, UPDATED, CREATEDBY, UPDATEDBY, NAME, DESCRIPTION, VERSION, ENTITYTYPE, COLUMNNAME, AD_TABLE_ID, AD_REFERENCE_ID, FIELDLENGTH, ISKEY, ISPARENT, ISMANDATORY, ISUPDATEABLE, ISIDENTIFIER, ISTRANSLATED, ISENCRYPTED, ISSELECTIONCOLUMN, AD_ELEMENT_ID, ISSYNCDATABASE, ISALWAYSUPDATEABLE)
 Values
   (50086, 0, 0, 'Y', TO_DATE('12/11/2006 23:46:21', 'MM/DD/YYYY HH24:MI:SS'), TO_DATE('12/12/2006 00:08:13', 'MM/DD/YYYY HH24:MI:SS'), 0, 0, 'PK_Name', 'Name of Package', 0, 'U', 'PK_Name', 50005, 10, 60, 'N', 'N', 'Y', 'Y', 'N', 'N', 'N', 'N', 50021, 'N', 'N');
Insert into AD_COLUMN
   (AD_COLUMN_ID, AD_CLIENT_ID, AD_ORG_ID, ISACTIVE, CREATED, UPDATED, CREATEDBY, UPDATEDBY, NAME, VERSION, ENTITYTYPE, COLUMNNAME, AD_TABLE_ID, AD_REFERENCE_ID, FIELDLENGTH, ISKEY, ISPARENT, ISMANDATORY, ISUPDATEABLE, READONLYLOGIC, ISIDENTIFIER, ISTRANSLATED, ISENCRYPTED, ISSELECTIONCOLUMN, AD_ELEMENT_ID, ISSYNCDATABASE, ISALWAYSUPDATEABLE)
 Values
   (50087, 0, 0, 'Y', TO_DATE('12/11/2006 23:46:22', 'MM/DD/YYYY HH24:MI:SS'), TO_DATE('12/12/2006 00:08:15', 'MM/DD/YYYY HH24:MI:SS'), 0, 0, 'Processed', 0, 'U', 'Processed', 50005, 20, 1, 'N', 'N', 'N', 'Y', '@Processed@="Y"', 'N', 'N', 'N', 'N', 1047, 'N', 'N');
Insert into AD_COLUMN
   (AD_COLUMN_ID, AD_CLIENT_ID, AD_ORG_ID, ISACTIVE, CREATED, UPDATED, CREATEDBY, UPDATEDBY, NAME, DESCRIPTION, VERSION, ENTITYTYPE, COLUMNNAME, AD_TABLE_ID, AD_REFERENCE_ID, AD_REFERENCE_VALUE_ID, FIELDLENGTH, ISKEY, ISPARENT, ISMANDATORY, ISUPDATEABLE, ISIDENTIFIER, ISTRANSLATED, ISENCRYPTED, ISSELECTIONCOLUMN, AD_ELEMENT_ID, ISSYNCDATABASE, ISALWAYSUPDATEABLE)
 Values
   (50088, 0, 0, 'Y', TO_DATE('12/11/2006 23:46:23', 'MM/DD/YYYY HH24:MI:SS'), TO_DATE('12/12/2006 00:08:27', 'MM/DD/YYYY HH24:MI:SS'), 0, 0, 'ReleaseNo', 'Release Number', 0, 'U', 'ReleaseNo', 50005, 17, 50002, 20, 'N', 'N', 'Y', 'Y', 'N', 'N', 'N', 'N', 2122, 'N', 'N');
Insert into AD_COLUMN
   (AD_COLUMN_ID, AD_CLIENT_ID, AD_ORG_ID, ISACTIVE, CREATED, UPDATED, CREATEDBY, UPDATEDBY, NAME, VERSION, ENTITYTYPE, COLUMNNAME, AD_TABLE_ID, AD_REFERENCE_ID, FIELDLENGTH, ISKEY, ISPARENT, ISMANDATORY, ISUPDATEABLE, ISIDENTIFIER, ISTRANSLATED, ISENCRYPTED, ISSELECTIONCOLUMN, AD_ELEMENT_ID, ISSYNCDATABASE, ISALWAYSUPDATEABLE)
 Values
   (50089, 0, 0, 'Y', TO_DATE('12/11/2006 23:46:24', 'MM/DD/YYYY HH24:MI:SS'), TO_DATE('12/12/2006 00:08:29', 'MM/DD/YYYY HH24:MI:SS'), 0, 0, 'Version', 0, 'U', 'Version', 50005, 10, 20, 'N', 'N', 'Y', 'Y', 'N', 'N', 'N', 'N', 624, 'N', 'N');
Insert into AD_COLUMN
   (AD_COLUMN_ID, AD_CLIENT_ID, AD_ORG_ID, ISACTIVE, CREATED, UPDATED, CREATEDBY, UPDATEDBY, NAME, DESCRIPTION, VERSION, ENTITYTYPE, COLUMNNAME, AD_TABLE_ID, AD_REFERENCE_ID, FIELDLENGTH, ISKEY, ISPARENT, ISMANDATORY, ISUPDATEABLE, ISIDENTIFIER, ISTRANSLATED, ISENCRYPTED, ISSELECTIONCOLUMN, AD_ELEMENT_ID, ISSYNCDATABASE, ISALWAYSUPDATEABLE)
 Values
   (50090, 0, 0, 'Y', TO_DATE('12/11/2006 23:46:24', 'MM/DD/YYYY HH24:MI:SS'), TO_DATE('12/12/2006 00:08:32', 'MM/DD/YYYY HH24:MI:SS'), 0, 0, 'UserName', 'Creator of Package', 0, 'U', 'UserName', 50005, 10, 30, 'N', 'N', 'Y', 'Y', 'N', 'N', 'N', 'N', 1903, 'N', 'N');
Insert into AD_COLUMN
   (AD_COLUMN_ID, AD_CLIENT_ID, AD_ORG_ID, ISACTIVE, CREATED, UPDATED, CREATEDBY, UPDATEDBY, NAME, VERSION, ENTITYTYPE, COLUMNNAME, AD_TABLE_ID, AD_REFERENCE_ID, AD_REFERENCE_VALUE_ID, FIELDLENGTH, ISKEY, ISPARENT, ISMANDATORY, ISUPDATEABLE, READONLYLOGIC, ISIDENTIFIER, ISTRANSLATED, ISENCRYPTED, ISSELECTIONCOLUMN, AD_ELEMENT_ID, ISSYNCDATABASE, ISALWAYSUPDATEABLE)
 Values
   (50091, 0, 0, 'Y', TO_DATE('12/11/2006 23:46:24', 'MM/DD/YYYY HH24:MI:SS'), TO_DATE('12/12/2006 00:08:35', 'MM/DD/YYYY HH24:MI:SS'), 0, 0, 'UpdatedBy', 0, 'U', 'UpdatedBy', 50005, 18, 110, 22, 'N', 'N', 'Y', 'Y', '@Processed@="Y"', 'N', 'N', 'N', 'N', 608, 'N', 'N');
Insert into AD_COLUMN
   (AD_COLUMN_ID, AD_CLIENT_ID, AD_ORG_ID, ISACTIVE, CREATED, UPDATED, CREATEDBY, UPDATEDBY, NAME, VERSION, ENTITYTYPE, COLUMNNAME, AD_TABLE_ID, AD_REFERENCE_ID, FIELDLENGTH, ISKEY, ISPARENT, ISMANDATORY, ISUPDATEABLE, READONLYLOGIC, ISIDENTIFIER, ISTRANSLATED, ISENCRYPTED, ISSELECTIONCOLUMN, AD_ELEMENT_ID, ISSYNCDATABASE, ISALWAYSUPDATEABLE)
 Values
   (50092, 0, 0, 'Y', TO_DATE('12/11/2006 23:46:25', 'MM/DD/YYYY HH24:MI:SS'), TO_DATE('12/12/2006 00:08:37', 'MM/DD/YYYY HH24:MI:SS'), 0, 0, 'Updated', 0, 'U', 'Updated', 50005, 16, 7, 'N', 'N', 'Y', 'Y', '@Processed@="Y"', 'N', 'N', 'N', 'N', 607, 'N', 'N');
Insert into AD_COLUMN
   (AD_COLUMN_ID, AD_CLIENT_ID, AD_ORG_ID, ISACTIVE, CREATED, UPDATED, CREATEDBY, UPDATEDBY, NAME, DESCRIPTION, VERSION, ENTITYTYPE, COLUMNNAME, AD_TABLE_ID, AD_REFERENCE_ID, FIELDLENGTH, ISKEY, ISPARENT, ISMANDATORY, ISUPDATEABLE, READONLYLOGIC, ISIDENTIFIER, ISTRANSLATED, ISENCRYPTED, ISSELECTIONCOLUMN, AD_ELEMENT_ID, AD_PROCESS_ID, ISSYNCDATABASE, ISALWAYSUPDATEABLE)
 Values
   (50093, 0, 0, 'Y', TO_DATE('12/11/2006 23:46:25', 'MM/DD/YYYY HH24:MI:SS'), TO_DATE('12/12/2006 00:08:42', 'MM/DD/YYYY HH24:MI:SS'), 0, 0, 'Processing', 'Process to create package export', 0, 'U', 'Processing', 50005, 28, 1, 'N', 'N', 'Y', 'Y', '@Processed@="Y"', 'N', 'N', 'N', 'N', 524, 50004, 'N', 'N');
Insert into AD_COLUMN
   (AD_COLUMN_ID, AD_CLIENT_ID, AD_ORG_ID, ISACTIVE, CREATED, UPDATED, CREATEDBY, UPDATEDBY, NAME, DESCRIPTION, VERSION, ENTITYTYPE, COLUMNNAME, AD_TABLE_ID, AD_REFERENCE_ID, FIELDLENGTH, ISKEY, ISPARENT, ISMANDATORY, ISUPDATEABLE, ISIDENTIFIER, ISTRANSLATED, ISENCRYPTED, ISSELECTIONCOLUMN, AD_ELEMENT_ID, ISSYNCDATABASE, ISALWAYSUPDATEABLE)
 Values
   (50094, 0, 0, 'Y', TO_DATE('12/11/2006 23:46:27', 'MM/DD/YYYY HH24:MI:SS'), TO_DATE('12/12/2006 00:08:45', 'MM/DD/YYYY HH24:MI:SS'), 0, 0, 'PK_Version', 'Package Version', 0, 'U', 'PK_Version', 50005, 10, 20, 'N', 'N', 'Y', 'Y', 'N', 'N', 'N', 'N', 50003, 'N', 'Y');
Insert into AD_COLUMN
   (AD_COLUMN_ID, AD_CLIENT_ID, AD_ORG_ID, ISACTIVE, CREATED, UPDATED, CREATEDBY, UPDATEDBY, NAME, VERSION, ENTITYTYPE, COLUMNNAME, AD_TABLE_ID, AD_REFERENCE_ID, FIELDLENGTH, ISKEY, ISPARENT, ISMANDATORY, ISUPDATEABLE, READONLYLOGIC, ISIDENTIFIER, ISTRANSLATED, ISENCRYPTED, ISSELECTIONCOLUMN, AD_ELEMENT_ID, ISSYNCDATABASE, ISALWAYSUPDATEABLE)
 Values
   (50095, 0, 0, 'Y', TO_DATE('12/11/2006 23:46:27', 'MM/DD/YYYY HH24:MI:SS'), TO_DATE('12/12/2006 00:08:47', 'MM/DD/YYYY HH24:MI:SS'), 0, 0, 'IsActive', 0, 'U', 'IsActive', 50005, 20, 1, 'N', 'N', 'Y', 'Y', '@Processed@="Y"', 'N', 'N', 'N', 'N', 348, 'N', 'N');
Insert into AD_COLUMN
   (AD_COLUMN_ID, AD_CLIENT_ID, AD_ORG_ID, ISACTIVE, CREATED, UPDATED, CREATEDBY, UPDATEDBY, NAME, VERSION, ENTITYTYPE, COLUMNNAME, AD_TABLE_ID, AD_REFERENCE_ID, FIELDLENGTH, ISKEY, ISPARENT, ISMANDATORY, ISUPDATEABLE, READONLYLOGIC, ISIDENTIFIER, ISTRANSLATED, ISENCRYPTED, ISSELECTIONCOLUMN, AD_ELEMENT_ID, ISSYNCDATABASE, ISALWAYSUPDATEABLE)
 Values
   (50096, 0, 0, 'Y', TO_DATE('12/11/2006 23:46:27', 'MM/DD/YYYY HH24:MI:SS'), TO_DATE('12/12/2006 00:08:50', 'MM/DD/YYYY HH24:MI:SS'), 0, 0, 'File_Directory', 0, 'U', 'File_Directory', 50005, 14, 255, 'N', 'N', 'Y', 'Y', '@Processed@="Y"', 'N', 'N', 'N', 'N', 50022, 'N', 'N');
Insert into AD_COLUMN
   (AD_COLUMN_ID, AD_CLIENT_ID, AD_ORG_ID, ISACTIVE, CREATED, UPDATED, CREATEDBY, UPDATEDBY, NAME, VERSION, ENTITYTYPE, COLUMNNAME, AD_TABLE_ID, AD_REFERENCE_ID, FIELDLENGTH, ISKEY, ISPARENT, ISMANDATORY, ISUPDATEABLE, READONLYLOGIC, ISIDENTIFIER, ISTRANSLATED, ISENCRYPTED, ISSELECTIONCOLUMN, AD_ELEMENT_ID, ISSYNCDATABASE, ISALWAYSUPDATEABLE)
 Values
   (50097, 0, 0, 'Y', TO_DATE('12/11/2006 23:46:28', 'MM/DD/YYYY HH24:MI:SS'), TO_DATE('12/12/2006 00:08:53', 'MM/DD/YYYY HH24:MI:SS'), 0, 0, 'Description', 0, 'U', 'Description', 50005, 34, 1000, 'N', 'N', 'Y', 'Y', '@Processed@="Y"', 'N', 'N', 'N', 'N', 275, 'N', 'N');
Insert into AD_COLUMN
   (AD_COLUMN_ID, AD_CLIENT_ID, AD_ORG_ID, ISACTIVE, CREATED, UPDATED, CREATEDBY, UPDATEDBY, NAME, VERSION, ENTITYTYPE, COLUMNNAME, AD_TABLE_ID, AD_REFERENCE_ID, FIELDLENGTH, ISKEY, ISPARENT, ISMANDATORY, ISUPDATEABLE, READONLYLOGIC, ISIDENTIFIER, ISTRANSLATED, ISENCRYPTED, ISSELECTIONCOLUMN, AD_ELEMENT_ID, ISSYNCDATABASE, ISALWAYSUPDATEABLE)
 Values
   (50098, 0, 0, 'Y', TO_DATE('12/11/2006 23:46:28', 'MM/DD/YYYY HH24:MI:SS'), TO_DATE('12/12/2006 00:08:55', 'MM/DD/YYYY HH24:MI:SS'), 0, 0, 'Created', 0, 'U', 'Created', 50005, 16, 7, 'N', 'N', 'Y', 'Y', '@Processed@="Y"', 'N', 'N', 'N', 'N', 245, 'N', 'N');
Insert into AD_COLUMN
   (AD_COLUMN_ID, AD_CLIENT_ID, AD_ORG_ID, ISACTIVE, CREATED, UPDATED, CREATEDBY, UPDATEDBY, NAME, VERSION, ENTITYTYPE, COLUMNNAME, AD_TABLE_ID, AD_REFERENCE_ID, FIELDLENGTH, ISKEY, ISPARENT, ISMANDATORY, ISUPDATEABLE, READONLYLOGIC, ISIDENTIFIER, ISTRANSLATED, ISENCRYPTED, ISSELECTIONCOLUMN, AD_ELEMENT_ID, ISSYNCDATABASE, ISALWAYSUPDATEABLE)
 Values
   (50099, 0, 0, 'Y', TO_DATE('12/11/2006 23:46:28', 'MM/DD/YYYY HH24:MI:SS'), TO_DATE('12/12/2006 00:08:58', 'MM/DD/YYYY HH24:MI:SS'), 0, 0, 'AD_Org_ID', 0, 'U', 'AD_Org_ID', 50005, 19, 22, 'N', 'N', 'Y', 'Y', '@Processed@="Y"', 'N', 'N', 'N', 'N', 113, 'N', 'N');
Insert into AD_COLUMN
   (AD_COLUMN_ID, AD_CLIENT_ID, AD_ORG_ID, ISACTIVE, CREATED, UPDATED, CREATEDBY, UPDATEDBY, NAME, VERSION, ENTITYTYPE, COLUMNNAME, AD_TABLE_ID, AD_REFERENCE_ID, FIELDLENGTH, ISKEY, ISPARENT, ISMANDATORY, ISUPDATEABLE, ISIDENTIFIER, SEQNO, ISTRANSLATED, ISENCRYPTED, ISSELECTIONCOLUMN, AD_ELEMENT_ID, ISSYNCDATABASE, ISALWAYSUPDATEABLE)
 Values
   (50100, 0, 0, 'Y', TO_DATE('12/11/2006 23:46:34', 'MM/DD/YYYY HH24:MI:SS'), TO_DATE('12/12/2006 00:09:45', 'MM/DD/YYYY HH24:MI:SS'), 0, 0, 'AD_Package_Exp_Detail_ID', 0, 'U', 'AD_Package_Exp_Detail_ID', 50006, 13, 22, 'Y', 'N', 'Y', 'Y', 'Y', 1, 'N', 'N', 'N', 50023, 'N', 'N');
Insert into AD_COLUMN
   (AD_COLUMN_ID, AD_CLIENT_ID, AD_ORG_ID, ISACTIVE, CREATED, UPDATED, CREATEDBY, UPDATEDBY, NAME, VERSION, ENTITYTYPE, COLUMNNAME, AD_TABLE_ID, AD_REFERENCE_ID, FIELDLENGTH, ISKEY, ISPARENT, ISMANDATORY, ISUPDATEABLE, ISIDENTIFIER, ISTRANSLATED, ISENCRYPTED, ISSELECTIONCOLUMN, AD_ELEMENT_ID, ISSYNCDATABASE, ISALWAYSUPDATEABLE)
 Values
   (50101, 0, 0, 'Y', TO_DATE('12/11/2006 23:46:34', 'MM/DD/YYYY HH24:MI:SS'), TO_DATE('12/12/2006 00:09:47', 'MM/DD/YYYY HH24:MI:SS'), 0, 0, 'AD_Client_ID', 0, 'U', 'AD_Client_ID', 50006, 19, 22, 'N', 'N', 'Y', 'N', 'N', 'N', 'N', 'N', 102, 'N', 'N');
Insert into AD_COLUMN
   (AD_COLUMN_ID, AD_CLIENT_ID, AD_ORG_ID, ISACTIVE, CREATED, UPDATED, CREATEDBY, UPDATEDBY, NAME, VERSION, ENTITYTYPE, COLUMNNAME, AD_TABLE_ID, AD_REFERENCE_ID, FIELDLENGTH, ISKEY, ISPARENT, ISMANDATORY, ISUPDATEABLE, ISIDENTIFIER, ISTRANSLATED, ISENCRYPTED, ISSELECTIONCOLUMN, AD_ELEMENT_ID, ISSYNCDATABASE, ISALWAYSUPDATEABLE)
 Values
   (50102, 0, 0, 'Y', TO_DATE('12/11/2006 23:46:34', 'MM/DD/YYYY HH24:MI:SS'), TO_DATE('12/12/2006 00:09:50', 'MM/DD/YYYY HH24:MI:SS'), 0, 0, 'AD_Form_ID', 0, 'U', 'AD_Form_ID', 50006, 30, 22, 'N', 'N', 'N', 'Y', 'N', 'N', 'N', 'N', 1298, 'N', 'N');
Insert into AD_COLUMN
   (AD_COLUMN_ID, AD_CLIENT_ID, AD_ORG_ID, ISACTIVE, CREATED, UPDATED, CREATEDBY, UPDATEDBY, NAME, DESCRIPTION, HELP, VERSION, ENTITYTYPE, COLUMNNAME, AD_TABLE_ID, AD_REFERENCE_ID, FIELDLENGTH, ISKEY, ISPARENT, ISMANDATORY, ISUPDATEABLE, ISIDENTIFIER, ISTRANSLATED, ISENCRYPTED, ISSELECTIONCOLUMN, AD_ELEMENT_ID, ISSYNCDATABASE, ISALWAYSUPDATEABLE)
 Values
   (50103, 0, 0, 'Y', TO_DATE('12/11/2006 23:46:35', 'MM/DD/YYYY HH24:MI:SS'), TO_DATE('12/12/2006 00:09:54', 'MM/DD/YYYY HH24:MI:SS'), 0, 0, 'AD_ImpFormat_ID', 'AD_ImpFormat_ID', 'Contains the Impformat ID', 0, 'U', 'AD_ImpFormat_ID', 50006, 19, 22, 'N', 'N', 'N', 'Y', 'N', 'N', 'N', 'N', 1311, 'N', 'N');
Insert into AD_COLUMN
   (AD_COLUMN_ID, AD_CLIENT_ID, AD_ORG_ID, ISACTIVE, CREATED, UPDATED, CREATEDBY, UPDATEDBY, NAME, VERSION, ENTITYTYPE, COLUMNNAME, AD_TABLE_ID, AD_REFERENCE_ID, AD_REFERENCE_VALUE_ID, FIELDLENGTH, ISKEY, ISPARENT, ISMANDATORY, ISUPDATEABLE, ISIDENTIFIER, ISTRANSLATED, ISENCRYPTED, ISSELECTIONCOLUMN, AD_ELEMENT_ID, ISSYNCDATABASE, ISALWAYSUPDATEABLE)
 Values
   (50104, 0, 0, 'Y', TO_DATE('12/11/2006 23:46:35', 'MM/DD/YYYY HH24:MI:SS'), TO_DATE('12/12/2006 00:09:57', 'MM/DD/YYYY HH24:MI:SS'), 0, 0, 'AD_Menu_ID', 0, 'U', 'AD_Menu_ID', 50006, 19, 105, 22, 'N', 'N', 'N', 'Y', 'N', 'N', 'N', 'N', 110, 'N', 'N');
Insert into AD_COLUMN
   (AD_COLUMN_ID, AD_CLIENT_ID, AD_ORG_ID, ISACTIVE, CREATED, UPDATED, CREATEDBY, UPDATEDBY, NAME, VERSION, ENTITYTYPE, COLUMNNAME, AD_TABLE_ID, AD_REFERENCE_ID, FIELDLENGTH, ISKEY, ISPARENT, ISMANDATORY, ISUPDATEABLE, ISIDENTIFIER, ISTRANSLATED, ISENCRYPTED, ISSELECTIONCOLUMN, AD_ELEMENT_ID, ISSYNCDATABASE, ISALWAYSUPDATEABLE)
 Values
   (50105, 0, 0, 'Y', TO_DATE('12/11/2006 23:46:35', 'MM/DD/YYYY HH24:MI:SS'), TO_DATE('12/12/2006 00:09:59', 'MM/DD/YYYY HH24:MI:SS'), 0, 0, 'AD_Process_ID', 0, 'U', 'AD_Process_ID', 50006, 30, 22, 'N', 'N', 'N', 'Y', 'N', 'N', 'N', 'N', 117, 'N', 'N');
Insert into AD_COLUMN
   (AD_COLUMN_ID, AD_CLIENT_ID, AD_ORG_ID, ISACTIVE, CREATED, UPDATED, CREATEDBY, UPDATEDBY, NAME, DESCRIPTION, VERSION, ENTITYTYPE, COLUMNNAME, AD_TABLE_ID, AD_REFERENCE_ID, FIELDLENGTH, ISKEY, ISPARENT, ISMANDATORY, ISUPDATEABLE, ISIDENTIFIER, ISTRANSLATED, ISENCRYPTED, ISSELECTIONCOLUMN, AD_ELEMENT_ID, ISSYNCDATABASE, ISALWAYSUPDATEABLE)
 Values
   (50106, 0, 0, 'Y', TO_DATE('12/11/2006 23:46:36', 'MM/DD/YYYY HH24:MI:SS'), TO_DATE('12/12/2006 00:10:02', 'MM/DD/YYYY HH24:MI:SS'), 0, 0, 'AD_Role_ID', 'Role', 0, 'U', 'AD_Role_ID', 50006, 19, 22, 'N', 'N', 'N', 'Y', 'N', 'N', 'N', 'N', 123, 'N', 'N');
Insert into AD_COLUMN
   (AD_COLUMN_ID, AD_CLIENT_ID, AD_ORG_ID, ISACTIVE, CREATED, UPDATED, CREATEDBY, UPDATEDBY, NAME, VERSION, ENTITYTYPE, COLUMNNAME, AD_TABLE_ID, AD_REFERENCE_ID, FIELDLENGTH, ISKEY, ISPARENT, ISMANDATORY, ISUPDATEABLE, ISIDENTIFIER, ISTRANSLATED, ISENCRYPTED, ISSELECTIONCOLUMN, AD_ELEMENT_ID, ISSYNCDATABASE, ISALWAYSUPDATEABLE)
 Values
   (50107, 0, 0, 'Y', TO_DATE('12/11/2006 23:46:36', 'MM/DD/YYYY HH24:MI:SS'), TO_DATE('12/12/2006 00:10:04', 'MM/DD/YYYY HH24:MI:SS'), 0, 0, 'AD_Window_ID', 0, 'U', 'AD_Window_ID', 50006, 30, 10, 'N', 'N', 'N', 'Y', 'N', 'N', 'N', 'N', 143, 'N', 'N');
Insert into AD_COLUMN
   (AD_COLUMN_ID, AD_CLIENT_ID, AD_ORG_ID, ISACTIVE, CREATED, UPDATED, CREATEDBY, UPDATEDBY, NAME, VERSION, ENTITYTYPE, COLUMNNAME, AD_TABLE_ID, AD_REFERENCE_ID, FIELDLENGTH, ISKEY, ISPARENT, ISMANDATORY, ISUPDATEABLE, ISIDENTIFIER, ISTRANSLATED, ISENCRYPTED, ISSELECTIONCOLUMN, AD_ELEMENT_ID, ISSYNCDATABASE, ISALWAYSUPDATEABLE)
 Values
   (50108, 0, 0, 'Y', TO_DATE('12/11/2006 23:46:36', 'MM/DD/YYYY HH24:MI:SS'), TO_DATE('12/12/2006 00:10:07', 'MM/DD/YYYY HH24:MI:SS'), 0, 0, 'AD_Workflow_ID', 0, 'U', 'AD_Workflow_ID', 50006, 30, 22, 'N', 'N', 'N', 'Y', 'N', 'N', 'N', 'N', 144, 'N', 'N');
Insert into AD_COLUMN
   (AD_COLUMN_ID, AD_CLIENT_ID, AD_ORG_ID, ISACTIVE, CREATED, UPDATED, CREATEDBY, UPDATEDBY, NAME, VERSION, ENTITYTYPE, COLUMNNAME, AD_TABLE_ID, AD_REFERENCE_ID, FIELDLENGTH, ISKEY, ISPARENT, ISMANDATORY, ISUPDATEABLE, ISIDENTIFIER, ISTRANSLATED, ISENCRYPTED, ISSELECTIONCOLUMN, AD_ELEMENT_ID, ISSYNCDATABASE, ISALWAYSUPDATEABLE)
 Values
   (50109, 0, 0, 'Y', TO_DATE('12/11/2006 23:46:37', 'MM/DD/YYYY HH24:MI:SS'), TO_DATE('12/12/2006 00:10:09', 'MM/DD/YYYY HH24:MI:SS'), 0, 0, 'IsActive', 0, 'U', 'IsActive', 50006, 20, 1, 'N', 'N', 'Y', 'Y', 'N', 'N', 'N', 'N', 348, 'N', 'N');
Insert into AD_COLUMN
   (AD_COLUMN_ID, AD_CLIENT_ID, AD_ORG_ID, ISACTIVE, CREATED, UPDATED, CREATEDBY, UPDATEDBY, NAME, VERSION, ENTITYTYPE, COLUMNNAME, AD_TABLE_ID, AD_REFERENCE_ID, FIELDLENGTH, ISKEY, ISPARENT, ISMANDATORY, ISUPDATEABLE, ISIDENTIFIER, ISTRANSLATED, ISENCRYPTED, ISSELECTIONCOLUMN, AD_ELEMENT_ID, AD_PROCESS_ID, ISSYNCDATABASE, ISALWAYSUPDATEABLE)
 Values
   (50110, 0, 0, 'Y', TO_DATE('12/11/2006 23:46:37', 'MM/DD/YYYY HH24:MI:SS'), TO_DATE('12/12/2006 00:10:14', 'MM/DD/YYYY HH24:MI:SS'), 0, 0, 'File_Directory', 0, 'U', 'File_Directory', 50006, 10, 255, 'N', 'N', 'N', 'Y', 'N', 'N', 'N', 'N', 50022, 50006, 'N', 'N');
Insert into AD_COLUMN
   (AD_COLUMN_ID, AD_CLIENT_ID, AD_ORG_ID, ISACTIVE, CREATED, UPDATED, CREATEDBY, UPDATEDBY, NAME, VERSION, ENTITYTYPE, COLUMNNAME, AD_TABLE_ID, AD_REFERENCE_ID, FIELDLENGTH, ISKEY, ISPARENT, ISMANDATORY, ISUPDATEABLE, ISIDENTIFIER, ISTRANSLATED, ISENCRYPTED, ISSELECTIONCOLUMN, AD_ELEMENT_ID, ISSYNCDATABASE, ISALWAYSUPDATEABLE)
 Values
   (50111, 0, 0, 'Y', TO_DATE('12/11/2006 23:46:38', 'MM/DD/YYYY HH24:MI:SS'), TO_DATE('12/12/2006 00:10:17', 'MM/DD/YYYY HH24:MI:SS'), 0, 0, 'FileName', 0, 'U', 'FileName', 50006, 10, 255, 'N', 'N', 'N', 'Y', 'N', 'N', 'N', 'N', 2295, 'N', 'N');
Insert into AD_COLUMN
   (AD_COLUMN_ID, AD_CLIENT_ID, AD_ORG_ID, ISACTIVE, CREATED, UPDATED, CREATEDBY, UPDATEDBY, NAME, VERSION, ENTITYTYPE, COLUMNNAME, AD_TABLE_ID, AD_REFERENCE_ID, FIELDLENGTH, ISKEY, ISPARENT, ISMANDATORY, ISUPDATEABLE, ISIDENTIFIER, ISTRANSLATED, ISENCRYPTED, ISSELECTIONCOLUMN, AD_ELEMENT_ID, ISSYNCDATABASE, ISALWAYSUPDATEABLE)
 Values
   (50112, 0, 0, 'Y', TO_DATE('12/11/2006 23:46:38', 'MM/DD/YYYY HH24:MI:SS'), TO_DATE('12/12/2006 00:10:19', 'MM/DD/YYYY HH24:MI:SS'), 0, 0, 'Destination_FileName', 0, 'U', 'Destination_FileName', 50006, 10, 255, 'N', 'N', 'N', 'Y', 'N', 'N', 'N', 'N', 50024, 'N', 'N');
Insert into AD_COLUMN
   (AD_COLUMN_ID, AD_CLIENT_ID, AD_ORG_ID, ISACTIVE, CREATED, UPDATED, CREATEDBY, UPDATEDBY, NAME, VERSION, ENTITYTYPE, COLUMNNAME, AD_TABLE_ID, AD_REFERENCE_ID, FIELDLENGTH, ISKEY, ISPARENT, ISMANDATORY, ISUPDATEABLE, ISIDENTIFIER, ISTRANSLATED, ISENCRYPTED, ISSELECTIONCOLUMN, AD_ELEMENT_ID, ISSYNCDATABASE, ISALWAYSUPDATEABLE)
 Values
   (50113, 0, 0, 'Y', TO_DATE('12/11/2006 23:46:39', 'MM/DD/YYYY HH24:MI:SS'), TO_DATE('12/12/2006 00:10:22', 'MM/DD/YYYY HH24:MI:SS'), 0, 0, 'Destination_Directory', 0, 'U', 'Destination_Directory', 50006, 10, 255, 'N', 'N', 'N', 'Y', 'N', 'N', 'N', 'N', 50025, 'N', 'N');
Insert into AD_COLUMN
   (AD_COLUMN_ID, AD_CLIENT_ID, AD_ORG_ID, ISACTIVE, CREATED, UPDATED, CREATEDBY, UPDATEDBY, NAME, VERSION, ENTITYTYPE, COLUMNNAME, AD_TABLE_ID, AD_REFERENCE_ID, FIELDLENGTH, ISKEY, ISPARENT, ISMANDATORY, ISUPDATEABLE, ISIDENTIFIER, ISTRANSLATED, ISENCRYPTED, ISSELECTIONCOLUMN, AD_ELEMENT_ID, ISSYNCDATABASE, ISALWAYSUPDATEABLE)
 Values
   (50114, 0, 0, 'Y', TO_DATE('12/11/2006 23:46:40', 'MM/DD/YYYY HH24:MI:SS'), TO_DATE('12/12/2006 00:10:25', 'MM/DD/YYYY HH24:MI:SS'), 0, 0, 'Description', 0, 'U', 'Description', 50006, 34, 1000, 'N', 'N', 'Y', 'Y', 'N', 'N', 'N', 'N', 275, 'N', 'N');
Insert into AD_COLUMN
   (AD_COLUMN_ID, AD_CLIENT_ID, AD_ORG_ID, ISACTIVE, CREATED, UPDATED, CREATEDBY, UPDATEDBY, NAME, DESCRIPTION, HELP, VERSION, ENTITYTYPE, COLUMNNAME, AD_TABLE_ID, AD_REFERENCE_ID, AD_REFERENCE_VALUE_ID, FIELDLENGTH, DEFAULTVALUE, ISKEY, ISPARENT, ISMANDATORY, ISUPDATEABLE, ISIDENTIFIER, ISTRANSLATED, ISENCRYPTED, ISSELECTIONCOLUMN, AD_ELEMENT_ID, ISSYNCDATABASE, ISALWAYSUPDATEABLE)
 Values
   (50115, 0, 0, 'Y', TO_DATE('12/11/2006 23:46:41', 'MM/DD/YYYY HH24:MI:SS'), TO_DATE('12/12/2006 00:10:36', 'MM/DD/YYYY HH24:MI:SS'), 0, 0, 'DBType', 'Indicates type of database', 'Indicates the type of database used that the SQL command is for.', 0, 'U', 'DBType', 50006, 17, 50003, 22, '''ALL''', 'N', 'N', 'N', 'Y', 'N', 'N', 'N', 'N', 50026, 'N', 'N');
Insert into AD_COLUMN
   (AD_COLUMN_ID, AD_CLIENT_ID, AD_ORG_ID, ISACTIVE, CREATED, UPDATED, CREATEDBY, UPDATEDBY, NAME, VERSION, ENTITYTYPE, COLUMNNAME, AD_TABLE_ID, AD_REFERENCE_ID, FIELDLENGTH, ISKEY, ISPARENT, ISMANDATORY, ISUPDATEABLE, ISIDENTIFIER, ISTRANSLATED, ISENCRYPTED, ISSELECTIONCOLUMN, AD_ELEMENT_ID, ISSYNCDATABASE, ISALWAYSUPDATEABLE)
 Values
   (50116, 0, 0, 'Y', TO_DATE('12/11/2006 23:46:42', 'MM/DD/YYYY HH24:MI:SS'), TO_DATE('12/12/2006 00:10:39', 'MM/DD/YYYY HH24:MI:SS'), 0, 0, 'CreatedBy', 0, 'U', 'CreatedBy', 50006, 11, 22, 'N', 'N', 'Y', 'Y', 'N', 'N', 'N', 'N', 246, 'N', 'N');
Insert into AD_COLUMN
   (AD_COLUMN_ID, AD_CLIENT_ID, AD_ORG_ID, ISACTIVE, CREATED, UPDATED, CREATEDBY, UPDATEDBY, NAME, VERSION, ENTITYTYPE, COLUMNNAME, AD_TABLE_ID, AD_REFERENCE_ID, FIELDLENGTH, ISKEY, ISPARENT, ISMANDATORY, ISUPDATEABLE, ISIDENTIFIER, ISTRANSLATED, ISENCRYPTED, ISSELECTIONCOLUMN, AD_ELEMENT_ID, ISSYNCDATABASE, ISALWAYSUPDATEABLE)
 Values
   (50117, 0, 0, 'Y', TO_DATE('12/11/2006 23:46:42', 'MM/DD/YYYY HH24:MI:SS'), TO_DATE('12/12/2006 00:10:41', 'MM/DD/YYYY HH24:MI:SS'), 0, 0, 'Created', 0, 'U', 'Created', 50006, 15, 7, 'N', 'N', 'Y', 'Y', 'N', 'N', 'N', 'N', 245, 'N', 'N');
Insert into AD_COLUMN
   (AD_COLUMN_ID, AD_CLIENT_ID, AD_ORG_ID, ISACTIVE, CREATED, UPDATED, CREATEDBY, UPDATEDBY, NAME, VERSION, ENTITYTYPE, COLUMNNAME, AD_TABLE_ID, AD_REFERENCE_ID, FIELDLENGTH, ISKEY, ISPARENT, ISMANDATORY, ISUPDATEABLE, ISIDENTIFIER, ISTRANSLATED, ISENCRYPTED, ISSELECTIONCOLUMN, AD_ELEMENT_ID, ISSYNCDATABASE, ISALWAYSUPDATEABLE)
 Values
   (50118, 0, 0, 'Y', TO_DATE('12/11/2006 23:46:42', 'MM/DD/YYYY HH24:MI:SS'), TO_DATE('12/12/2006 00:10:44', 'MM/DD/YYYY HH24:MI:SS'), 0, 0, 'UpdatedBy', 0, 'U', 'UpdatedBy', 50006, 11, 22, 'N', 'N', 'Y', 'Y', 'N', 'N', 'N', 'N', 608, 'N', 'N');
Insert into AD_COLUMN
   (AD_COLUMN_ID, AD_CLIENT_ID, AD_ORG_ID, ISACTIVE, CREATED, UPDATED, CREATEDBY, UPDATEDBY, NAME, VERSION, ENTITYTYPE, COLUMNNAME, AD_TABLE_ID, AD_REFERENCE_ID, FIELDLENGTH, ISKEY, ISPARENT, ISMANDATORY, ISUPDATEABLE, ISIDENTIFIER, ISTRANSLATED, ISENCRYPTED, ISSELECTIONCOLUMN, AD_ELEMENT_ID, ISSYNCDATABASE, ISALWAYSUPDATEABLE)
 Values
   (50119, 0, 0, 'Y', TO_DATE('12/11/2006 23:46:43', 'MM/DD/YYYY HH24:MI:SS'), TO_DATE('12/12/2006 00:10:47', 'MM/DD/YYYY HH24:MI:SS'), 0, 0, 'Updated', 0, 'U', 'Updated', 50006, 15, 7, 'N', 'N', 'Y', 'Y', 'N', 'N', 'N', 'N', 607, 'N', 'N');
Insert into AD_COLUMN
   (AD_COLUMN_ID, AD_CLIENT_ID, AD_ORG_ID, ISACTIVE, CREATED, UPDATED, CREATEDBY, UPDATEDBY, NAME, VERSION, ENTITYTYPE, COLUMNNAME, AD_TABLE_ID, AD_REFERENCE_ID, AD_REFERENCE_VALUE_ID, FIELDLENGTH, ISKEY, ISPARENT, ISMANDATORY, ISUPDATEABLE, ISIDENTIFIER, ISTRANSLATED, ISENCRYPTED, ISSELECTIONCOLUMN, AD_ELEMENT_ID, ISSYNCDATABASE, ISALWAYSUPDATEABLE)
 Values
   (50120, 0, 0, 'Y', TO_DATE('12/11/2006 23:46:45', 'MM/DD/YYYY HH24:MI:SS'), TO_DATE('12/12/2006 00:11:05', 'MM/DD/YYYY HH24:MI:SS'), 0, 0, 'Type', 0, 'U', 'Type', 50006, 17, 50004, 10, 'N', 'N', 'Y', 'Y', 'N', 'N', 'N', 'N', 600, 'N', 'N');
Insert into AD_COLUMN
   (AD_COLUMN_ID, AD_CLIENT_ID, AD_ORG_ID, ISACTIVE, CREATED, UPDATED, CREATEDBY, UPDATEDBY, NAME, DESCRIPTION, VERSION, ENTITYTYPE, COLUMNNAME, AD_TABLE_ID, AD_REFERENCE_ID, FIELDLENGTH, ISKEY, ISPARENT, ISMANDATORY, ISUPDATEABLE, ISIDENTIFIER, ISTRANSLATED, ISENCRYPTED, ISSELECTIONCOLUMN, AD_ELEMENT_ID, ISSYNCDATABASE, ISALWAYSUPDATEABLE)
 Values
   (50121, 0, 0, 'Y', TO_DATE('12/11/2006 23:46:45', 'MM/DD/YYYY HH24:MI:SS'), TO_DATE('12/12/2006 00:11:07', 'MM/DD/YYYY HH24:MI:SS'), 0, 0, 'Target_Directory', 'Directory where the file to be distributed will be copied to', 0, 'U', 'Target_Directory', 50006, 10, 255, 'N', 'N', 'N', 'Y', 'N', 'N', 'N', 'N', 50027, 'N', 'N');
Insert into AD_COLUMN
   (AD_COLUMN_ID, AD_CLIENT_ID, AD_ORG_ID, ISACTIVE, CREATED, UPDATED, CREATEDBY, UPDATEDBY, NAME, VERSION, ENTITYTYPE, COLUMNNAME, AD_TABLE_ID, AD_REFERENCE_ID, FIELDLENGTH, ISKEY, ISPARENT, ISMANDATORY, ISUPDATEABLE, ISIDENTIFIER, ISTRANSLATED, ISENCRYPTED, ISSELECTIONCOLUMN, AD_ELEMENT_ID, ISSYNCDATABASE, ISALWAYSUPDATEABLE)
 Values
   (50122, 0, 0, 'Y', TO_DATE('12/11/2006 23:46:46', 'MM/DD/YYYY HH24:MI:SS'), TO_DATE('12/12/2006 00:11:09', 'MM/DD/YYYY HH24:MI:SS'), 0, 0, 'SQLStatement', 0, 'U', 'SQLStatement', 50006, 34, 2000, 'N', 'N', 'N', 'Y', 'N', 'N', 'N', 'N', 50028, 'N', 'N');
Insert into AD_COLUMN
   (AD_COLUMN_ID, AD_CLIENT_ID, AD_ORG_ID, ISACTIVE, CREATED, UPDATED, CREATEDBY, UPDATEDBY, NAME, VERSION, ENTITYTYPE, COLUMNNAME, AD_TABLE_ID, AD_REFERENCE_ID, AD_REFERENCE_VALUE_ID, FIELDLENGTH, ISKEY, ISPARENT, ISMANDATORY, ISUPDATEABLE, ISIDENTIFIER, ISTRANSLATED, ISENCRYPTED, ISSELECTIONCOLUMN, AD_ELEMENT_ID, ISSYNCDATABASE, ISALWAYSUPDATEABLE)
 Values
   (50123, 0, 0, 'Y', TO_DATE('12/11/2006 23:46:53', 'MM/DD/YYYY HH24:MI:SS'), TO_DATE('12/12/2006 00:11:27', 'MM/DD/YYYY HH24:MI:SS'), 0, 0, 'ReleaseNo', 0, 'U', 'ReleaseNo', 50006, 17, 50002, 20, 'N', 'N', 'N', 'Y', 'N', 'N', 'N', 'N', 2122, 'N', 'N');
Insert into AD_COLUMN
   (AD_COLUMN_ID, AD_CLIENT_ID, AD_ORG_ID, ISACTIVE, CREATED, UPDATED, CREATEDBY, UPDATEDBY, NAME, VERSION, ENTITYTYPE, COLUMNNAME, AD_TABLE_ID, AD_REFERENCE_ID, FIELDLENGTH, ISKEY, ISPARENT, ISMANDATORY, ISUPDATEABLE, ISIDENTIFIER, ISTRANSLATED, ISENCRYPTED, ISSELECTIONCOLUMN, AD_ELEMENT_ID, ISSYNCDATABASE, ISALWAYSUPDATEABLE)
 Values
   (50124, 0, 0, 'Y', TO_DATE('12/11/2006 23:46:54', 'MM/DD/YYYY HH24:MI:SS'), TO_DATE('12/12/2006 00:11:30', 'MM/DD/YYYY HH24:MI:SS'), 0, 0, 'Processing', 0, 'U', 'Processing', 50006, 20, 1, 'N', 'N', 'Y', 'Y', 'N', 'N', 'N', 'N', 524, 'N', 'N');
Insert into AD_COLUMN
   (AD_COLUMN_ID, AD_CLIENT_ID, AD_ORG_ID, ISACTIVE, CREATED, UPDATED, CREATEDBY, UPDATEDBY, NAME, VERSION, ENTITYTYPE, COLUMNNAME, AD_TABLE_ID, AD_REFERENCE_ID, FIELDLENGTH, ISKEY, ISPARENT, ISMANDATORY, ISUPDATEABLE, ISIDENTIFIER, ISTRANSLATED, ISENCRYPTED, ISSELECTIONCOLUMN, AD_ELEMENT_ID, ISSYNCDATABASE, ISALWAYSUPDATEABLE)
 Values
   (50125, 0, 0, 'Y', TO_DATE('12/11/2006 23:46:54', 'MM/DD/YYYY HH24:MI:SS'), TO_DATE('12/12/2006 00:11:32', 'MM/DD/YYYY HH24:MI:SS'), 0, 0, 'Processed', 0, 'U', 'Processed', 50006, 20, 1, 'N', 'N', 'N', 'Y', 'N', 'N', 'N', 'N', 1047, 'N', 'N');
Insert into AD_COLUMN
   (AD_COLUMN_ID, AD_CLIENT_ID, AD_ORG_ID, ISACTIVE, CREATED, UPDATED, CREATEDBY, UPDATEDBY, NAME, DESCRIPTION, VERSION, ENTITYTYPE, COLUMNNAME, AD_TABLE_ID, AD_REFERENCE_ID, FIELDLENGTH, DEFAULTVALUE, ISKEY, ISPARENT, ISMANDATORY, ISUPDATEABLE, ISIDENTIFIER, ISTRANSLATED, ISENCRYPTED, ISSELECTIONCOLUMN, AD_ELEMENT_ID, ISSYNCDATABASE, ISALWAYSUPDATEABLE)
 Values
   (50126, 0, 0, 'Y', TO_DATE('12/11/2006 23:46:54', 'MM/DD/YYYY HH24:MI:SS'), TO_DATE('12/12/2006 00:11:35', 'MM/DD/YYYY HH24:MI:SS'), 0, 0, 'PK_Name', 'Name of package', 0, 'U', 'PK_Name', 50006, 10, 60, '@SQL=SELECT PK_Name FROM AD_Package_Exp_Detail WHERE AD_Package_Exp_ID=@AD_Package_Exp_ID@', 'N', 'N', 'Y', 'Y', 'N', 'N', 'N', 'N', 50021, 'N', 'N');
Insert into AD_COLUMN
   (AD_COLUMN_ID, AD_CLIENT_ID, AD_ORG_ID, ISACTIVE, CREATED, UPDATED, CREATEDBY, UPDATEDBY, NAME, VERSION, ENTITYTYPE, COLUMNNAME, AD_TABLE_ID, AD_REFERENCE_ID, FIELDLENGTH, ISKEY, ISPARENT, ISMANDATORY, ISUPDATEABLE, ISIDENTIFIER, ISTRANSLATED, ISENCRYPTED, ISSELECTIONCOLUMN, AD_ELEMENT_ID, ISSYNCDATABASE, ISALWAYSUPDATEABLE)
 Values
   (50127, 0, 0, 'Y', TO_DATE('12/11/2006 23:46:55', 'MM/DD/YYYY HH24:MI:SS'), TO_DATE('12/12/2006 00:11:37', 'MM/DD/YYYY HH24:MI:SS'), 0, 0, 'Name2', 0, 'U', 'Name2', 50006, 10, 60, 'N', 'N', 'N', 'Y', 'N', 'N', 'N', 'N', 1111, 'N', 'N');
Insert into AD_COLUMN
   (AD_COLUMN_ID, AD_CLIENT_ID, AD_ORG_ID, ISACTIVE, CREATED, UPDATED, CREATEDBY, UPDATEDBY, NAME, VERSION, ENTITYTYPE, COLUMNNAME, AD_TABLE_ID, AD_REFERENCE_ID, FIELDLENGTH, ISKEY, ISPARENT, ISMANDATORY, ISUPDATEABLE, ISIDENTIFIER, ISTRANSLATED, ISENCRYPTED, ISSELECTIONCOLUMN, AD_ELEMENT_ID, ISSYNCDATABASE, ISALWAYSUPDATEABLE)
 Values
   (50128, 0, 0, 'Y', TO_DATE('12/11/2006 23:46:55', 'MM/DD/YYYY HH24:MI:SS'), TO_DATE('12/12/2006 00:11:40', 'MM/DD/YYYY HH24:MI:SS'), 0, 0, 'Line', 0, 'U', 'Line', 50006, 11, 10, 'N', 'N', 'N', 'Y', 'N', 'N', 'N', 'N', 439, 'N', 'N');
Insert into AD_COLUMN
   (AD_COLUMN_ID, AD_CLIENT_ID, AD_ORG_ID, ISACTIVE, CREATED, UPDATED, CREATEDBY, UPDATEDBY, NAME, VERSION, ENTITYTYPE, COLUMNNAME, AD_TABLE_ID, AD_REFERENCE_ID, FIELDLENGTH, ISKEY, ISPARENT, ISMANDATORY, ISUPDATEABLE, ISIDENTIFIER, ISTRANSLATED, ISENCRYPTED, ISSELECTIONCOLUMN, AD_ELEMENT_ID, ISSYNCDATABASE, ISALWAYSUPDATEABLE)
 Values
   (50129, 0, 0, 'Y', TO_DATE('12/11/2006 23:46:55', 'MM/DD/YYYY HH24:MI:SS'), TO_DATE('12/12/2006 00:11:42', 'MM/DD/YYYY HH24:MI:SS'), 0, 0, 'AD_Workbench_ID', 0, 'U', 'AD_Workbench_ID', 50006, 30, 22, 'N', 'N', 'N', 'Y', 'N', 'N', 'N', 'N', 1646, 'N', 'N');
Insert into AD_COLUMN
   (AD_COLUMN_ID, AD_CLIENT_ID, AD_ORG_ID, ISACTIVE, CREATED, UPDATED, CREATEDBY, UPDATEDBY, NAME, VERSION, ENTITYTYPE, COLUMNNAME, AD_TABLE_ID, AD_REFERENCE_ID, FIELDLENGTH, ISKEY, ISPARENT, ISMANDATORY, ISUPDATEABLE, ISIDENTIFIER, ISTRANSLATED, ISENCRYPTED, ISSELECTIONCOLUMN, AD_ELEMENT_ID, ISSYNCDATABASE, ISALWAYSUPDATEABLE)
 Values
   (50130, 0, 0, 'Y', TO_DATE('12/11/2006 23:46:56', 'MM/DD/YYYY HH24:MI:SS'), TO_DATE('12/12/2006 00:11:44', 'MM/DD/YYYY HH24:MI:SS'), 0, 0, 'AD_Table_ID', 0, 'U', 'AD_Table_ID', 50006, 30, 22, 'N', 'N', 'N', 'Y', 'N', 'N', 'N', 'N', 126, 'N', 'N');
Insert into AD_COLUMN
   (AD_COLUMN_ID, AD_CLIENT_ID, AD_ORG_ID, ISACTIVE, CREATED, UPDATED, CREATEDBY, UPDATEDBY, NAME, DESCRIPTION, VERSION, ENTITYTYPE, COLUMNNAME, AD_TABLE_ID, AD_REFERENCE_ID, FIELDLENGTH, ISKEY, ISPARENT, ISMANDATORY, ISUPDATEABLE, ISIDENTIFIER, ISTRANSLATED, ISENCRYPTED, ISSELECTIONCOLUMN, AD_ELEMENT_ID, ISSYNCDATABASE, ISALWAYSUPDATEABLE)
 Values
   (50131, 0, 0, 'Y', TO_DATE('12/11/2006 23:46:56', 'MM/DD/YYYY HH24:MI:SS'), TO_DATE('12/12/2006 00:11:47', 'MM/DD/YYYY HH24:MI:SS'), 0, 0, 'AD_ReportView_ID', 'Contain the Report View ID', 0, 'U', 'AD_ReportView_ID', 50006, 30, 22, 'N', 'N', 'N', 'Y', 'N', 'N', 'N', 'N', 1252, 'N', 'N');
Insert into AD_COLUMN
   (AD_COLUMN_ID, AD_CLIENT_ID, AD_ORG_ID, ISACTIVE, CREATED, UPDATED, CREATEDBY, UPDATEDBY, NAME, VERSION, ENTITYTYPE, COLUMNNAME, AD_TABLE_ID, AD_REFERENCE_ID, FIELDLENGTH, ISKEY, ISPARENT, ISMANDATORY, ISUPDATEABLE, ISIDENTIFIER, ISTRANSLATED, ISENCRYPTED, ISSELECTIONCOLUMN, AD_ELEMENT_ID, ISSYNCDATABASE, ISALWAYSUPDATEABLE)
 Values
   (50132, 0, 0, 'Y', TO_DATE('12/11/2006 23:46:56', 'MM/DD/YYYY HH24:MI:SS'), TO_DATE('12/12/2006 00:11:49', 'MM/DD/YYYY HH24:MI:SS'), 0, 0, 'AD_Package_Exp_ID', 0, 'U', 'AD_Package_Exp_ID', 50006, 13, 22, 'N', 'Y', 'Y', 'Y', 'N', 'N', 'N', 'N', 50018, 'N', 'N');
Insert into AD_COLUMN
   (AD_COLUMN_ID, AD_CLIENT_ID, AD_ORG_ID, ISACTIVE, CREATED, UPDATED, CREATEDBY, UPDATEDBY, NAME, VERSION, ENTITYTYPE, COLUMNNAME, AD_TABLE_ID, AD_REFERENCE_ID, FIELDLENGTH, ISKEY, ISPARENT, ISMANDATORY, ISUPDATEABLE, ISIDENTIFIER, ISTRANSLATED, ISENCRYPTED, ISSELECTIONCOLUMN, AD_ELEMENT_ID, ISSYNCDATABASE, ISALWAYSUPDATEABLE)
 Values
   (50133, 0, 0, 'Y', TO_DATE('12/11/2006 23:46:57', 'MM/DD/YYYY HH24:MI:SS'), TO_DATE('12/12/2006 00:11:52', 'MM/DD/YYYY HH24:MI:SS'), 0, 0, 'AD_Org_ID', 0, 'U', 'AD_Org_ID', 50006, 19, 22, 'N', 'N', 'Y', 'N', 'N', 'N', 'N', 'N', 113, 'N', 'N');
Insert into AD_COLUMN
   (AD_COLUMN_ID, AD_CLIENT_ID, AD_ORG_ID, ISACTIVE, CREATED, UPDATED, CREATEDBY, UPDATEDBY, NAME, VERSION, ENTITYTYPE, COLUMNNAME, AD_TABLE_ID, AD_REFERENCE_ID, FIELDLENGTH, ISKEY, ISPARENT, ISMANDATORY, ISUPDATEABLE, ISIDENTIFIER, ISTRANSLATED, ISENCRYPTED, ISSELECTIONCOLUMN, AD_ELEMENT_ID, ISSYNCDATABASE, ISALWAYSUPDATEABLE)
 Values
   (50134, 0, 0, 'Y', TO_DATE('12/11/2006 23:46:57', 'MM/DD/YYYY HH24:MI:SS'), TO_DATE('12/12/2006 00:11:54', 'MM/DD/YYYY HH24:MI:SS'), 0, 0, 'AD_Package_Code_New', 0, 'U', 'AD_Package_Code_New', 50006, 34, 2000, 'N', 'N', 'N', 'Y', 'N', 'N', 'N', 'N', 50029, 'N', 'N');
Insert into AD_COLUMN
   (AD_COLUMN_ID, AD_CLIENT_ID, AD_ORG_ID, ISACTIVE, CREATED, UPDATED, CREATEDBY, UPDATEDBY, NAME, VERSION, ENTITYTYPE, COLUMNNAME, AD_TABLE_ID, AD_REFERENCE_ID, FIELDLENGTH, ISKEY, ISPARENT, ISMANDATORY, ISUPDATEABLE, ISIDENTIFIER, ISTRANSLATED, ISENCRYPTED, ISSELECTIONCOLUMN, AD_ELEMENT_ID, ISSYNCDATABASE, ISALWAYSUPDATEABLE)
 Values
   (50135, 0, 0, 'Y', TO_DATE('12/11/2006 23:46:57', 'MM/DD/YYYY HH24:MI:SS'), TO_DATE('12/12/2006 00:11:56', 'MM/DD/YYYY HH24:MI:SS'), 0, 0, 'AD_Package_Code_Old', 0, 'U', 'AD_Package_Code_Old', 50006, 34, 2000, 'N', 'N', 'N', 'Y', 'N', 'N', 'N', 'N', 50030, 'N', 'N');
Insert into AD_COLUMN
   (AD_COLUMN_ID, AD_CLIENT_ID, AD_ORG_ID, ISACTIVE, CREATED, UPDATED, CREATEDBY, UPDATEDBY, NAME, VERSION, ENTITYTYPE, COLUMNNAME, AD_TABLE_ID, AD_REFERENCE_ID, FIELDLENGTH, ISKEY, ISPARENT, ISMANDATORY, ISUPDATEABLE, ISIDENTIFIER, SEQNO, ISTRANSLATED, ISENCRYPTED, ISSELECTIONCOLUMN, AD_ELEMENT_ID, ISSYNCDATABASE, ISALWAYSUPDATEABLE)
 Values
   (50136, 0, 0, 'Y', TO_DATE('12/11/2006 23:47:05', 'MM/DD/YYYY HH24:MI:SS'), TO_DATE('12/12/2006 00:13:12', 'MM/DD/YYYY HH24:MI:SS'), 0, 0, 'AD_Package_Exp_Common_ID', 0, 'U', 'AD_Package_Exp_Common_ID', 50007, 13, 10, 'Y', 'N', 'Y', 'N', 'Y', 1, 'N', 'N', 'N', 50031, 'N', 'N');
Insert into AD_COLUMN
   (AD_COLUMN_ID, AD_CLIENT_ID, AD_ORG_ID, ISACTIVE, CREATED, UPDATED, CREATEDBY, UPDATEDBY, NAME, DESCRIPTION, HELP, VERSION, ENTITYTYPE, COLUMNNAME, AD_TABLE_ID, AD_REFERENCE_ID, FIELDLENGTH, ISKEY, ISPARENT, ISMANDATORY, ISUPDATEABLE, ISIDENTIFIER, ISTRANSLATED, ISENCRYPTED, ISSELECTIONCOLUMN, AD_ELEMENT_ID, ISSYNCDATABASE, ISALWAYSUPDATEABLE)
 Values
   (50137, 0, 0, 'Y', TO_DATE('12/11/2006 23:47:05', 'MM/DD/YYYY HH24:MI:SS'), TO_DATE('12/12/2006 00:13:15', 'MM/DD/YYYY HH24:MI:SS'), 0, 0, 'Client', 'Client/Tenant for this installation.', 'A Client is a company or a legal entity. You cannot share data between Clients. Tenant is a synonym for Client.', 0, 'U', 'AD_Client_ID', 50007, 19, 10, 'N', 'N', 'Y', 'N', 'N', 'N', 'N', 'N', 102, 'N', 'N');
Insert into AD_COLUMN
   (AD_COLUMN_ID, AD_CLIENT_ID, AD_ORG_ID, ISACTIVE, CREATED, UPDATED, CREATEDBY, UPDATEDBY, NAME, DESCRIPTION, HELP, VERSION, ENTITYTYPE, COLUMNNAME, AD_TABLE_ID, AD_REFERENCE_ID, FIELDLENGTH, ISKEY, ISPARENT, ISMANDATORY, ISUPDATEABLE, ISIDENTIFIER, ISTRANSLATED, ISENCRYPTED, ISSELECTIONCOLUMN, AD_ELEMENT_ID, ISSYNCDATABASE, ISALWAYSUPDATEABLE)
 Values
   (50138, 0, 0, 'Y', TO_DATE('12/11/2006 23:47:05', 'MM/DD/YYYY HH24:MI:SS'), TO_DATE('12/12/2006 00:13:17', 'MM/DD/YYYY HH24:MI:SS'), 0, 0, 'Special Form', 'Special Form', 'The Special Form field identifies a unique Special Form in the system.', 0, 'U', 'AD_Form_ID', 50007, 30, 10, 'N', 'N', 'N', 'Y', 'N', 'N', 'N', 'N', 1298, 'N', 'N');
Insert into AD_COLUMN
   (AD_COLUMN_ID, AD_CLIENT_ID, AD_ORG_ID, ISACTIVE, CREATED, UPDATED, CREATEDBY, UPDATEDBY, NAME, VERSION, ENTITYTYPE, COLUMNNAME, AD_TABLE_ID, AD_REFERENCE_ID, FIELDLENGTH, ISKEY, ISPARENT, ISMANDATORY, ISUPDATEABLE, ISIDENTIFIER, ISTRANSLATED, ISENCRYPTED, ISSELECTIONCOLUMN, AD_ELEMENT_ID, ISSYNCDATABASE, ISALWAYSUPDATEABLE)
 Values
   (50139, 0, 0, 'Y', TO_DATE('12/11/2006 23:47:06', 'MM/DD/YYYY HH24:MI:SS'), TO_DATE('12/12/2006 00:13:20', 'MM/DD/YYYY HH24:MI:SS'), 0, 0, 'Import Format', 0, 'U', 'AD_ImpFormat_ID', 50007, 19, 10, 'N', 'N', 'N', 'Y', 'N', 'N', 'N', 'N', 1311, 'N', 'N');
Insert into AD_COLUMN
   (AD_COLUMN_ID, AD_CLIENT_ID, AD_ORG_ID, ISACTIVE, CREATED, UPDATED, CREATEDBY, UPDATEDBY, NAME, DESCRIPTION, HELP, VERSION, ENTITYTYPE, COLUMNNAME, AD_TABLE_ID, AD_REFERENCE_ID, FIELDLENGTH, ISKEY, ISPARENT, ISMANDATORY, ISUPDATEABLE, ISIDENTIFIER, ISTRANSLATED, ISENCRYPTED, ISSELECTIONCOLUMN, AD_ELEMENT_ID, ISSYNCDATABASE, ISALWAYSUPDATEABLE)
 Values
   (50140, 0, 0, 'Y', TO_DATE('12/11/2006 23:47:06', 'MM/DD/YYYY HH24:MI:SS'), TO_DATE('12/12/2006 00:13:22', 'MM/DD/YYYY HH24:MI:SS'), 0, 0, 'Report View', 'View used to generate this report', 'The Report View indicates the view used to generate this report.', 0, 'U', 'AD_ReportView_ID', 50007, 30, 10, 'N', 'N', 'N', 'Y', 'N', 'N', 'N', 'N', 1252, 'N', 'N');
Insert into AD_COLUMN
   (AD_COLUMN_ID, AD_CLIENT_ID, AD_ORG_ID, ISACTIVE, CREATED, UPDATED, CREATEDBY, UPDATEDBY, NAME, DESCRIPTION, HELP, VERSION, ENTITYTYPE, COLUMNNAME, AD_TABLE_ID, AD_REFERENCE_ID, FIELDLENGTH, ISKEY, ISPARENT, ISMANDATORY, ISUPDATEABLE, ISIDENTIFIER, ISTRANSLATED, ISENCRYPTED, ISSELECTIONCOLUMN, AD_ELEMENT_ID, ISSYNCDATABASE, ISALWAYSUPDATEABLE)
 Values
   (50141, 0, 0, 'Y', TO_DATE('12/11/2006 23:47:06', 'MM/DD/YYYY HH24:MI:SS'), TO_DATE('12/12/2006 00:13:25', 'MM/DD/YYYY HH24:MI:SS'), 0, 0, 'Table', 'Table for the Fields', 'The Table indicates the table in which a field or fields reside.', 0, 'U', 'AD_Table_ID', 50007, 30, 10, 'N', 'N', 'N', 'Y', 'N', 'N', 'N', 'N', 126, 'N', 'N');
Insert into AD_COLUMN
   (AD_COLUMN_ID, AD_CLIENT_ID, AD_ORG_ID, ISACTIVE, CREATED, UPDATED, CREATEDBY, UPDATEDBY, NAME, DESCRIPTION, VERSION, ENTITYTYPE, COLUMNNAME, AD_TABLE_ID, AD_REFERENCE_ID, FIELDLENGTH, ISKEY, ISPARENT, ISMANDATORY, ISUPDATEABLE, ISIDENTIFIER, ISTRANSLATED, ISENCRYPTED, ISSELECTIONCOLUMN, AD_ELEMENT_ID, ISSYNCDATABASE, ISALWAYSUPDATEABLE)
 Values
   (50142, 0, 0, 'Y', TO_DATE('12/11/2006 23:47:07', 'MM/DD/YYYY HH24:MI:SS'), TO_DATE('12/12/2006 00:13:27', 'MM/DD/YYYY HH24:MI:SS'), 0, 0, 'Workbench', 'Collection of windows reports', 0, 'U', 'AD_Workbench_ID', 50007, 30, 10, 'N', 'N', 'N', 'Y', 'N', 'N', 'N', 'N', 1646, 'N', 'N');
Insert into AD_COLUMN
   (AD_COLUMN_ID, AD_CLIENT_ID, AD_ORG_ID, ISACTIVE, CREATED, UPDATED, CREATEDBY, UPDATEDBY, NAME, DESCRIPTION, HELP, VERSION, ENTITYTYPE, COLUMNNAME, AD_TABLE_ID, AD_REFERENCE_ID, FIELDLENGTH, ISKEY, ISPARENT, ISMANDATORY, ISUPDATEABLE, ISIDENTIFIER, ISTRANSLATED, ISENCRYPTED, ISSELECTIONCOLUMN, AD_ELEMENT_ID, ISSYNCDATABASE, ISALWAYSUPDATEABLE)
 Values
   (50143, 0, 0, 'Y', TO_DATE('12/11/2006 23:47:07', 'MM/DD/YYYY HH24:MI:SS'), TO_DATE('12/12/2006 00:13:29', 'MM/DD/YYYY HH24:MI:SS'), 0, 0, 'Created', 'Date this record was created', 'The Created field indicates the date that this record was created.', 0, 'U', 'Created', 50007, 15, 7, 'N', 'N', 'Y', 'N', 'N', 'N', 'N', 'N', 245, 'N', 'N');
Insert into AD_COLUMN
   (AD_COLUMN_ID, AD_CLIENT_ID, AD_ORG_ID, ISACTIVE, CREATED, UPDATED, CREATEDBY, UPDATEDBY, NAME, DESCRIPTION, HELP, VERSION, ENTITYTYPE, COLUMNNAME, AD_TABLE_ID, AD_REFERENCE_ID, AD_REFERENCE_VALUE_ID, FIELDLENGTH, DEFAULTVALUE, ISKEY, ISPARENT, ISMANDATORY, ISUPDATEABLE, ISIDENTIFIER, ISTRANSLATED, ISENCRYPTED, ISSELECTIONCOLUMN, AD_ELEMENT_ID, ISSYNCDATABASE, ISALWAYSUPDATEABLE)
 Values
   (50144, 0, 0, 'Y', TO_DATE('12/11/2006 23:47:15', 'MM/DD/YYYY HH24:MI:SS'), TO_DATE('12/12/2006 00:13:41', 'MM/DD/YYYY HH24:MI:SS'), 0, 0, 'DBType', 'Indicates the type of database.', 'This field indicates the type of database.', 0, 'U', 'DBType', 50007, 17, 50003, 22, '''ALL''', 'N', 'N', 'N', 'Y', 'N', 'N', 'N', 'N', 50026, 'N', 'N');
Insert into AD_COLUMN
   (AD_COLUMN_ID, AD_CLIENT_ID, AD_ORG_ID, ISACTIVE, CREATED, UPDATED, CREATEDBY, UPDATEDBY, NAME, DESCRIPTION, HELP, VERSION, ENTITYTYPE, COLUMNNAME, AD_TABLE_ID, AD_REFERENCE_ID, FIELDLENGTH, ISKEY, ISPARENT, ISMANDATORY, ISUPDATEABLE, ISIDENTIFIER, ISTRANSLATED, ISENCRYPTED, ISSELECTIONCOLUMN, AD_ELEMENT_ID, ISSYNCDATABASE, ISALWAYSUPDATEABLE)
 Values
   (50145, 0, 0, 'Y', TO_DATE('12/11/2006 23:47:15', 'MM/DD/YYYY HH24:MI:SS'), TO_DATE('12/12/2006 00:13:43', 'MM/DD/YYYY HH24:MI:SS'), 0, 0, 'Processed', 'The document has been processed', 'The Processed checkbox indicates that a document has been processed.', 0, 'U', 'Processed', 50007, 20, 1, 'N', 'N', 'N', 'Y', 'N', 'N', 'N', 'N', 1047, 'N', 'N');
Insert into AD_COLUMN
   (AD_COLUMN_ID, AD_CLIENT_ID, AD_ORG_ID, ISACTIVE, CREATED, UPDATED, CREATEDBY, UPDATEDBY, NAME, VERSION, ENTITYTYPE, COLUMNNAME, AD_TABLE_ID, AD_REFERENCE_ID, FIELDLENGTH, ISKEY, ISPARENT, ISMANDATORY, ISUPDATEABLE, ISIDENTIFIER, ISTRANSLATED, ISENCRYPTED, ISSELECTIONCOLUMN, AD_ELEMENT_ID, ISSYNCDATABASE, ISALWAYSUPDATEABLE)
 Values
   (50146, 0, 0, 'Y', TO_DATE('12/11/2006 23:47:15', 'MM/DD/YYYY HH24:MI:SS'), TO_DATE('12/12/2006 00:13:46', 'MM/DD/YYYY HH24:MI:SS'), 0, 0, 'PK_Name', 0, 'U', 'PK_Name', 50007, 10, 60, 'N', 'N', 'N', 'Y', 'N', 'N', 'N', 'N', 50021, 'N', 'N');
Insert into AD_COLUMN
   (AD_COLUMN_ID, AD_CLIENT_ID, AD_ORG_ID, ISACTIVE, CREATED, UPDATED, CREATEDBY, UPDATEDBY, NAME, DESCRIPTION, VERSION, ENTITYTYPE, COLUMNNAME, AD_TABLE_ID, AD_REFERENCE_ID, FIELDLENGTH, ISKEY, ISPARENT, ISMANDATORY, ISUPDATEABLE, ISIDENTIFIER, ISTRANSLATED, ISENCRYPTED, ISSELECTIONCOLUMN, AD_ELEMENT_ID, ISSYNCDATABASE, ISALWAYSUPDATEABLE)
 Values
   (50147, 0, 0, 'Y', TO_DATE('12/11/2006 23:47:16', 'MM/DD/YYYY HH24:MI:SS'), TO_DATE('12/12/2006 00:13:48', 'MM/DD/YYYY HH24:MI:SS'), 0, 0, 'Name 2', 'Additional Name', 0, 'U', 'Name2', 50007, 10, 60, 'N', 'N', 'N', 'Y', 'N', 'N', 'N', 'N', 1111, 'N', 'N');
Insert into AD_COLUMN
   (AD_COLUMN_ID, AD_CLIENT_ID, AD_ORG_ID, ISACTIVE, CREATED, UPDATED, CREATEDBY, UPDATEDBY, NAME, DESCRIPTION, HELP, VERSION, ENTITYTYPE, COLUMNNAME, AD_TABLE_ID, AD_REFERENCE_ID, FIELDLENGTH, ISKEY, ISPARENT, ISMANDATORY, ISUPDATEABLE, ISIDENTIFIER, ISTRANSLATED, ISENCRYPTED, ISSELECTIONCOLUMN, AD_ELEMENT_ID, ISSYNCDATABASE, ISALWAYSUPDATEABLE)
 Values
   (50148, 0, 0, 'Y', TO_DATE('12/11/2006 23:47:16', 'MM/DD/YYYY HH24:MI:SS'), TO_DATE('12/12/2006 00:13:51', 'MM/DD/YYYY HH24:MI:SS'), 0, 0, 'Line No', 'Unique line for this document', 'Indicates the unique line for a document.  It will also control the display order of the lines within a document.', 0, 'U', 'Line', 50007, 11, 22, 'N', 'N', 'N', 'Y', 'N', 'N', 'N', 'N', 439, 'N', 'N');
Insert into AD_COLUMN
   (AD_COLUMN_ID, AD_CLIENT_ID, AD_ORG_ID, ISACTIVE, CREATED, UPDATED, CREATEDBY, UPDATEDBY, NAME, DESCRIPTION, HELP, VERSION, ENTITYTYPE, COLUMNNAME, AD_TABLE_ID, AD_REFERENCE_ID, FIELDLENGTH, ISKEY, ISPARENT, ISMANDATORY, ISUPDATEABLE, ISIDENTIFIER, ISTRANSLATED, ISENCRYPTED, ISSELECTIONCOLUMN, AD_ELEMENT_ID, ISSYNCDATABASE, ISALWAYSUPDATEABLE)
 Values
   (50149, 0, 0, 'Y', TO_DATE('12/11/2006 23:47:16', 'MM/DD/YYYY HH24:MI:SS'), TO_DATE('12/12/2006 00:13:53', 'MM/DD/YYYY HH24:MI:SS'), 0, 0, 'Active', 'The record is active in the system', 'There are two methods of making records unavailable in the system: One is to delete the record the other is to de-activate the record. A de-activated record is not available for selection but available for reports.
There are two reasons for de-activating and not deleting records:
(1) The system requires the record for audit purposes.
(2) The record is referenced by other records. E.g. you cannot delete a Business Partner if there are invoices for this partner record existing. You de-activate the Business Partner and prevent that this record is used for future entries.', 0, 'U', 'IsActive', 50007, 20, 1, 'N', 'N', 'Y', 'Y', 'N', 'N', 'N', 'N', 348, 'N', 'N');
Insert into AD_COLUMN
   (AD_COLUMN_ID, AD_CLIENT_ID, AD_ORG_ID, ISACTIVE, CREATED, UPDATED, CREATEDBY, UPDATEDBY, NAME, VERSION, ENTITYTYPE, COLUMNNAME, AD_TABLE_ID, AD_REFERENCE_ID, FIELDLENGTH, ISKEY, ISPARENT, ISMANDATORY, ISUPDATEABLE, ISIDENTIFIER, ISTRANSLATED, ISENCRYPTED, ISSELECTIONCOLUMN, AD_ELEMENT_ID, ISSYNCDATABASE, ISALWAYSUPDATEABLE)
 Values
   (50150, 0, 0, 'Y', TO_DATE('12/11/2006 23:47:17', 'MM/DD/YYYY HH24:MI:SS'), TO_DATE('12/12/2006 00:13:56', 'MM/DD/YYYY HH24:MI:SS'), 0, 0, 'File_Directory', 0, 'U', 'File_Directory', 50007, 10, 255, 'N', 'N', 'N', 'Y', 'N', 'N', 'N', 'N', 50022, 'N', 'N');
Insert into AD_COLUMN
   (AD_COLUMN_ID, AD_CLIENT_ID, AD_ORG_ID, ISACTIVE, CREATED, UPDATED, CREATEDBY, UPDATEDBY, NAME, DESCRIPTION, HELP, VERSION, ENTITYTYPE, COLUMNNAME, AD_TABLE_ID, AD_REFERENCE_ID, FIELDLENGTH, ISKEY, ISPARENT, ISMANDATORY, ISUPDATEABLE, ISIDENTIFIER, ISTRANSLATED, ISENCRYPTED, ISSELECTIONCOLUMN, AD_ELEMENT_ID, ISSYNCDATABASE, ISALWAYSUPDATEABLE)
 Values
   (50151, 0, 0, 'Y', TO_DATE('12/11/2006 23:47:17', 'MM/DD/YYYY HH24:MI:SS'), TO_DATE('12/12/2006 00:13:58', 'MM/DD/YYYY HH24:MI:SS'), 0, 0, 'File Name', 'Name of the local file or URL', 'Name of a file in the local directory space - or URL (file://.. http://.. ftp://..)', 0, 'U', 'FileName', 50007, 10, 255, 'N', 'N', 'N', 'Y', 'N', 'N', 'N', 'N', 2295, 'N', 'N');
Insert into AD_COLUMN
   (AD_COLUMN_ID, AD_CLIENT_ID, AD_ORG_ID, ISACTIVE, CREATED, UPDATED, CREATEDBY, UPDATEDBY, NAME, VERSION, ENTITYTYPE, COLUMNNAME, AD_TABLE_ID, AD_REFERENCE_ID, FIELDLENGTH, ISKEY, ISPARENT, ISMANDATORY, ISUPDATEABLE, ISIDENTIFIER, ISTRANSLATED, ISENCRYPTED, ISSELECTIONCOLUMN, AD_ELEMENT_ID, ISSYNCDATABASE, ISALWAYSUPDATEABLE)
 Values
   (50152, 0, 0, 'Y', TO_DATE('12/11/2006 23:47:17', 'MM/DD/YYYY HH24:MI:SS'), TO_DATE('12/12/2006 00:14:00', 'MM/DD/YYYY HH24:MI:SS'), 0, 0, 'Destination_Directory', 0, 'U', 'Destination_Directory', 50007, 10, 255, 'N', 'N', 'N', 'Y', 'N', 'N', 'N', 'N', 50025, 'N', 'N');
Insert into AD_COLUMN
   (AD_COLUMN_ID, AD_CLIENT_ID, AD_ORG_ID, ISACTIVE, CREATED, UPDATED, CREATEDBY, UPDATEDBY, NAME, DESCRIPTION, HELP, VERSION, ENTITYTYPE, COLUMNNAME, AD_TABLE_ID, AD_REFERENCE_ID, FIELDLENGTH, ISKEY, ISPARENT, ISMANDATORY, ISUPDATEABLE, ISIDENTIFIER, ISTRANSLATED, ISENCRYPTED, ISSELECTIONCOLUMN, AD_ELEMENT_ID, ISSYNCDATABASE, ISALWAYSUPDATEABLE)
 Values
   (50153, 0, 0, 'Y', TO_DATE('12/11/2006 23:47:18', 'MM/DD/YYYY HH24:MI:SS'), TO_DATE('12/12/2006 00:14:03', 'MM/DD/YYYY HH24:MI:SS'), 0, 0, 'Description', 'Optional short description of the record', 'A description is limited to 255 characters.', 0, 'U', 'Description', 50007, 34, 1000, 'N', 'N', 'N', 'Y', 'N', 'N', 'N', 'N', 275, 'N', 'N');
Insert into AD_COLUMN
   (AD_COLUMN_ID, AD_CLIENT_ID, AD_ORG_ID, ISACTIVE, CREATED, UPDATED, CREATEDBY, UPDATEDBY, NAME, DESCRIPTION, HELP, VERSION, ENTITYTYPE, COLUMNNAME, AD_TABLE_ID, AD_REFERENCE_ID, AD_REFERENCE_VALUE_ID, FIELDLENGTH, ISKEY, ISPARENT, ISMANDATORY, ISUPDATEABLE, ISIDENTIFIER, ISTRANSLATED, ISENCRYPTED, ISSELECTIONCOLUMN, AD_ELEMENT_ID, ISSYNCDATABASE, ISALWAYSUPDATEABLE)
 Values
   (50154, 0, 0, 'Y', TO_DATE('12/11/2006 23:47:18', 'MM/DD/YYYY HH24:MI:SS'), TO_DATE('12/12/2006 00:14:05', 'MM/DD/YYYY HH24:MI:SS'), 0, 0, 'Updated By', 'User who updated this records', 'The Updated By field indicates the user who updated this record.', 0, 'U', 'UpdatedBy', 50007, 18, 110, 22, 'N', 'N', 'Y', 'N', 'N', 'N', 'N', 'N', 608, 'N', 'N');
Insert into AD_COLUMN
   (AD_COLUMN_ID, AD_CLIENT_ID, AD_ORG_ID, ISACTIVE, CREATED, UPDATED, CREATEDBY, UPDATEDBY, NAME, DESCRIPTION, HELP, VERSION, ENTITYTYPE, COLUMNNAME, AD_TABLE_ID, AD_REFERENCE_ID, FIELDLENGTH, ISKEY, ISPARENT, ISMANDATORY, ISUPDATEABLE, ISIDENTIFIER, ISTRANSLATED, ISENCRYPTED, ISSELECTIONCOLUMN, AD_ELEMENT_ID, ISSYNCDATABASE, ISALWAYSUPDATEABLE)
 Values
   (50155, 0, 0, 'Y', TO_DATE('12/11/2006 23:47:19', 'MM/DD/YYYY HH24:MI:SS'), TO_DATE('12/12/2006 00:14:07', 'MM/DD/YYYY HH24:MI:SS'), 0, 0, 'Updated', 'Date this record was updated', 'The Updated field indicates the date that this record was updated.', 0, 'U', 'Updated', 50007, 16, 7, 'N', 'N', 'Y', 'N', 'N', 'N', 'N', 'N', 607, 'N', 'N');
Insert into AD_COLUMN
   (AD_COLUMN_ID, AD_CLIENT_ID, AD_ORG_ID, ISACTIVE, CREATED, UPDATED, CREATEDBY, UPDATEDBY, NAME, DESCRIPTION, HELP, VERSION, ENTITYTYPE, COLUMNNAME, AD_TABLE_ID, AD_REFERENCE_ID, AD_REFERENCE_VALUE_ID, FIELDLENGTH, ISKEY, ISPARENT, ISMANDATORY, ISUPDATEABLE, ISIDENTIFIER, ISTRANSLATED, ISENCRYPTED, ISSELECTIONCOLUMN, AD_ELEMENT_ID, ISSYNCDATABASE, ISALWAYSUPDATEABLE)
 Values
   (50156, 0, 0, 'Y', TO_DATE('12/11/2006 23:47:32', 'MM/DD/YYYY HH24:MI:SS'), TO_DATE('12/12/2006 00:14:23', 'MM/DD/YYYY HH24:MI:SS'), 0, 0, 'Type', 'Type of Validation (SQL Java Script Java Language)', 'The Type indicates the type of validation that will occur.  This can be SQL Java Script or Java Language.', 0, 'U', 'Type', 50007, 17, 50004, 10, 'N', 'N', 'N', 'Y', 'N', 'N', 'N', 'N', 600, 'N', 'N');
Insert into AD_COLUMN
   (AD_COLUMN_ID, AD_CLIENT_ID, AD_ORG_ID, ISACTIVE, CREATED, UPDATED, CREATEDBY, UPDATEDBY, NAME, VERSION, ENTITYTYPE, COLUMNNAME, AD_TABLE_ID, AD_REFERENCE_ID, FIELDLENGTH, ISKEY, ISPARENT, ISMANDATORY, ISUPDATEABLE, ISIDENTIFIER, ISTRANSLATED, ISENCRYPTED, ISSELECTIONCOLUMN, AD_ELEMENT_ID, ISSYNCDATABASE, ISALWAYSUPDATEABLE)
 Values
   (50157, 0, 0, 'Y', TO_DATE('12/11/2006 23:47:32', 'MM/DD/YYYY HH24:MI:SS'), TO_DATE('12/12/2006 00:14:26', 'MM/DD/YYYY HH24:MI:SS'), 0, 0, 'Target_Directory', 0, 'U', 'Target_Directory', 50007, 10, 255, 'N', 'N', 'N', 'Y', 'N', 'N', 'N', 'N', 50027, 'N', 'N');
Insert into AD_COLUMN
   (AD_COLUMN_ID, AD_CLIENT_ID, AD_ORG_ID, ISACTIVE, CREATED, UPDATED, CREATEDBY, UPDATEDBY, NAME, VERSION, ENTITYTYPE, COLUMNNAME, AD_TABLE_ID, AD_REFERENCE_ID, FIELDLENGTH, ISKEY, ISPARENT, ISMANDATORY, ISUPDATEABLE, ISIDENTIFIER, ISTRANSLATED, ISENCRYPTED, ISSELECTIONCOLUMN, AD_ELEMENT_ID, ISSYNCDATABASE, ISALWAYSUPDATEABLE)
 Values
   (50158, 0, 0, 'Y', TO_DATE('12/11/2006 23:47:32', 'MM/DD/YYYY HH24:MI:SS'), TO_DATE('12/12/2006 00:14:28', 'MM/DD/YYYY HH24:MI:SS'), 0, 0, 'SQLStatement', 0, 'U', 'SQLStatement', 50007, 10, 255, 'N', 'N', 'N', 'Y', 'N', 'N', 'N', 'N', 50028, 'N', 'N');
Insert into AD_COLUMN
   (AD_COLUMN_ID, AD_CLIENT_ID, AD_ORG_ID, ISACTIVE, CREATED, UPDATED, CREATEDBY, UPDATEDBY, NAME, VERSION, ENTITYTYPE, COLUMNNAME, AD_TABLE_ID, AD_REFERENCE_ID, FIELDLENGTH, ISKEY, ISPARENT, ISMANDATORY, ISUPDATEABLE, ISIDENTIFIER, ISTRANSLATED, ISENCRYPTED, ISSELECTIONCOLUMN, AD_ELEMENT_ID, ISSYNCDATABASE, ISALWAYSUPDATEABLE)
 Values
   (50159, 0, 0, 'Y', TO_DATE('12/11/2006 23:47:33', 'MM/DD/YYYY HH24:MI:SS'), TO_DATE('12/12/2006 00:14:31', 'MM/DD/YYYY HH24:MI:SS'), 0, 0, 'Process Now', 0, 'U', 'Processing', 50007, 20, 1, 'N', 'N', 'N', 'Y', 'N', 'N', 'N', 'N', 524, 'N', 'N');
Insert into AD_COLUMN
   (AD_COLUMN_ID, AD_CLIENT_ID, AD_ORG_ID, ISACTIVE, CREATED, UPDATED, CREATEDBY, UPDATEDBY, NAME, DESCRIPTION, HELP, VERSION, ENTITYTYPE, COLUMNNAME, AD_TABLE_ID, AD_REFERENCE_ID, AD_REFERENCE_VALUE_ID, FIELDLENGTH, ISKEY, ISPARENT, ISMANDATORY, ISUPDATEABLE, ISIDENTIFIER, ISTRANSLATED, ISENCRYPTED, ISSELECTIONCOLUMN, AD_ELEMENT_ID, ISSYNCDATABASE, ISALWAYSUPDATEABLE)
 Values
   (50160, 0, 0, 'Y', TO_DATE('12/11/2006 23:47:33', 'MM/DD/YYYY HH24:MI:SS'), TO_DATE('12/12/2006 00:14:34', 'MM/DD/YYYY HH24:MI:SS'), 0, 0, 'Created By', 'User who created this records', 'The Created By field indicates the user who created this record.', 0, 'U', 'CreatedBy', 50007, 18, 110, 22, 'N', 'N', 'Y', 'N', 'N', 'N', 'N', 'N', 246, 'N', 'N');
Insert into AD_COLUMN
   (AD_COLUMN_ID, AD_CLIENT_ID, AD_ORG_ID, ISACTIVE, CREATED, UPDATED, CREATEDBY, UPDATEDBY, NAME, DESCRIPTION, HELP, VERSION, ENTITYTYPE, COLUMNNAME, AD_TABLE_ID, AD_REFERENCE_ID, FIELDLENGTH, ISKEY, ISPARENT, ISMANDATORY, ISUPDATEABLE, ISIDENTIFIER, ISTRANSLATED, ISENCRYPTED, ISSELECTIONCOLUMN, AD_ELEMENT_ID, ISSYNCDATABASE, ISALWAYSUPDATEABLE)
 Values
   (50161, 0, 0, 'Y', TO_DATE('12/11/2006 23:47:33', 'MM/DD/YYYY HH24:MI:SS'), TO_DATE('12/12/2006 00:14:36', 'MM/DD/YYYY HH24:MI:SS'), 0, 0, 'Workflow', 'Workflow or combination of tasks', 'The Workflow field identifies a unique Workflow in the system.', 0, 'U', 'AD_Workflow_ID', 50007, 30, 10, 'N', 'N', 'N', 'Y', 'N', 'N', 'N', 'N', 144, 'N', 'N');
Insert into AD_COLUMN
   (AD_COLUMN_ID, AD_CLIENT_ID, AD_ORG_ID, ISACTIVE, CREATED, UPDATED, CREATEDBY, UPDATEDBY, NAME, DESCRIPTION, HELP, VERSION, ENTITYTYPE, COLUMNNAME, AD_TABLE_ID, AD_REFERENCE_ID, FIELDLENGTH, ISKEY, ISPARENT, ISMANDATORY, ISUPDATEABLE, ISIDENTIFIER, ISTRANSLATED, ISENCRYPTED, ISSELECTIONCOLUMN, AD_ELEMENT_ID, ISSYNCDATABASE, ISALWAYSUPDATEABLE)
 Values
   (50162, 0, 0, 'Y', TO_DATE('12/11/2006 23:47:34', 'MM/DD/YYYY HH24:MI:SS'), TO_DATE('12/12/2006 00:14:39', 'MM/DD/YYYY HH24:MI:SS'), 0, 0, 'Window', 'Data entry or display window', 'The Window field identifies a unique Window in the system.', 0, 'U', 'AD_Window_ID', 50007, 30, 10, 'N', 'N', 'N', 'Y', 'N', 'N', 'N', 'N', 143, 'N', 'N');
Insert into AD_COLUMN
   (AD_COLUMN_ID, AD_CLIENT_ID, AD_ORG_ID, ISACTIVE, CREATED, UPDATED, CREATEDBY, UPDATEDBY, NAME, DESCRIPTION, HELP, VERSION, ENTITYTYPE, COLUMNNAME, AD_TABLE_ID, AD_REFERENCE_ID, FIELDLENGTH, ISKEY, ISPARENT, ISMANDATORY, ISUPDATEABLE, ISIDENTIFIER, ISTRANSLATED, ISENCRYPTED, ISSELECTIONCOLUMN, AD_ELEMENT_ID, ISSYNCDATABASE, ISALWAYSUPDATEABLE)
 Values
   (50163, 0, 0, 'Y', TO_DATE('12/11/2006 23:47:34', 'MM/DD/YYYY HH24:MI:SS'), TO_DATE('12/12/2006 00:14:42', 'MM/DD/YYYY HH24:MI:SS'), 0, 0, 'Role', 'Responsibility Role', 'The Role determines security and access a user who has this Role will have in the System.', 0, 'U', 'AD_Role_ID', 50007, 19, 10, 'N', 'N', 'N', 'Y', 'N', 'N', 'N', 'N', 123, 'N', 'N');
Insert into AD_COLUMN
   (AD_COLUMN_ID, AD_CLIENT_ID, AD_ORG_ID, ISACTIVE, CREATED, UPDATED, CREATEDBY, UPDATEDBY, NAME, DESCRIPTION, HELP, VERSION, ENTITYTYPE, COLUMNNAME, AD_TABLE_ID, AD_REFERENCE_ID, FIELDLENGTH, ISKEY, ISPARENT, ISMANDATORY, ISUPDATEABLE, ISIDENTIFIER, ISTRANSLATED, ISENCRYPTED, ISSELECTIONCOLUMN, AD_ELEMENT_ID, ISSYNCDATABASE, ISALWAYSUPDATEABLE)
 Values
   (50164, 0, 0, 'Y', TO_DATE('12/11/2006 23:47:34', 'MM/DD/YYYY HH24:MI:SS'), TO_DATE('12/12/2006 00:14:45', 'MM/DD/YYYY HH24:MI:SS'), 0, 0, 'Process', 'Process or Report', 'The Process field identifies a unique Process or Report in the system.', 0, 'U', 'AD_Process_ID', 50007, 30, 10, 'N', 'N', 'N', 'Y', 'N', 'N', 'N', 'N', 117, 'N', 'N');
Insert into AD_COLUMN
   (AD_COLUMN_ID, AD_CLIENT_ID, AD_ORG_ID, ISACTIVE, CREATED, UPDATED, CREATEDBY, UPDATEDBY, NAME, DESCRIPTION, HELP, VERSION, ENTITYTYPE, COLUMNNAME, AD_TABLE_ID, AD_REFERENCE_ID, FIELDLENGTH, ISKEY, ISPARENT, ISMANDATORY, ISUPDATEABLE, ISIDENTIFIER, ISTRANSLATED, ISENCRYPTED, ISSELECTIONCOLUMN, AD_ELEMENT_ID, ISSYNCDATABASE, ISALWAYSUPDATEABLE)
 Values
   (50165, 0, 0, 'Y', TO_DATE('12/11/2006 23:47:35', 'MM/DD/YYYY HH24:MI:SS'), TO_DATE('12/12/2006 00:14:49', 'MM/DD/YYYY HH24:MI:SS'), 0, 0, 'Menu', 'Identifies a Menu', 'The Menu identifies a unique Menu.  Menus are used to control the display of those screens a user has access to.', 0, 'U', 'AD_Menu_ID', 50007, 19, 10, 'N', 'N', 'N', 'Y', 'N', 'N', 'N', 'N', 110, 'N', 'N');
Insert into AD_COLUMN
   (AD_COLUMN_ID, AD_CLIENT_ID, AD_ORG_ID, ISACTIVE, CREATED, UPDATED, CREATEDBY, UPDATEDBY, NAME, DESCRIPTION, HELP, VERSION, ENTITYTYPE, COLUMNNAME, AD_TABLE_ID, AD_REFERENCE_ID, FIELDLENGTH, ISKEY, ISPARENT, ISMANDATORY, ISUPDATEABLE, ISIDENTIFIER, ISTRANSLATED, ISENCRYPTED, ISSELECTIONCOLUMN, AD_ELEMENT_ID, ISSYNCDATABASE, ISALWAYSUPDATEABLE)
 Values
   (50166, 0, 0, 'Y', TO_DATE('12/11/2006 23:47:35', 'MM/DD/YYYY HH24:MI:SS'), TO_DATE('12/12/2006 00:14:52', 'MM/DD/YYYY HH24:MI:SS'), 0, 0, 'Organization', 'Organizational entity within client', 'An organization is a unit of your client or legal entity - examples are store department. You can share data between organizations.', 0, 'U', 'AD_Org_ID', 50007, 19, 10, 'N', 'N', 'Y', 'N', 'N', 'N', 'N', 'N', 113, 'N', 'N');
Insert into AD_COLUMN
   (AD_COLUMN_ID, AD_CLIENT_ID, AD_ORG_ID, ISACTIVE, CREATED, UPDATED, CREATEDBY, UPDATEDBY, NAME, DESCRIPTION, HELP, VERSION, ENTITYTYPE, COLUMNNAME, AD_TABLE_ID, AD_REFERENCE_ID, FIELDLENGTH, ISKEY, ISPARENT, ISMANDATORY, ISUPDATEABLE, ISIDENTIFIER, ISTRANSLATED, ISENCRYPTED, ISSELECTIONCOLUMN, AD_ELEMENT_ID, ISSYNCDATABASE, ISALWAYSUPDATEABLE)
 Values
   (50167, 0, 0, 'Y', TO_DATE('12/11/2006 23:47:41', 'MM/DD/YYYY HH24:MI:SS'), TO_DATE('12/12/2006 00:16:14', 'MM/DD/YYYY HH24:MI:SS'), 0, 0, 'Client', 'Client/Tenant for this installation.', 'A Client is a company or a legal entity. You cannot share data between Clients. Tenant is a synonym for Client.', 0, 'U', 'AD_Client_ID', 50008, 19, 10, 'N', 'N', 'Y', 'N', 'N', 'N', 'N', 'N', 102, 'N', 'N');
Insert into AD_COLUMN
   (AD_COLUMN_ID, AD_CLIENT_ID, AD_ORG_ID, ISACTIVE, CREATED, UPDATED, CREATEDBY, UPDATEDBY, NAME, DESCRIPTION, HELP, VERSION, ENTITYTYPE, COLUMNNAME, AD_TABLE_ID, AD_REFERENCE_ID, FIELDLENGTH, ISKEY, ISPARENT, ISMANDATORY, ISUPDATEABLE, ISIDENTIFIER, ISTRANSLATED, ISENCRYPTED, ISSELECTIONCOLUMN, AD_ELEMENT_ID, ISSYNCDATABASE, ISALWAYSUPDATEABLE)
 Values
   (50168, 0, 0, 'Y', TO_DATE('12/11/2006 23:47:42', 'MM/DD/YYYY HH24:MI:SS'), TO_DATE('12/12/2006 00:16:16', 'MM/DD/YYYY HH24:MI:SS'), 0, 0, 'Organization', 'Organizational entity within client', 'An organization is a unit of your client or legal entity - examples are store department. You can share data between organizations.', 0, 'U', 'AD_Org_ID', 50008, 19, 10, 'N', 'N', 'Y', 'N', 'N', 'N', 'N', 'N', 113, 'N', 'N');
Insert into AD_COLUMN
   (AD_COLUMN_ID, AD_CLIENT_ID, AD_ORG_ID, ISACTIVE, CREATED, UPDATED, CREATEDBY, UPDATEDBY, NAME, VERSION, ENTITYTYPE, COLUMNNAME, AD_TABLE_ID, AD_REFERENCE_ID, FIELDLENGTH, ISKEY, ISPARENT, ISMANDATORY, ISUPDATEABLE, ISIDENTIFIER, ISTRANSLATED, ISENCRYPTED, ISSELECTIONCOLUMN, AD_ELEMENT_ID, ISSYNCDATABASE, ISALWAYSUPDATEABLE)
 Values
   (50169, 0, 0, 'Y', TO_DATE('12/11/2006 23:47:42', 'MM/DD/YYYY HH24:MI:SS'), TO_DATE('12/12/2006 00:16:18', 'MM/DD/YYYY HH24:MI:SS'), 0, 0, 'AD_Override_Dict', 0, 'U', 'AD_Override_Dict', 50008, 20, 1, 'N', 'N', 'N', 'Y', 'N', 'N', 'N', 'N', 50032, 'N', 'N');
Insert into AD_COLUMN
   (AD_COLUMN_ID, AD_CLIENT_ID, AD_ORG_ID, ISACTIVE, CREATED, UPDATED, CREATEDBY, UPDATEDBY, NAME, DESCRIPTION, VERSION, ENTITYTYPE, COLUMNNAME, AD_TABLE_ID, AD_REFERENCE_ID, FIELDLENGTH, ISKEY, ISPARENT, ISMANDATORY, ISUPDATEABLE, ISIDENTIFIER, ISTRANSLATED, ISENCRYPTED, ISSELECTIONCOLUMN, AD_ELEMENT_ID, ISSYNCDATABASE, ISALWAYSUPDATEABLE)
 Values
   (50170, 0, 0, 'Y', TO_DATE('12/11/2006 23:47:43', 'MM/DD/YYYY HH24:MI:SS'), TO_DATE('12/12/2006 00:16:21', 'MM/DD/YYYY HH24:MI:SS'), 0, 0, 'AD_Package_Dir', 'Where the package directory is located', 0, 'U', 'AD_Package_Dir', 50008, 10, 255, 'N', 'N', 'N', 'Y', 'N', 'N', 'N', 'N', 50033, 'N', 'N');
Insert into AD_COLUMN
   (AD_COLUMN_ID, AD_CLIENT_ID, AD_ORG_ID, ISACTIVE, CREATED, UPDATED, CREATEDBY, UPDATEDBY, NAME, VERSION, ENTITYTYPE, COLUMNNAME, AD_TABLE_ID, AD_REFERENCE_ID, FIELDLENGTH, ISKEY, ISPARENT, ISMANDATORY, ISUPDATEABLE, ISIDENTIFIER, ISTRANSLATED, ISENCRYPTED, ISSELECTIONCOLUMN, AD_ELEMENT_ID, ISSYNCDATABASE, ISALWAYSUPDATEABLE)
 Values
   (50171, 0, 0, 'Y', TO_DATE('12/11/2006 23:47:43', 'MM/DD/YYYY HH24:MI:SS'), TO_DATE('12/12/2006 00:16:24', 'MM/DD/YYYY HH24:MI:SS'), 0, 0, 'AD_Package_Imp_Proc_ID', 0, 'U', 'AD_Package_Imp_Proc_ID', 50008, 13, 10, 'Y', 'N', 'Y', 'N', 'N', 'N', 'N', 'N', 50034, 'N', 'N');
Insert into AD_COLUMN
   (AD_COLUMN_ID, AD_CLIENT_ID, AD_ORG_ID, ISACTIVE, CREATED, UPDATED, CREATEDBY, UPDATEDBY, NAME, DESCRIPTION, VERSION, ENTITYTYPE, COLUMNNAME, AD_TABLE_ID, AD_REFERENCE_ID, FIELDLENGTH, ISKEY, ISPARENT, ISMANDATORY, ISUPDATEABLE, ISIDENTIFIER, ISTRANSLATED, ISENCRYPTED, ISSELECTIONCOLUMN, AD_ELEMENT_ID, ISSYNCDATABASE, ISALWAYSUPDATEABLE)
 Values
   (50172, 0, 0, 'Y', TO_DATE('12/11/2006 23:47:43', 'MM/DD/YYYY HH24:MI:SS'), TO_DATE('12/12/2006 00:16:26', 'MM/DD/YYYY HH24:MI:SS'), 0, 0, 'AD_Package_Source', 'Where the package is located', 0, 'U', 'AD_Package_Source', 50008, 10, 255, 'N', 'N', 'N', 'Y', 'N', 'N', 'N', 'N', 50035, 'N', 'N');
Insert into AD_COLUMN
   (AD_COLUMN_ID, AD_CLIENT_ID, AD_ORG_ID, ISACTIVE, CREATED, UPDATED, CREATEDBY, UPDATEDBY, NAME, VERSION, ENTITYTYPE, COLUMNNAME, AD_TABLE_ID, AD_REFERENCE_ID, AD_REFERENCE_VALUE_ID, FIELDLENGTH, ISKEY, ISPARENT, ISMANDATORY, ISUPDATEABLE, ISIDENTIFIER, ISTRANSLATED, ISENCRYPTED, ISSELECTIONCOLUMN, AD_ELEMENT_ID, ISSYNCDATABASE, ISALWAYSUPDATEABLE)
 Values
   (50173, 0, 0, 'Y', TO_DATE('12/11/2006 23:47:44', 'MM/DD/YYYY HH24:MI:SS'), TO_DATE('12/12/2006 00:16:31', 'MM/DD/YYYY HH24:MI:SS'), 0, 0, 'AD_Package_Source_Type', 0, 'U', 'AD_Package_Source_Type', 50008, 17, 50005, 10, 'N', 'N', 'Y', 'Y', 'N', 'N', 'N', 'N', 50036, 'N', 'N');
Insert into AD_COLUMN
   (AD_COLUMN_ID, AD_CLIENT_ID, AD_ORG_ID, ISACTIVE, CREATED, UPDATED, CREATEDBY, UPDATEDBY, NAME, DESCRIPTION, HELP, VERSION, ENTITYTYPE, COLUMNNAME, AD_TABLE_ID, AD_REFERENCE_ID, FIELDLENGTH, ISKEY, ISPARENT, ISMANDATORY, ISUPDATEABLE, ISIDENTIFIER, ISTRANSLATED, ISENCRYPTED, ISSELECTIONCOLUMN, AD_ELEMENT_ID, ISSYNCDATABASE, ISALWAYSUPDATEABLE)
 Values
   (50174, 0, 0, 'Y', TO_DATE('12/11/2006 23:47:45', 'MM/DD/YYYY HH24:MI:SS'), TO_DATE('12/12/2006 00:16:34', 'MM/DD/YYYY HH24:MI:SS'), 0, 0, 'Created', 'Date this record was created', 'The Created field indicates the date that this record was created.', 0, 'U', 'Created', 50008, 16, 7, 'N', 'N', 'Y', 'N', 'N', 'N', 'N', 'N', 245, 'N', 'N');
Insert into AD_COLUMN
   (AD_COLUMN_ID, AD_CLIENT_ID, AD_ORG_ID, ISACTIVE, CREATED, UPDATED, CREATEDBY, UPDATEDBY, NAME, DESCRIPTION, HELP, VERSION, ENTITYTYPE, COLUMNNAME, AD_TABLE_ID, AD_REFERENCE_ID, AD_REFERENCE_VALUE_ID, FIELDLENGTH, ISKEY, ISPARENT, ISMANDATORY, ISUPDATEABLE, ISIDENTIFIER, ISTRANSLATED, ISENCRYPTED, ISSELECTIONCOLUMN, AD_ELEMENT_ID, ISSYNCDATABASE, ISALWAYSUPDATEABLE)
 Values
   (50175, 0, 0, 'Y', TO_DATE('12/11/2006 23:47:45', 'MM/DD/YYYY HH24:MI:SS'), TO_DATE('12/12/2006 00:16:37', 'MM/DD/YYYY HH24:MI:SS'), 0, 0, 'Created By', 'User who created this records', 'The Created By field indicates the user who created this record.', 0, 'U', 'CreatedBy', 50008, 18, 110, 10, 'N', 'N', 'Y', 'N', 'N', 'N', 'N', 'N', 246, 'N', 'N');
Insert into AD_COLUMN
   (AD_COLUMN_ID, AD_CLIENT_ID, AD_ORG_ID, ISACTIVE, CREATED, UPDATED, CREATEDBY, UPDATEDBY, NAME, DESCRIPTION, HELP, VERSION, ENTITYTYPE, COLUMNNAME, AD_TABLE_ID, AD_REFERENCE_ID, FIELDLENGTH, ISKEY, ISPARENT, ISMANDATORY, ISUPDATEABLE, ISIDENTIFIER, ISTRANSLATED, ISENCRYPTED, ISSELECTIONCOLUMN, AD_ELEMENT_ID, ISSYNCDATABASE, ISALWAYSUPDATEABLE)
 Values
   (50176, 0, 0, 'Y', TO_DATE('12/11/2006 23:47:45', 'MM/DD/YYYY HH24:MI:SS'), TO_DATE('12/12/2006 00:16:40', 'MM/DD/YYYY HH24:MI:SS'), 0, 0, 'Active', 'The record is active in the system', 'There are two methods of making records unavailable in the system: One is to delete the record the other is to de-activate the record. A de-activated record is not available for selection but available for reports.
There are two reasons for de-activating and not deleting records:
(1) The system requires the record for audit purposes.
(2) The record is referenced by other records. E.g. you cannot delete a Business Partner if there are invoices for this partner record existing. You de-activate the Business Partner and prevent that this record is used for future entries.', 0, 'U', 'IsActive', 50008, 20, 1, 'N', 'N', 'Y', 'Y', 'N', 'N', 'N', 'N', 348, 'N', 'N');
Insert into AD_COLUMN
   (AD_COLUMN_ID, AD_CLIENT_ID, AD_ORG_ID, ISACTIVE, CREATED, UPDATED, CREATEDBY, UPDATEDBY, NAME, DESCRIPTION, VERSION, ENTITYTYPE, COLUMNNAME, AD_TABLE_ID, AD_REFERENCE_ID, FIELDLENGTH, ISKEY, ISPARENT, ISMANDATORY, ISUPDATEABLE, ISIDENTIFIER, ISTRANSLATED, ISENCRYPTED, ISSELECTIONCOLUMN, AD_ELEMENT_ID, AD_PROCESS_ID, ISSYNCDATABASE, ISALWAYSUPDATEABLE)
 Values
   (50177, 0, 0, 'Y', TO_DATE('12/11/2006 23:47:46', 'MM/DD/YYYY HH24:MI:SS'), TO_DATE('12/12/2006 00:16:45', 'MM/DD/YYYY HH24:MI:SS'), 0, 0, 'Processing', 'Start the import process', 0, 'U', 'Processing', 50008, 28, 1, 'N', 'N', 'N', 'Y', 'N', 'N', 'N', 'N', 524, 50008, 'N', 'N');
Insert into AD_COLUMN
   (AD_COLUMN_ID, AD_CLIENT_ID, AD_ORG_ID, ISACTIVE, CREATED, UPDATED, CREATEDBY, UPDATEDBY, NAME, DESCRIPTION, HELP, VERSION, ENTITYTYPE, COLUMNNAME, AD_TABLE_ID, AD_REFERENCE_ID, FIELDLENGTH, ISKEY, ISPARENT, ISMANDATORY, ISUPDATEABLE, ISIDENTIFIER, ISTRANSLATED, ISENCRYPTED, ISSELECTIONCOLUMN, AD_ELEMENT_ID, ISSYNCDATABASE, ISALWAYSUPDATEABLE)
 Values
   (50178, 0, 0, 'Y', TO_DATE('12/11/2006 23:47:46', 'MM/DD/YYYY HH24:MI:SS'), TO_DATE('12/12/2006 00:16:49', 'MM/DD/YYYY HH24:MI:SS'), 0, 0, 'Updated', 'Date this record was updated', 'The Updated field indicates the date that this record was updated.', 0, 'U', 'Updated', 50008, 16, 7, 'N', 'N', 'Y', 'N', 'N', 'N', 'N', 'N', 607, 'N', 'N');
Insert into AD_COLUMN
   (AD_COLUMN_ID, AD_CLIENT_ID, AD_ORG_ID, ISACTIVE, CREATED, UPDATED, CREATEDBY, UPDATEDBY, NAME, DESCRIPTION, HELP, VERSION, ENTITYTYPE, COLUMNNAME, AD_TABLE_ID, AD_REFERENCE_ID, AD_REFERENCE_VALUE_ID, FIELDLENGTH, ISKEY, ISPARENT, ISMANDATORY, ISUPDATEABLE, ISIDENTIFIER, ISTRANSLATED, ISENCRYPTED, ISSELECTIONCOLUMN, AD_ELEMENT_ID, ISSYNCDATABASE, ISALWAYSUPDATEABLE)
 Values
   (50179, 0, 0, 'Y', TO_DATE('12/11/2006 23:47:47', 'MM/DD/YYYY HH24:MI:SS'), TO_DATE('12/12/2006 00:16:53', 'MM/DD/YYYY HH24:MI:SS'), 0, 0, 'Updated By', 'User who updated this records', 'The Updated By field indicates the user who updated this record.', 0, 'U', 'UpdatedBy', 50008, 18, 110, 10, 'N', 'N', 'Y', 'N', 'N', 'N', 'N', 'N', 608, 'N', 'N');
COMMIT;

Insert into AD_TAB
   (AD_TAB_ID, AD_CLIENT_ID, AD_ORG_ID, ISACTIVE, CREATED, CREATEDBY, UPDATED, UPDATEDBY, NAME, DESCRIPTION, AD_TABLE_ID, AD_WINDOW_ID, SEQNO, TABLEVEL, ISSINGLEROW, ISINFOTAB, ISTRANSLATIONTAB, ISREADONLY, HASTREE, PROCESSING, ISSORTTAB, ENTITYTYPE, ISINSERTRECORD, ISADVANCEDTAB)
 Values
   (50001, 0, 0, 'Y', TO_DATE('12/11/2006 23:45:38', 'MM/DD/YYYY HH24:MI:SS'), 0, TO_DATE('12/12/2006 00:02:53', 'MM/DD/YYYY HH24:MI:SS'), 0, 'Packages Installed', 'Packages Installed', 50001, 50001, 10, 0, 'N', 'N', 'N', 'Y', 'N', 'N', 'N', 'U', 'Y', 'N');
Insert into AD_TAB
   (AD_TAB_ID, AD_CLIENT_ID, AD_ORG_ID, ISACTIVE, CREATED, CREATEDBY, UPDATED, UPDATEDBY, NAME, DESCRIPTION, HELP, AD_TABLE_ID, AD_WINDOW_ID, SEQNO, TABLEVEL, ISSINGLEROW, ISINFOTAB, ISTRANSLATIONTAB, ISREADONLY, HASTREE, PROCESSING, ISSORTTAB, ENTITYTYPE, ISINSERTRECORD, ISADVANCEDTAB)
 Values
   (50002, 0, 0, 'Y', TO_DATE('12/11/2006 23:45:52', 'MM/DD/YYYY HH24:MI:SS'), 0, TO_DATE('12/12/2006 00:04:22', 'MM/DD/YYYY HH24:MI:SS'), 0, 'Object Backups', 'Details by column original values before the record was overwritten', 'Displays values for each column for each record that was updated by a package install.  This backup is used in the package reversal process.', 50002, 50002, 30, 2, 'N', 'N', 'N', 'N', 'N', 'N', 'N', 'U', 'Y', 'N');
Insert into AD_TAB
   (AD_TAB_ID, AD_CLIENT_ID, AD_ORG_ID, ISACTIVE, CREATED, CREATEDBY, UPDATED, UPDATEDBY, NAME, DESCRIPTION, AD_TABLE_ID, AD_WINDOW_ID, SEQNO, TABLEVEL, ISSINGLEROW, ISINFOTAB, ISTRANSLATIONTAB, ISREADONLY, HASTREE, PROCESSING, ISSORTTAB, ENTITYTYPE, ISINSERTRECORD, ISADVANCEDTAB)
 Values
   (50003, 0, 0, 'Y', TO_DATE('12/11/2006 23:46:04', 'MM/DD/YYYY HH24:MI:SS'), 0, TO_DATE('12/12/2006 00:05:56', 'MM/DD/YYYY HH24:MI:SS'), 0, 'Package Installation Log', 'Installation history of packages', 50003, 50002, 10, 0, 'N', 'N', 'N', 'N', 'N', 'N', 'N', 'U', 'Y', 'N');
Insert into AD_TAB
   (AD_TAB_ID, AD_CLIENT_ID, AD_ORG_ID, ISACTIVE, CREATED, CREATEDBY, UPDATED, UPDATEDBY, NAME, AD_TABLE_ID, AD_WINDOW_ID, SEQNO, TABLEVEL, ISSINGLEROW, ISINFOTAB, ISTRANSLATIONTAB, ISREADONLY, HASTREE, PROCESSING, ISSORTTAB, ENTITYTYPE, ISINSERTRECORD, ISADVANCEDTAB)
 Values
   (50004, 0, 0, 'Y', TO_DATE('12/11/2006 23:46:15', 'MM/DD/YYYY HH24:MI:SS'), 0, TO_DATE('12/12/2006 00:07:24', 'MM/DD/YYYY HH24:MI:SS'), 0, 'Objects Installed', 50004, 50002, 20, 1, 'N', 'N', 'N', 'N', 'N', 'N', 'N', 'U', 'Y', 'N');
Insert into AD_TAB
   (AD_TAB_ID, AD_CLIENT_ID, AD_ORG_ID, ISACTIVE, CREATED, CREATEDBY, UPDATED, UPDATEDBY, NAME, AD_TABLE_ID, AD_WINDOW_ID, SEQNO, TABLEVEL, ISSINGLEROW, ISINFOTAB, ISTRANSLATIONTAB, ISREADONLY, HASTREE, PROCESSING, ISSORTTAB, ENTITYTYPE, ISINSERTRECORD, ISADVANCEDTAB)
 Values
   (50005, 0, 0, 'Y', TO_DATE('12/11/2006 23:46:29', 'MM/DD/YYYY HH24:MI:SS'), 0, TO_DATE('12/12/2006 00:09:02', 'MM/DD/YYYY HH24:MI:SS'), 0, 'Export Package', 50005, 50003, 10, 0, 'N', 'N', 'N', 'N', 'N', 'N', 'N', 'U', 'Y', 'N');
Insert into AD_TAB
   (AD_TAB_ID, AD_CLIENT_ID, AD_ORG_ID, ISACTIVE, CREATED, CREATEDBY, UPDATED, UPDATEDBY, NAME, AD_TABLE_ID, AD_WINDOW_ID, SEQNO, TABLEVEL, ISSINGLEROW, ISINFOTAB, ISTRANSLATIONTAB, ISREADONLY, HASTREE, ORDERBYCLAUSE, PROCESSING, ISSORTTAB, ENTITYTYPE, ISINSERTRECORD, ISADVANCEDTAB)
 Values
   (50006, 0, 0, 'Y', TO_DATE('12/11/2006 23:46:58', 'MM/DD/YYYY HH24:MI:SS'), 0, TO_DATE('12/12/2006 00:12:00', 'MM/DD/YYYY HH24:MI:SS'), 0, 'Package Details', 50006, 50003, 20, 1, 'N', 'N', 'N', 'N', 'N', 'Line ASC', 'N', 'N', 'U', 'Y', 'N');
Insert into AD_TAB
   (AD_TAB_ID, AD_CLIENT_ID, AD_ORG_ID, ISACTIVE, CREATED, CREATEDBY, UPDATED, UPDATEDBY, NAME, AD_TABLE_ID, AD_WINDOW_ID, SEQNO, TABLEVEL, ISSINGLEROW, ISINFOTAB, ISTRANSLATIONTAB, ISREADONLY, HASTREE, PROCESSING, ISSORTTAB, ENTITYTYPE, ISINSERTRECORD, ISADVANCEDTAB)
 Values
   (50007, 0, 0, 'Y', TO_DATE('12/11/2006 23:47:35', 'MM/DD/YYYY HH24:MI:SS'), 0, TO_DATE('12/12/2006 00:14:55', 'MM/DD/YYYY HH24:MI:SS'), 0, 'Common Details', 50007, 50004, 10, 0, 'N', 'N', 'N', 'N', 'N', 'N', 'N', 'U', 'Y', 'N');
Insert into AD_TAB
   (AD_TAB_ID, AD_CLIENT_ID, AD_ORG_ID, ISACTIVE, CREATED, CREATEDBY, UPDATED, UPDATEDBY, NAME, DESCRIPTION, AD_TABLE_ID, AD_WINDOW_ID, SEQNO, TABLEVEL, ISSINGLEROW, ISINFOTAB, ISTRANSLATIONTAB, ISREADONLY, HASTREE, PROCESSING, ISSORTTAB, ENTITYTYPE, ISINSERTRECORD, ISADVANCEDTAB)
 Values
   (50008, 0, 0, 'Y', TO_DATE('12/11/2006 23:47:47', 'MM/DD/YYYY HH24:MI:SS'), 0, TO_DATE('12/12/2006 00:16:57', 'MM/DD/YYYY HH24:MI:SS'), 0, 'PackIn', 'Import a package created by PackOut', 50008, 50005, 10, 0, 'Y', 'N', 'N', 'N', 'N', 'N', 'N', 'U', 'Y', 'N');
COMMIT;

Insert into AD_FIELD
   (AD_FIELD_ID, AD_CLIENT_ID, AD_ORG_ID, ISACTIVE, CREATED, CREATEDBY, UPDATED, UPDATEDBY, NAME, ISCENTRALLYMAINTAINED, AD_TAB_ID, AD_COLUMN_ID, ISDISPLAYED, DISPLAYLENGTH, ISREADONLY, SEQNO, SORTNO, ISSAMELINE, ISHEADING, ISFIELDONLY, ISENCRYPTED, ENTITYTYPE)
 Values
   (50001, 0, 0, 'Y', TO_DATE('12/11/2006 23:45:39', 'MM/DD/YYYY HH24:MI:SS'), 0, TO_DATE('12/12/2006 00:02:55', 'MM/DD/YYYY HH24:MI:SS'), 0, 'AD_PACKAGE_IMP_INST_ID', 'Y', 50001, 50004, 'N', 10, 'N', 0, 0, 'N', 'N', 'N', 'N', 'U');
Insert into AD_FIELD
   (AD_FIELD_ID, AD_CLIENT_ID, AD_ORG_ID, ISACTIVE, CREATED, CREATEDBY, UPDATED, UPDATEDBY, NAME, DESCRIPTION, HELP, ISCENTRALLYMAINTAINED, AD_TAB_ID, AD_COLUMN_ID, ISDISPLAYED, DISPLAYLENGTH, ISREADONLY, SEQNO, SORTNO, ISSAMELINE, ISHEADING, ISFIELDONLY, ISENCRYPTED, ENTITYTYPE)
 Values
   (50002, 0, 0, 'Y', TO_DATE('12/11/2006 23:45:39', 'MM/DD/YYYY HH24:MI:SS'), 0, TO_DATE('12/12/2006 00:02:57', 'MM/DD/YYYY HH24:MI:SS'), 0, 'Active', 'The record is active in the system', 'There are two methods of making records unavailable in the system: One is to delete the record the other is to de-activate the record. A de-activated record is not available for selection but available for reports.
There are two reasons for de-activating and not deleting records:
(1) The system requires the record for audit purposes.
(2) The record is referenced by other records. E.g. you cannot delete a Business Partner if there are invoices for this partner record existing. You de-activate the Business Partner and prevent that this record is used for future entries.', 'Y', 50001, 50022, 'N', 1, 'N', 0, 0, 'N', 'N', 'N', 'N', 'U');
Insert into AD_FIELD
   (AD_FIELD_ID, AD_CLIENT_ID, AD_ORG_ID, ISACTIVE, CREATED, CREATEDBY, UPDATED, UPDATEDBY, NAME, DESCRIPTION, ISCENTRALLYMAINTAINED, AD_TAB_ID, AD_COLUMN_ID, ISDISPLAYED, DISPLAYLENGTH, ISREADONLY, SEQNO, SORTNO, ISSAMELINE, ISHEADING, ISFIELDONLY, ISENCRYPTED, ENTITYTYPE)
 Values
   (50003, 0, 0, 'Y', TO_DATE('12/11/2006 23:45:39', 'MM/DD/YYYY HH24:MI:SS'), 0, TO_DATE('12/12/2006 00:02:58', 'MM/DD/YYYY HH24:MI:SS'), 0, 'Release No', 'Internal Release Number', 'Y', 50001, 50015, 'N', 40, 'N', 0, 0, 'N', 'N', 'N', 'N', 'U');
Insert into AD_FIELD
   (AD_FIELD_ID, AD_CLIENT_ID, AD_ORG_ID, ISACTIVE, CREATED, CREATEDBY, UPDATED, UPDATEDBY, NAME, DESCRIPTION, HELP, ISCENTRALLYMAINTAINED, AD_TAB_ID, AD_COLUMN_ID, ISDISPLAYED, DISPLAYLENGTH, ISREADONLY, SEQNO, SORTNO, ISSAMELINE, ISHEADING, ISFIELDONLY, ISENCRYPTED, ENTITYTYPE)
 Values
   (50004, 0, 0, 'Y', TO_DATE('12/11/2006 23:45:39', 'MM/DD/YYYY HH24:MI:SS'), 0, TO_DATE('12/12/2006 00:03:01', 'MM/DD/YYYY HH24:MI:SS'), 0, 'Version', 'Version of the table definition', 'The Version indicates the version of this table definition.', 'Y', 50001, 50010, 'N', 40, 'N', 0, 0, 'N', 'N', 'N', 'N', 'U');
Insert into AD_FIELD
   (AD_FIELD_ID, AD_CLIENT_ID, AD_ORG_ID, ISACTIVE, CREATED, CREATEDBY, UPDATED, UPDATEDBY, NAME, ISCENTRALLYMAINTAINED, AD_TAB_ID, AD_COLUMN_ID, ISDISPLAYED, DISPLAYLENGTH, ISREADONLY, SEQNO, SORTNO, ISSAMELINE, ISHEADING, ISFIELDONLY, ISENCRYPTED, ENTITYTYPE)
 Values
   (50005, 0, 0, 'Y', TO_DATE('12/11/2006 23:45:39', 'MM/DD/YYYY HH24:MI:SS'), 0, TO_DATE('12/12/2006 00:03:03', 'MM/DD/YYYY HH24:MI:SS'), 0, 'Creator', 'Y', 50001, 50018, 'N', 120, 'N', 0, 0, 'N', 'N', 'N', 'N', 'U');
Insert into AD_FIELD
   (AD_FIELD_ID, AD_CLIENT_ID, AD_ORG_ID, ISACTIVE, CREATED, CREATEDBY, UPDATED, UPDATEDBY, NAME, ISCENTRALLYMAINTAINED, AD_TAB_ID, AD_COLUMN_ID, ISDISPLAYED, DISPLAYLENGTH, ISREADONLY, SEQNO, SORTNO, ISSAMELINE, ISHEADING, ISFIELDONLY, ISENCRYPTED, ENTITYTYPE)
 Values
   (50006, 0, 0, 'Y', TO_DATE('12/11/2006 23:45:40', 'MM/DD/YYYY HH24:MI:SS'), 0, TO_DATE('12/12/2006 00:03:05', 'MM/DD/YYYY HH24:MI:SS'), 0, 'CreatorContact', 'Y', 50001, 50019, 'N', 510, 'N', 0, 0, 'N', 'N', 'N', 'N', 'U');
Insert into AD_FIELD
   (AD_FIELD_ID, AD_CLIENT_ID, AD_ORG_ID, ISACTIVE, CREATED, CREATEDBY, UPDATED, UPDATEDBY, NAME, ISCENTRALLYMAINTAINED, AD_TAB_ID, AD_COLUMN_ID, ISDISPLAYED, DISPLAYLENGTH, ISREADONLY, SEQNO, SORTNO, ISSAMELINE, ISHEADING, ISFIELDONLY, ISENCRYPTED, ENTITYTYPE)
 Values
   (50007, 0, 0, 'Y', TO_DATE('12/11/2006 23:45:40', 'MM/DD/YYYY HH24:MI:SS'), 0, TO_DATE('12/12/2006 00:03:07', 'MM/DD/YYYY HH24:MI:SS'), 0, 'Process Now', 'Y', 50001, 50009, 'N', 1, 'N', 0, 0, 'N', 'N', 'N', 'N', 'U');
Insert into AD_FIELD
   (AD_FIELD_ID, AD_CLIENT_ID, AD_ORG_ID, ISACTIVE, CREATED, CREATEDBY, UPDATED, UPDATEDBY, NAME, DESCRIPTION, HELP, ISCENTRALLYMAINTAINED, AD_TAB_ID, AD_COLUMN_ID, ISDISPLAYED, DISPLAYLENGTH, ISREADONLY, SEQNO, SORTNO, ISSAMELINE, ISHEADING, ISFIELDONLY, ISENCRYPTED, ENTITYTYPE)
 Values
   (50008, 0, 0, 'Y', TO_DATE('12/11/2006 23:45:40', 'MM/DD/YYYY HH24:MI:SS'), 0, TO_DATE('12/12/2006 00:03:09', 'MM/DD/YYYY HH24:MI:SS'), 0, 'Processed', 'The document has been processed', 'The Processed checkbox indicates that a document has been processed.', 'Y', 50001, 50016, 'N', 1, 'N', 0, 0, 'N', 'N', 'N', 'N', 'U');
Insert into AD_FIELD
   (AD_FIELD_ID, AD_CLIENT_ID, AD_ORG_ID, ISACTIVE, CREATED, CREATEDBY, UPDATED, UPDATEDBY, NAME, DESCRIPTION, HELP, ISCENTRALLYMAINTAINED, AD_TAB_ID, AD_COLUMN_ID, ISDISPLAYED, DISPLAYLENGTH, ISREADONLY, SEQNO, SORTNO, ISSAMELINE, ISHEADING, ISFIELDONLY, ISENCRYPTED, ENTITYTYPE)
 Values
   (50009, 0, 0, 'Y', TO_DATE('12/11/2006 23:45:40', 'MM/DD/YYYY HH24:MI:SS'), 0, TO_DATE('12/12/2006 00:03:10', 'MM/DD/YYYY HH24:MI:SS'), 0, 'EMail Address', 'Electronic Mail Address', 'The Email Address is the Electronic Mail ID for this User and should be fully qualified (e.g. joe.smith@company.com). The Email Address is used to access the self service application functionality from the web.', 'Y', 50001, 50021, 'N', 120, 'N', 0, 0, 'N', 'N', 'N', 'N', 'U');
Insert into AD_FIELD
   (AD_FIELD_ID, AD_CLIENT_ID, AD_ORG_ID, ISACTIVE, CREATED, CREATEDBY, UPDATED, UPDATEDBY, NAME, DESCRIPTION, HELP, ISCENTRALLYMAINTAINED, AD_TAB_ID, AD_COLUMN_ID, ISDISPLAYED, DISPLAYLENGTH, ISREADONLY, SEQNO, SORTNO, ISSAMELINE, ISHEADING, ISFIELDONLY, ISENCRYPTED, ENTITYTYPE)
 Values
   (50010, 0, 0, 'Y', TO_DATE('12/11/2006 23:45:40', 'MM/DD/YYYY HH24:MI:SS'), 0, TO_DATE('12/12/2006 00:03:12', 'MM/DD/YYYY HH24:MI:SS'), 0, 'Client', 'Client/Tenant for this installation.', 'A Client is a company or a legal entity. You cannot share data between Clients. Tenant is a synonym for Client.', 'Y', 50001, 50002, 'Y', 10, 'N', 10, 0, 'N', 'N', 'N', 'N', 'U');
Insert into AD_FIELD
   (AD_FIELD_ID, AD_CLIENT_ID, AD_ORG_ID, ISACTIVE, CREATED, CREATEDBY, UPDATED, UPDATEDBY, NAME, DESCRIPTION, HELP, ISCENTRALLYMAINTAINED, AD_TAB_ID, AD_COLUMN_ID, ISDISPLAYED, DISPLAYLENGTH, ISREADONLY, SEQNO, SORTNO, ISSAMELINE, ISHEADING, ISFIELDONLY, ISENCRYPTED, ENTITYTYPE)
 Values
   (50011, 0, 0, 'Y', TO_DATE('12/11/2006 23:45:40', 'MM/DD/YYYY HH24:MI:SS'), 0, TO_DATE('12/12/2006 00:03:15', 'MM/DD/YYYY HH24:MI:SS'), 0, 'Organization', 'Organizational entity within client', 'An organization is a unit of your client or legal entity - examples are store department. You can share data between organizations.', 'Y', 50001, 50003, 'Y', 10, 'N', 20, 0, 'Y', 'N', 'N', 'N', 'U');
Insert into AD_FIELD
   (AD_FIELD_ID, AD_CLIENT_ID, AD_ORG_ID, ISACTIVE, CREATED, CREATEDBY, UPDATED, UPDATEDBY, NAME, DESCRIPTION, HELP, ISCENTRALLYMAINTAINED, AD_TAB_ID, AD_COLUMN_ID, ISDISPLAYED, DISPLAYLENGTH, ISREADONLY, SEQNO, SORTNO, ISSAMELINE, ISHEADING, ISFIELDONLY, ISENCRYPTED, ENTITYTYPE)
 Values
   (50012, 0, 0, 'Y', TO_DATE('12/11/2006 23:45:41', 'MM/DD/YYYY HH24:MI:SS'), 0, TO_DATE('12/12/2006 00:03:16', 'MM/DD/YYYY HH24:MI:SS'), 0, 'Name', 'Alphanumeric identifier of the entity', 'The name of an entity (record) is used as an default search option in addition to the search key. The name is up to 60 characters in length.', 'Y', 50001, 50001, 'Y', 240, 'N', 30, 0, 'N', 'N', 'N', 'N', 'U');
Insert into AD_FIELD
   (AD_FIELD_ID, AD_CLIENT_ID, AD_ORG_ID, ISACTIVE, CREATED, CREATEDBY, UPDATED, UPDATEDBY, NAME, ISCENTRALLYMAINTAINED, AD_TAB_ID, AD_COLUMN_ID, ISDISPLAYED, DISPLAYLENGTH, ISREADONLY, SEQNO, SORTNO, ISSAMELINE, ISHEADING, ISFIELDONLY, ISENCRYPTED, ENTITYTYPE)
 Values
   (50013, 0, 0, 'Y', TO_DATE('12/11/2006 23:45:41', 'MM/DD/YYYY HH24:MI:SS'), 0, TO_DATE('12/12/2006 00:03:18', 'MM/DD/YYYY HH24:MI:SS'), 0, 'Package Version', 'Y', 50001, 50008, 'Y', 40, 'N', 40, 0, 'N', 'N', 'N', 'N', 'U');
Insert into AD_FIELD
   (AD_FIELD_ID, AD_CLIENT_ID, AD_ORG_ID, ISACTIVE, CREATED, CREATEDBY, UPDATED, UPDATEDBY, NAME, DESCRIPTION, HELP, ISCENTRALLYMAINTAINED, AD_TAB_ID, AD_COLUMN_ID, ISDISPLAYED, DISPLAYLENGTH, ISREADONLY, SEQNO, SORTNO, ISSAMELINE, ISHEADING, ISFIELDONLY, ISENCRYPTED, ENTITYTYPE)
 Values
   (50014, 0, 0, 'Y', TO_DATE('12/11/2006 23:45:41', 'MM/DD/YYYY HH24:MI:SS'), 0, TO_DATE('12/12/2006 00:03:21', 'MM/DD/YYYY HH24:MI:SS'), 0, 'Description', 'Optional short description of the record', 'A description is limited to 255 characters.', 'Y', 50001, 50020, 'Y', 2000, 'N', 50, 0, 'N', 'N', 'N', 'N', 'U');
Insert into AD_FIELD
   (AD_FIELD_ID, AD_CLIENT_ID, AD_ORG_ID, ISACTIVE, CREATED, CREATEDBY, UPDATED, UPDATEDBY, NAME, ISCENTRALLYMAINTAINED, AD_TAB_ID, AD_COLUMN_ID, ISDISPLAYED, DISPLAYLENGTH, ISREADONLY, SEQNO, SORTNO, ISSAMELINE, ISHEADING, ISFIELDONLY, ISENCRYPTED, ENTITYTYPE)
 Values
   (50015, 0, 0, 'Y', TO_DATE('12/11/2006 23:45:41', 'MM/DD/YYYY HH24:MI:SS'), 0, TO_DATE('12/12/2006 00:03:22', 'MM/DD/YYYY HH24:MI:SS'), 0, 'Package Status', 'Y', 50001, 50017, 'Y', 44, 'N', 60, 0, 'N', 'N', 'N', 'N', 'U');
Insert into AD_FIELD
   (AD_FIELD_ID, AD_CLIENT_ID, AD_ORG_ID, ISACTIVE, CREATED, CREATEDBY, UPDATED, UPDATEDBY, NAME, DESCRIPTION, ISCENTRALLYMAINTAINED, AD_TAB_ID, AD_COLUMN_ID, ISDISPLAYED, DISPLAYLENGTH, ISREADONLY, SEQNO, SORTNO, ISSAMELINE, ISHEADING, ISFIELDONLY, ISENCRYPTED, ENTITYTYPE)
 Values
   (50016, 0, 0, 'Y', TO_DATE('12/11/2006 23:45:41', 'MM/DD/YYYY HH24:MI:SS'), 0, TO_DATE('12/12/2006 00:03:24', 'MM/DD/YYYY HH24:MI:SS'), 0, 'Created', 'Date Installed', 'Y', 50001, 50005, 'Y', 0, 'N', 70, 0, 'N', 'N', 'N', 'N', 'U');
Insert into AD_FIELD
   (AD_FIELD_ID, AD_CLIENT_ID, AD_ORG_ID, ISACTIVE, CREATED, CREATEDBY, UPDATED, UPDATEDBY, NAME, DESCRIPTION, ISCENTRALLYMAINTAINED, AD_TAB_ID, AD_COLUMN_ID, ISDISPLAYED, DISPLAYLENGTH, ISREADONLY, SEQNO, SORTNO, ISSAMELINE, ISHEADING, ISFIELDONLY, ISENCRYPTED, ENTITYTYPE)
 Values
   (50017, 0, 0, 'Y', TO_DATE('12/11/2006 23:45:41', 'MM/DD/YYYY HH24:MI:SS'), 0, TO_DATE('12/12/2006 00:03:26', 'MM/DD/YYYY HH24:MI:SS'), 0, 'Updated', 'Date last Updated', 'Y', 50001, 50013, 'Y', 0, 'N', 80, 0, 'N', 'N', 'N', 'N', 'U');
Insert into AD_FIELD
   (AD_FIELD_ID, AD_CLIENT_ID, AD_ORG_ID, ISACTIVE, CREATED, CREATEDBY, UPDATED, UPDATEDBY, NAME, ISCENTRALLYMAINTAINED, AD_TAB_ID, AD_COLUMN_ID, ISDISPLAYED, DISPLAYLENGTH, ISREADONLY, SEQNO, SORTNO, ISSAMELINE, ISHEADING, ISFIELDONLY, ISENCRYPTED, ENTITYTYPE)
 Values
   (50018, 0, 0, 'Y', TO_DATE('12/11/2006 23:45:42', 'MM/DD/YYYY HH24:MI:SS'), 0, TO_DATE('12/12/2006 00:03:27', 'MM/DD/YYYY HH24:MI:SS'), 0, 'Uninstalled?', 'Y', 50001, 50014, 'Y', 1, 'N', 90, 0, 'N', 'N', 'N', 'N', 'U');
Insert into AD_FIELD
   (AD_FIELD_ID, AD_CLIENT_ID, AD_ORG_ID, ISACTIVE, CREATED, CREATEDBY, UPDATED, UPDATEDBY, NAME, ISCENTRALLYMAINTAINED, AD_TAB_ID, AD_COLUMN_ID, ISDISPLAYED, DISPLAYLENGTH, ISREADONLY, SEQNO, SORTNO, ISSAMELINE, ISHEADING, ISFIELDONLY, ISENCRYPTED, ENTITYTYPE)
 Values
   (50019, 0, 0, 'Y', TO_DATE('12/11/2006 23:45:52', 'MM/DD/YYYY HH24:MI:SS'), 0, TO_DATE('12/12/2006 00:04:24', 'MM/DD/YYYY HH24:MI:SS'), 0, 'IsActive', 'Y', 50002, 50030, 'N', 1, 'N', 0, 0, 'N', 'N', 'N', 'N', 'U');
Insert into AD_FIELD
   (AD_FIELD_ID, AD_CLIENT_ID, AD_ORG_ID, ISACTIVE, CREATED, CREATEDBY, UPDATED, UPDATEDBY, NAME, ISCENTRALLYMAINTAINED, AD_TAB_ID, AD_COLUMN_ID, ISDISPLAYED, DISPLAYLENGTH, ISREADONLY, SEQNO, SORTNO, ISSAMELINE, ISHEADING, ISFIELDONLY, ISENCRYPTED, ENTITYTYPE)
 Values
   (50020, 0, 0, 'Y', TO_DATE('12/11/2006 23:45:52', 'MM/DD/YYYY HH24:MI:SS'), 0, TO_DATE('12/12/2006 00:04:26', 'MM/DD/YYYY HH24:MI:SS'), 0, 'Client', 'Y', 50002, 50024, 'Y', 22, 'N', 10, 0, 'N', 'N', 'N', 'N', 'U');
Insert into AD_FIELD
   (AD_FIELD_ID, AD_CLIENT_ID, AD_ORG_ID, ISACTIVE, CREATED, CREATEDBY, UPDATED, UPDATEDBY, NAME, ISCENTRALLYMAINTAINED, AD_TAB_ID, AD_COLUMN_ID, ISDISPLAYED, DISPLAYLENGTH, ISREADONLY, SEQNO, SORTNO, ISSAMELINE, ISHEADING, ISFIELDONLY, ISENCRYPTED, ENTITYTYPE)
 Values
   (50021, 0, 0, 'Y', TO_DATE('12/11/2006 23:45:52', 'MM/DD/YYYY HH24:MI:SS'), 0, TO_DATE('12/12/2006 00:04:28', 'MM/DD/YYYY HH24:MI:SS'), 0, 'Organization', 'Y', 50002, 50039, 'Y', 22, 'N', 20, 0, 'N', 'N', 'N', 'N', 'U');
Insert into AD_FIELD
   (AD_FIELD_ID, AD_CLIENT_ID, AD_ORG_ID, ISACTIVE, CREATED, CREATEDBY, UPDATED, UPDATEDBY, NAME, ISCENTRALLYMAINTAINED, AD_TAB_ID, AD_COLUMN_ID, ISDISPLAYED, DISPLAYLENGTH, ISREADONLY, SEQNO, SORTNO, ISSAMELINE, ISHEADING, ISFIELDONLY, ISENCRYPTED, ENTITYTYPE)
 Values
   (50022, 0, 0, 'Y', TO_DATE('12/11/2006 23:45:52', 'MM/DD/YYYY HH24:MI:SS'), 0, TO_DATE('12/12/2006 00:04:29', 'MM/DD/YYYY HH24:MI:SS'), 0, 'Package Import ID', 'Y', 50002, 50037, 'Y', 22, 'N', 30, 0, 'N', 'N', 'N', 'N', 'U');
Insert into AD_FIELD
   (AD_FIELD_ID, AD_CLIENT_ID, AD_ORG_ID, ISACTIVE, CREATED, CREATEDBY, UPDATED, UPDATEDBY, NAME, ISCENTRALLYMAINTAINED, AD_TAB_ID, AD_COLUMN_ID, ISDISPLAYED, DISPLAYLENGTH, ISREADONLY, SEQNO, SORTNO, ISSAMELINE, ISHEADING, ISFIELDONLY, ISENCRYPTED, ENTITYTYPE)
 Values
   (50023, 0, 0, 'Y', TO_DATE('12/11/2006 23:45:52', 'MM/DD/YYYY HH24:MI:SS'), 0, TO_DATE('12/12/2006 00:04:31', 'MM/DD/YYYY HH24:MI:SS'), 0, 'Package Imp Detail ID', 'Y', 50002, 50026, 'Y', 22, 'N', 40, 0, 'N', 'N', 'N', 'N', 'U');
Insert into AD_FIELD
   (AD_FIELD_ID, AD_CLIENT_ID, AD_ORG_ID, ISACTIVE, CREATED, CREATEDBY, UPDATED, UPDATEDBY, NAME, ISCENTRALLYMAINTAINED, AD_TAB_ID, AD_COLUMN_ID, ISDISPLAYED, DISPLAYLENGTH, ISREADONLY, SEQNO, SORTNO, ISSAMELINE, ISHEADING, ISFIELDONLY, ISENCRYPTED, ENTITYTYPE)
 Values
   (50024, 0, 0, 'Y', TO_DATE('12/11/2006 23:45:53', 'MM/DD/YYYY HH24:MI:SS'), 0, TO_DATE('12/12/2006 00:04:33', 'MM/DD/YYYY HH24:MI:SS'), 0, 'Package Imp Backup ID', 'Y', 50002, 50023, 'Y', 22, 'N', 50, 0, 'N', 'N', 'N', 'N', 'U');
Insert into AD_FIELD
   (AD_FIELD_ID, AD_CLIENT_ID, AD_ORG_ID, ISACTIVE, CREATED, CREATEDBY, UPDATED, UPDATEDBY, NAME, ISCENTRALLYMAINTAINED, AD_TAB_ID, AD_COLUMN_ID, ISDISPLAYED, DISPLAYLENGTH, ISREADONLY, SEQNO, SORTNO, ISSAMELINE, ISHEADING, ISFIELDONLY, ISENCRYPTED, ENTITYTYPE)
 Values
   (50025, 0, 0, 'Y', TO_DATE('12/11/2006 23:45:53', 'MM/DD/YYYY HH24:MI:SS'), 0, TO_DATE('12/12/2006 00:04:34', 'MM/DD/YYYY HH24:MI:SS'), 0, 'Table ID', 'Y', 50002, 50028, 'Y', 22, 'N', 60, 0, 'N', 'N', 'N', 'N', 'U');
Insert into AD_FIELD
   (AD_FIELD_ID, AD_CLIENT_ID, AD_ORG_ID, ISACTIVE, CREATED, CREATEDBY, UPDATED, UPDATEDBY, NAME, ISCENTRALLYMAINTAINED, AD_TAB_ID, AD_COLUMN_ID, ISDISPLAYED, DISPLAYLENGTH, ISREADONLY, SEQNO, SORTNO, ISSAMELINE, ISHEADING, ISFIELDONLY, ISENCRYPTED, ENTITYTYPE)
 Values
   (50026, 0, 0, 'Y', TO_DATE('12/11/2006 23:45:53', 'MM/DD/YYYY HH24:MI:SS'), 0, TO_DATE('12/12/2006 00:04:36', 'MM/DD/YYYY HH24:MI:SS'), 0, 'Column ID', 'Y', 50002, 50025, 'Y', 22, 'N', 70, 0, 'N', 'N', 'N', 'N', 'U');
Insert into AD_FIELD
   (AD_FIELD_ID, AD_CLIENT_ID, AD_ORG_ID, ISACTIVE, CREATED, CREATEDBY, UPDATED, UPDATEDBY, NAME, ISCENTRALLYMAINTAINED, AD_TAB_ID, AD_COLUMN_ID, ISDISPLAYED, DISPLAYLENGTH, ISREADONLY, SEQNO, SORTNO, ISSAMELINE, ISHEADING, ISFIELDONLY, ISENCRYPTED, ENTITYTYPE)
 Values
   (50027, 0, 0, 'Y', TO_DATE('12/11/2006 23:45:53', 'MM/DD/YYYY HH24:MI:SS'), 0, TO_DATE('12/12/2006 00:04:38', 'MM/DD/YYYY HH24:MI:SS'), 0, 'Column Type', 'Y', 50002, 50036, 'Y', 22, 'N', 80, 0, 'N', 'N', 'N', 'N', 'U');
Insert into AD_FIELD
   (AD_FIELD_ID, AD_CLIENT_ID, AD_ORG_ID, ISACTIVE, CREATED, CREATEDBY, UPDATED, UPDATEDBY, NAME, ISCENTRALLYMAINTAINED, AD_TAB_ID, AD_COLUMN_ID, ISDISPLAYED, DISPLAYLENGTH, ISREADONLY, SEQNO, SORTNO, ISSAMELINE, ISHEADING, ISFIELDONLY, ISENCRYPTED, ENTITYTYPE)
 Values
   (50028, 0, 0, 'Y', TO_DATE('12/11/2006 23:45:53', 'MM/DD/YYYY HH24:MI:SS'), 0, TO_DATE('12/12/2006 00:04:40', 'MM/DD/YYYY HH24:MI:SS'), 0, 'Column Value', 'Y', 50002, 50035, 'Y', 2000, 'N', 90, 0, 'N', 'N', 'N', 'N', 'U');
Insert into AD_FIELD
   (AD_FIELD_ID, AD_CLIENT_ID, AD_ORG_ID, ISACTIVE, CREATED, CREATEDBY, UPDATED, UPDATEDBY, NAME, ISCENTRALLYMAINTAINED, AD_TAB_ID, AD_COLUMN_ID, ISDISPLAYED, DISPLAYLENGTH, ISREADONLY, SEQNO, SORTNO, ISSAMELINE, ISHEADING, ISFIELDONLY, ISENCRYPTED, ENTITYTYPE)
 Values
   (50029, 0, 0, 'Y', TO_DATE('12/11/2006 23:45:53', 'MM/DD/YYYY HH24:MI:SS'), 0, TO_DATE('12/12/2006 00:04:42', 'MM/DD/YYYY HH24:MI:SS'), 0, 'Uninstall', 'Y', 50002, 50033, 'Y', 1, 'N', 100, 0, 'N', 'N', 'N', 'N', 'U');
Insert into AD_FIELD
   (AD_FIELD_ID, AD_CLIENT_ID, AD_ORG_ID, ISACTIVE, CREATED, CREATEDBY, UPDATED, UPDATEDBY, NAME, ISCENTRALLYMAINTAINED, AD_TAB_ID, AD_COLUMN_ID, ISDISPLAYED, DISPLAYLENGTH, ISREADONLY, SEQNO, SORTNO, ISSAMELINE, ISHEADING, ISFIELDONLY, ISENCRYPTED, ENTITYTYPE)
 Values
   (50030, 0, 0, 'Y', TO_DATE('12/11/2006 23:45:54', 'MM/DD/YYYY HH24:MI:SS'), 0, TO_DATE('12/12/2006 00:04:44', 'MM/DD/YYYY HH24:MI:SS'), 0, 'Backup File', 'Y', 50002, 50038, 'Y', 255, 'N', 100, 0, 'N', 'N', 'N', 'N', 'U');
Insert into AD_FIELD
   (AD_FIELD_ID, AD_CLIENT_ID, AD_ORG_ID, ISACTIVE, CREATED, CREATEDBY, UPDATED, UPDATEDBY, NAME, ISCENTRALLYMAINTAINED, AD_TAB_ID, AD_COLUMN_ID, ISDISPLAYED, DISPLAYLENGTH, ISREADONLY, SEQNO, SORTNO, ISSAMELINE, ISHEADING, ISFIELDONLY, ISENCRYPTED, ENTITYTYPE)
 Values
   (50031, 0, 0, 'Y', TO_DATE('12/11/2006 23:45:54', 'MM/DD/YYYY HH24:MI:SS'), 0, TO_DATE('12/12/2006 00:04:46', 'MM/DD/YYYY HH24:MI:SS'), 0, 'Original File', 'Y', 50002, 50027, 'Y', 255, 'N', 110, 0, 'N', 'N', 'N', 'N', 'U');
Insert into AD_FIELD
   (AD_FIELD_ID, AD_CLIENT_ID, AD_ORG_ID, ISACTIVE, CREATED, CREATEDBY, UPDATED, UPDATEDBY, NAME, ISCENTRALLYMAINTAINED, AD_TAB_ID, AD_COLUMN_ID, ISDISPLAYED, DISPLAYLENGTH, ISREADONLY, SEQNO, SORTNO, ISSAMELINE, ISHEADING, ISFIELDONLY, ISENCRYPTED, ENTITYTYPE)
 Values
   (50032, 0, 0, 'Y', TO_DATE('12/11/2006 23:46:05', 'MM/DD/YYYY HH24:MI:SS'), 0, TO_DATE('12/12/2006 00:05:58', 'MM/DD/YYYY HH24:MI:SS'), 0, 'EMail', 'Y', 50003, 50045, 'N', 60, 'N', 0, 0, 'N', 'N', 'N', 'N', 'U');
Insert into AD_FIELD
   (AD_FIELD_ID, AD_CLIENT_ID, AD_ORG_ID, ISACTIVE, CREATED, CREATEDBY, UPDATED, UPDATEDBY, NAME, ISCENTRALLYMAINTAINED, AD_TAB_ID, AD_COLUMN_ID, ISDISPLAYED, DISPLAYLENGTH, ISREADONLY, SEQNO, SORTNO, ISSAMELINE, ISHEADING, ISFIELDONLY, ISENCRYPTED, ENTITYTYPE)
 Values
   (50033, 0, 0, 'Y', TO_DATE('12/11/2006 23:46:05', 'MM/DD/YYYY HH24:MI:SS'), 0, TO_DATE('12/12/2006 00:06:00', 'MM/DD/YYYY HH24:MI:SS'), 0, 'Processed', 'Y', 50003, 50055, 'N', 1, 'N', 0, 0, 'N', 'N', 'N', 'N', 'U');
Insert into AD_FIELD
   (AD_FIELD_ID, AD_CLIENT_ID, AD_ORG_ID, ISACTIVE, CREATED, CREATEDBY, UPDATED, UPDATEDBY, NAME, ISCENTRALLYMAINTAINED, AD_TAB_ID, AD_COLUMN_ID, ISDISPLAYED, DISPLAYLENGTH, ISREADONLY, SEQNO, SORTNO, ISSAMELINE, ISHEADING, ISFIELDONLY, ISENCRYPTED, ENTITYTYPE)
 Values
   (50034, 0, 0, 'Y', TO_DATE('12/11/2006 23:46:05', 'MM/DD/YYYY HH24:MI:SS'), 0, TO_DATE('12/12/2006 00:06:03', 'MM/DD/YYYY HH24:MI:SS'), 0, 'IsActive', 'Y', 50003, 50057, 'N', 1, 'N', 0, 0, 'N', 'N', 'N', 'N', 'U');
Insert into AD_FIELD
   (AD_FIELD_ID, AD_CLIENT_ID, AD_ORG_ID, ISACTIVE, CREATED, CREATEDBY, UPDATED, UPDATEDBY, NAME, ISCENTRALLYMAINTAINED, AD_TAB_ID, AD_COLUMN_ID, ISDISPLAYED, DISPLAYLENGTH, ISREADONLY, SEQNO, SORTNO, ISSAMELINE, ISHEADING, ISFIELDONLY, ISENCRYPTED, ENTITYTYPE)
 Values
   (50035, 0, 0, 'Y', TO_DATE('12/11/2006 23:46:05', 'MM/DD/YYYY HH24:MI:SS'), 0, TO_DATE('12/12/2006 00:06:05', 'MM/DD/YYYY HH24:MI:SS'), 0, 'Client', 'Y', 50003, 50041, 'Y', 22, 'Y', 10, 0, 'N', 'N', 'N', 'N', 'U');
Insert into AD_FIELD
   (AD_FIELD_ID, AD_CLIENT_ID, AD_ORG_ID, ISACTIVE, CREATED, CREATEDBY, UPDATED, UPDATEDBY, NAME, ISCENTRALLYMAINTAINED, AD_TAB_ID, AD_COLUMN_ID, ISDISPLAYED, DISPLAYLENGTH, ISREADONLY, SEQNO, SORTNO, ISSAMELINE, ISHEADING, ISFIELDONLY, ISENCRYPTED, ENTITYTYPE)
 Values
   (50036, 0, 0, 'Y', TO_DATE('12/11/2006 23:46:06', 'MM/DD/YYYY HH24:MI:SS'), 0, TO_DATE('12/12/2006 00:06:06', 'MM/DD/YYYY HH24:MI:SS'), 0, 'Organization', 'Y', 50003, 50061, 'Y', 22, 'Y', 20, 0, 'Y', 'N', 'N', 'N', 'U');
Insert into AD_FIELD
   (AD_FIELD_ID, AD_CLIENT_ID, AD_ORG_ID, ISACTIVE, CREATED, CREATEDBY, UPDATED, UPDATEDBY, NAME, ISCENTRALLYMAINTAINED, AD_TAB_ID, AD_COLUMN_ID, ISDISPLAYED, DISPLAYLENGTH, ISREADONLY, SEQNO, SORTNO, ISSAMELINE, ISHEADING, ISFIELDONLY, ISENCRYPTED, ENTITYTYPE)
 Values
   (50037, 0, 0, 'Y', TO_DATE('12/11/2006 23:46:06', 'MM/DD/YYYY HH24:MI:SS'), 0, TO_DATE('12/12/2006 00:06:09', 'MM/DD/YYYY HH24:MI:SS'), 0, 'Package ID', 'Y', 50003, 50040, 'Y', 22, 'Y', 30, 0, 'N', 'N', 'N', 'N', 'U');
Insert into AD_FIELD
   (AD_FIELD_ID, AD_CLIENT_ID, AD_ORG_ID, ISACTIVE, CREATED, CREATEDBY, UPDATED, UPDATEDBY, NAME, ISCENTRALLYMAINTAINED, AD_TAB_ID, AD_COLUMN_ID, ISDISPLAYED, DISPLAYLENGTH, ISREADONLY, SEQNO, SORTNO, ISSAMELINE, ISHEADING, ISFIELDONLY, ISENCRYPTED, ENTITYTYPE)
 Values
   (50038, 0, 0, 'Y', TO_DATE('12/11/2006 23:46:06', 'MM/DD/YYYY HH24:MI:SS'), 0, TO_DATE('12/12/2006 00:06:11', 'MM/DD/YYYY HH24:MI:SS'), 0, 'Package Name', 'Y', 50003, 50046, 'Y', 22, 'Y', 40, 0, 'Y', 'N', 'N', 'N', 'U');
Insert into AD_FIELD
   (AD_FIELD_ID, AD_CLIENT_ID, AD_ORG_ID, ISACTIVE, CREATED, CREATEDBY, UPDATED, UPDATEDBY, NAME, ISCENTRALLYMAINTAINED, AD_TAB_ID, AD_COLUMN_ID, ISDISPLAYED, DISPLAYLENGTH, ISREADONLY, SEQNO, SORTNO, ISSAMELINE, ISHEADING, ISFIELDONLY, ISENCRYPTED, ENTITYTYPE)
 Values
   (50039, 0, 0, 'Y', TO_DATE('12/11/2006 23:46:06', 'MM/DD/YYYY HH24:MI:SS'), 0, TO_DATE('12/12/2006 00:06:13', 'MM/DD/YYYY HH24:MI:SS'), 0, 'Package Version', 'Y', 50003, 50047, 'Y', 20, 'Y', 50, 0, 'N', 'N', 'N', 'N', 'U');
Insert into AD_FIELD
   (AD_FIELD_ID, AD_CLIENT_ID, AD_ORG_ID, ISACTIVE, CREATED, CREATEDBY, UPDATED, UPDATEDBY, NAME, ISCENTRALLYMAINTAINED, AD_TAB_ID, AD_COLUMN_ID, ISDISPLAYED, DISPLAYLENGTH, ISREADONLY, SEQNO, SORTNO, ISSAMELINE, ISHEADING, ISFIELDONLY, ISENCRYPTED, ENTITYTYPE)
 Values
   (50040, 0, 0, 'Y', TO_DATE('12/11/2006 23:46:06', 'MM/DD/YYYY HH24:MI:SS'), 0, TO_DATE('12/12/2006 00:06:15', 'MM/DD/YYYY HH24:MI:SS'), 0, 'Description', 'Y', 50003, 50058, 'Y', 1000, 'Y', 60, 0, 'N', 'N', 'N', 'N', 'U');
Insert into AD_FIELD
   (AD_FIELD_ID, AD_CLIENT_ID, AD_ORG_ID, ISACTIVE, CREATED, CREATEDBY, UPDATED, UPDATEDBY, NAME, DESCRIPTION, ISCENTRALLYMAINTAINED, AD_TAB_ID, AD_COLUMN_ID, ISDISPLAYED, DISPLAYLENGTH, ISREADONLY, SEQNO, SORTNO, ISSAMELINE, ISHEADING, ISFIELDONLY, ISENCRYPTED, ENTITYTYPE)
 Values
   (50041, 0, 0, 'Y', TO_DATE('12/11/2006 23:46:06', 'MM/DD/YYYY HH24:MI:SS'), 0, TO_DATE('12/12/2006 00:06:17', 'MM/DD/YYYY HH24:MI:SS'), 0, 'Package installed on', 'Package installed on', 'Y', 50003, 50042, 'Y', 10, 'Y', 70, 0, 'N', 'N', 'N', 'N', 'U');
Insert into AD_FIELD
   (AD_FIELD_ID, AD_CLIENT_ID, AD_ORG_ID, ISACTIVE, CREATED, CREATEDBY, UPDATED, UPDATEDBY, NAME, DESCRIPTION, HELP, ISCENTRALLYMAINTAINED, AD_TAB_ID, AD_COLUMN_ID, ISDISPLAYED, DISPLAYLENGTH, ISREADONLY, SEQNO, SORTNO, ISSAMELINE, ISHEADING, ISFIELDONLY, ISENCRYPTED, ENTITYTYPE)
 Values
   (50042, 0, 0, 'Y', TO_DATE('12/11/2006 23:46:07', 'MM/DD/YYYY HH24:MI:SS'), 0, TO_DATE('12/12/2006 00:06:19', 'MM/DD/YYYY HH24:MI:SS'), 0, 'Installed by', 'Installed by', 'Package was installed by', 'Y', 50003, 50060, 'Y', 10, 'Y', 80, 0, 'Y', 'N', 'N', 'N', 'U');
Insert into AD_FIELD
   (AD_FIELD_ID, AD_CLIENT_ID, AD_ORG_ID, ISACTIVE, CREATED, CREATEDBY, UPDATED, UPDATEDBY, NAME, DESCRIPTION, ISCENTRALLYMAINTAINED, AD_TAB_ID, AD_COLUMN_ID, ISDISPLAYED, DISPLAYLENGTH, ISREADONLY, SEQNO, SORTNO, ISSAMELINE, ISHEADING, ISFIELDONLY, ISENCRYPTED, ENTITYTYPE)
 Values
   (50043, 0, 0, 'Y', TO_DATE('12/11/2006 23:46:07', 'MM/DD/YYYY HH24:MI:SS'), 0, TO_DATE('12/12/2006 00:06:21', 'MM/DD/YYYY HH24:MI:SS'), 0, 'Package Status', 'Status of package installation', 'Y', 50003, 50056, 'Y', 22, 'Y', 90, 0, 'N', 'N', 'N', 'N', 'U');
Insert into AD_FIELD
   (AD_FIELD_ID, AD_CLIENT_ID, AD_ORG_ID, ISACTIVE, CREATED, CREATEDBY, UPDATED, UPDATEDBY, NAME, DESCRIPTION, ISCENTRALLYMAINTAINED, AD_TAB_ID, AD_COLUMN_ID, ISDISPLAYED, DISPLAYLENGTH, ISREADONLY, SEQNO, SORTNO, ISSAMELINE, ISHEADING, ISFIELDONLY, ISENCRYPTED, ENTITYTYPE)
 Values
   (50044, 0, 0, 'Y', TO_DATE('12/11/2006 23:46:07', 'MM/DD/YYYY HH24:MI:SS'), 0, TO_DATE('12/12/2006 00:06:22', 'MM/DD/YYYY HH24:MI:SS'), 0, 'Package created on', 'Date package was created on', 'Y', 50003, 50043, 'Y', 0, 'Y', 100, 0, 'N', 'N', 'N', 'N', 'U');
Insert into AD_FIELD
   (AD_FIELD_ID, AD_CLIENT_ID, AD_ORG_ID, ISACTIVE, CREATED, CREATEDBY, UPDATED, UPDATEDBY, NAME, DESCRIPTION, ISCENTRALLYMAINTAINED, AD_TAB_ID, AD_COLUMN_ID, ISDISPLAYED, DISPLAYLENGTH, ISREADONLY, SEQNO, SORTNO, ISSAMELINE, ISHEADING, ISFIELDONLY, ISENCRYPTED, ENTITYTYPE)
 Values
   (50045, 0, 0, 'Y', TO_DATE('12/11/2006 23:46:07', 'MM/DD/YYYY HH24:MI:SS'), 0, TO_DATE('12/12/2006 00:06:24', 'MM/DD/YYYY HH24:MI:SS'), 0, 'Package last updated on', 'Date package was last updated on', 'Y', 50003, 50050, 'Y', 0, 'Y', 110, 0, 'Y', 'N', 'N', 'N', 'U');
Insert into AD_FIELD
   (AD_FIELD_ID, AD_CLIENT_ID, AD_ORG_ID, ISACTIVE, CREATED, CREATEDBY, UPDATED, UPDATEDBY, NAME, ISCENTRALLYMAINTAINED, AD_TAB_ID, AD_COLUMN_ID, ISDISPLAYED, DISPLAYLENGTH, ISREADONLY, SEQNO, SORTNO, ISSAMELINE, ISHEADING, ISFIELDONLY, ISENCRYPTED, ENTITYTYPE)
 Values
   (50046, 0, 0, 'Y', TO_DATE('12/11/2006 23:46:07', 'MM/DD/YYYY HH24:MI:SS'), 0, TO_DATE('12/12/2006 00:06:26', 'MM/DD/YYYY HH24:MI:SS'), 0, 'Creator', 'Y', 50003, 50059, 'Y', 60, 'Y', 120, 0, 'N', 'N', 'N', 'N', 'U');
Insert into AD_FIELD
   (AD_FIELD_ID, AD_CLIENT_ID, AD_ORG_ID, ISACTIVE, CREATED, CREATEDBY, UPDATED, UPDATEDBY, NAME, ISCENTRALLYMAINTAINED, AD_TAB_ID, AD_COLUMN_ID, ISDISPLAYED, DISPLAYLENGTH, ISREADONLY, SEQNO, SORTNO, ISSAMELINE, ISHEADING, ISFIELDONLY, ISENCRYPTED, ENTITYTYPE)
 Values
   (50047, 0, 0, 'Y', TO_DATE('12/11/2006 23:46:08', 'MM/DD/YYYY HH24:MI:SS'), 0, TO_DATE('12/12/2006 00:06:28', 'MM/DD/YYYY HH24:MI:SS'), 0, 'Creator Contact', 'Y', 50003, 50044, 'Y', 60, 'Y', 130, 0, 'N', 'N', 'N', 'N', 'U');
Insert into AD_FIELD
   (AD_FIELD_ID, AD_CLIENT_ID, AD_ORG_ID, ISACTIVE, CREATED, CREATEDBY, UPDATED, UPDATEDBY, NAME, ISCENTRALLYMAINTAINED, AD_TAB_ID, AD_COLUMN_ID, ISDISPLAYED, DISPLAYLENGTH, ISREADONLY, SEQNO, SORTNO, ISSAMELINE, ISHEADING, ISFIELDONLY, ISENCRYPTED, ENTITYTYPE)
 Values
   (50048, 0, 0, 'Y', TO_DATE('12/11/2006 23:46:08', 'MM/DD/YYYY HH24:MI:SS'), 0, TO_DATE('12/12/2006 00:06:30', 'MM/DD/YYYY HH24:MI:SS'), 0, 'Min. Release No.', 'Y', 50003, 50054, 'Y', 20, 'Y', 140, 0, 'N', 'N', 'N', 'N', 'U');
Insert into AD_FIELD
   (AD_FIELD_ID, AD_CLIENT_ID, AD_ORG_ID, ISACTIVE, CREATED, CREATEDBY, UPDATED, UPDATEDBY, NAME, ISCENTRALLYMAINTAINED, AD_TAB_ID, AD_COLUMN_ID, ISDISPLAYED, DISPLAYLENGTH, ISREADONLY, SEQNO, SORTNO, ISSAMELINE, ISHEADING, ISFIELDONLY, ISENCRYPTED, ENTITYTYPE)
 Values
   (50049, 0, 0, 'Y', TO_DATE('12/11/2006 23:46:08', 'MM/DD/YYYY HH24:MI:SS'), 0, TO_DATE('12/12/2006 00:06:32', 'MM/DD/YYYY HH24:MI:SS'), 0, 'Min. Version No.', 'Y', 50003, 50049, 'Y', 20, 'Y', 150, 0, 'Y', 'N', 'N', 'N', 'U');
Insert into AD_FIELD
   (AD_FIELD_ID, AD_CLIENT_ID, AD_ORG_ID, ISACTIVE, CREATED, CREATEDBY, UPDATED, UPDATEDBY, NAME, ISCENTRALLYMAINTAINED, AD_TAB_ID, AD_COLUMN_ID, ISDISPLAYED, DISPLAYLENGTH, ISREADONLY, SEQNO, SORTNO, ISSAMELINE, ISHEADING, ISFIELDONLY, ISENCRYPTED, ENTITYTYPE)
 Values
   (50050, 0, 0, 'Y', TO_DATE('12/11/2006 23:46:08', 'MM/DD/YYYY HH24:MI:SS'), 0, TO_DATE('12/12/2006 00:06:33', 'MM/DD/YYYY HH24:MI:SS'), 0, 'Reverse Package', 'Y', 50003, 50048, 'Y', 1, 'N', 160, 0, 'N', 'N', 'N', 'N', 'U');
Insert into AD_FIELD
   (AD_FIELD_ID, AD_CLIENT_ID, AD_ORG_ID, ISACTIVE, CREATED, CREATEDBY, UPDATED, UPDATEDBY, NAME, ISCENTRALLYMAINTAINED, AD_TAB_ID, AD_COLUMN_ID, ISDISPLAYED, DISPLAYLENGTH, ISREADONLY, SEQNO, SORTNO, ISSAMELINE, ISHEADING, ISFIELDONLY, ISENCRYPTED, ENTITYTYPE)
 Values
   (50051, 0, 0, 'Y', TO_DATE('12/11/2006 23:46:08', 'MM/DD/YYYY HH24:MI:SS'), 0, TO_DATE('12/12/2006 00:06:35', 'MM/DD/YYYY HH24:MI:SS'), 0, 'Uninstalled', 'Y', 50003, 50053, 'Y', 1, 'N', 170, 0, 'Y', 'N', 'N', 'N', 'U');
Insert into AD_FIELD
   (AD_FIELD_ID, AD_CLIENT_ID, AD_ORG_ID, ISACTIVE, CREATED, CREATEDBY, UPDATED, UPDATEDBY, NAME, ISCENTRALLYMAINTAINED, AD_TAB_ID, AD_COLUMN_ID, ISDISPLAYED, DISPLAYLENGTH, ISREADONLY, SEQNO, SORTNO, ISSAMELINE, ISHEADING, ISFIELDONLY, ISENCRYPTED, ENTITYTYPE)
 Values
   (50052, 0, 0, 'Y', TO_DATE('12/11/2006 23:46:15', 'MM/DD/YYYY HH24:MI:SS'), 0, TO_DATE('12/12/2006 00:07:26', 'MM/DD/YYYY HH24:MI:SS'), 0, 'IsActive', 'Y', 50004, 50072, 'N', 1, 'N', 0, 0, 'N', 'N', 'N', 'N', 'U');
Insert into AD_FIELD
   (AD_FIELD_ID, AD_CLIENT_ID, AD_ORG_ID, ISACTIVE, CREATED, CREATEDBY, UPDATED, UPDATEDBY, NAME, ISCENTRALLYMAINTAINED, AD_TAB_ID, AD_COLUMN_ID, ISDISPLAYED, DISPLAYLENGTH, ISREADONLY, SEQNO, SORTNO, ISSAMELINE, ISHEADING, ISFIELDONLY, ISENCRYPTED, ENTITYTYPE)
 Values
   (50053, 0, 0, 'Y', TO_DATE('12/11/2006 23:46:16', 'MM/DD/YYYY HH24:MI:SS'), 0, TO_DATE('12/12/2006 00:07:28', 'MM/DD/YYYY HH24:MI:SS'), 0, 'Client', 'Y', 50004, 50062, 'Y', 22, 'N', 10, 0, 'N', 'N', 'N', 'N', 'U');
Insert into AD_FIELD
   (AD_FIELD_ID, AD_CLIENT_ID, AD_ORG_ID, ISACTIVE, CREATED, CREATEDBY, UPDATED, UPDATEDBY, NAME, ISCENTRALLYMAINTAINED, AD_TAB_ID, AD_COLUMN_ID, ISDISPLAYED, DISPLAYLENGTH, ISREADONLY, SEQNO, SORTNO, ISSAMELINE, ISHEADING, ISFIELDONLY, ISENCRYPTED, ENTITYTYPE)
 Values
   (50054, 0, 0, 'Y', TO_DATE('12/11/2006 23:46:16', 'MM/DD/YYYY HH24:MI:SS'), 0, TO_DATE('12/12/2006 00:07:30', 'MM/DD/YYYY HH24:MI:SS'), 0, 'Organization', 'Y', 50004, 50063, 'Y', 22, 'N', 20, 0, 'N', 'N', 'N', 'N', 'U');
Insert into AD_FIELD
   (AD_FIELD_ID, AD_CLIENT_ID, AD_ORG_ID, ISACTIVE, CREATED, CREATEDBY, UPDATED, UPDATEDBY, NAME, ISCENTRALLYMAINTAINED, AD_TAB_ID, AD_COLUMN_ID, ISDISPLAYED, DISPLAYLENGTH, ISREADONLY, SEQNO, SORTNO, ISSAMELINE, ISHEADING, ISFIELDONLY, ISENCRYPTED, ENTITYTYPE)
 Values
   (50055, 0, 0, 'Y', TO_DATE('12/11/2006 23:46:16', 'MM/DD/YYYY HH24:MI:SS'), 0, TO_DATE('12/12/2006 00:07:31', 'MM/DD/YYYY HH24:MI:SS'), 0, 'Package ID', 'Y', 50004, 50066, 'Y', 60, 'N', 30, 0, 'N', 'N', 'N', 'N', 'U');
Insert into AD_FIELD
   (AD_FIELD_ID, AD_CLIENT_ID, AD_ORG_ID, ISACTIVE, CREATED, CREATEDBY, UPDATED, UPDATEDBY, NAME, ISCENTRALLYMAINTAINED, AD_TAB_ID, AD_COLUMN_ID, ISDISPLAYED, DISPLAYLENGTH, ISREADONLY, SEQNO, SORTNO, ISSAMELINE, ISHEADING, ISFIELDONLY, ISENCRYPTED, ENTITYTYPE)
 Values
   (50056, 0, 0, 'Y', TO_DATE('12/11/2006 23:46:16', 'MM/DD/YYYY HH24:MI:SS'), 0, TO_DATE('12/12/2006 00:07:33', 'MM/DD/YYYY HH24:MI:SS'), 0, 'Package Detail ID', 'Y', 50004, 50065, 'Y', 22, 'N', 40, 0, 'N', 'N', 'N', 'N', 'U');
Insert into AD_FIELD
   (AD_FIELD_ID, AD_CLIENT_ID, AD_ORG_ID, ISACTIVE, CREATED, CREATEDBY, UPDATED, UPDATEDBY, NAME, ISCENTRALLYMAINTAINED, AD_TAB_ID, AD_COLUMN_ID, ISDISPLAYED, DISPLAYLENGTH, ISREADONLY, SEQNO, SORTNO, ISSAMELINE, ISHEADING, ISFIELDONLY, ISENCRYPTED, ENTITYTYPE)
 Values
   (50057, 0, 0, 'Y', TO_DATE('12/11/2006 23:46:16', 'MM/DD/YYYY HH24:MI:SS'), 0, TO_DATE('12/12/2006 00:07:34', 'MM/DD/YYYY HH24:MI:SS'), 0, 'Record Backup ID', 'Y', 50004, 50069, 'Y', 22, 'N', 50, 0, 'N', 'N', 'N', 'N', 'U');
Insert into AD_FIELD
   (AD_FIELD_ID, AD_CLIENT_ID, AD_ORG_ID, ISACTIVE, CREATED, CREATEDBY, UPDATED, UPDATEDBY, NAME, ISCENTRALLYMAINTAINED, AD_TAB_ID, AD_COLUMN_ID, ISDISPLAYED, DISPLAYLENGTH, ISREADONLY, SEQNO, SORTNO, ISSAMELINE, ISHEADING, ISFIELDONLY, ISENCRYPTED, ENTITYTYPE)
 Values
   (50058, 0, 0, 'Y', TO_DATE('12/11/2006 23:46:16', 'MM/DD/YYYY HH24:MI:SS'), 0, TO_DATE('12/12/2006 00:07:36', 'MM/DD/YYYY HH24:MI:SS'), 0, 'Name', 'Y', 50004, 50073, 'Y', 60, 'N', 60, 0, 'N', 'N', 'N', 'N', 'U');
Insert into AD_FIELD
   (AD_FIELD_ID, AD_CLIENT_ID, AD_ORG_ID, ISACTIVE, CREATED, CREATEDBY, UPDATED, UPDATEDBY, NAME, ISCENTRALLYMAINTAINED, AD_TAB_ID, AD_COLUMN_ID, ISDISPLAYED, DISPLAYLENGTH, ISREADONLY, SEQNO, SORTNO, ISSAMELINE, ISHEADING, ISFIELDONLY, ISENCRYPTED, ENTITYTYPE)
 Values
   (50059, 0, 0, 'Y', TO_DATE('12/11/2006 23:46:17', 'MM/DD/YYYY HH24:MI:SS'), 0, TO_DATE('12/12/2006 00:07:38', 'MM/DD/YYYY HH24:MI:SS'), 0, 'Action', 'Y', 50004, 50068, 'Y', 20, 'N', 70, 0, 'N', 'N', 'N', 'N', 'U');
Insert into AD_FIELD
   (AD_FIELD_ID, AD_CLIENT_ID, AD_ORG_ID, ISACTIVE, CREATED, CREATEDBY, UPDATED, UPDATEDBY, NAME, ISCENTRALLYMAINTAINED, AD_TAB_ID, AD_COLUMN_ID, ISDISPLAYED, DISPLAYLENGTH, ISREADONLY, SEQNO, SORTNO, ISSAMELINE, ISHEADING, ISFIELDONLY, ISENCRYPTED, ENTITYTYPE)
 Values
   (50060, 0, 0, 'Y', TO_DATE('12/11/2006 23:46:17', 'MM/DD/YYYY HH24:MI:SS'), 0, TO_DATE('12/12/2006 00:07:39', 'MM/DD/YYYY HH24:MI:SS'), 0, 'Original ID', 'Y', 50004, 50064, 'Y', 22, 'N', 80, 0, 'N', 'N', 'N', 'N', 'U');
Insert into AD_FIELD
   (AD_FIELD_ID, AD_CLIENT_ID, AD_ORG_ID, ISACTIVE, CREATED, CREATEDBY, UPDATED, UPDATEDBY, NAME, DESCRIPTION, ISCENTRALLYMAINTAINED, AD_TAB_ID, AD_COLUMN_ID, ISDISPLAYED, DISPLAYLENGTH, ISREADONLY, SEQNO, SORTNO, ISSAMELINE, ISHEADING, ISFIELDONLY, ISENCRYPTED, ENTITYTYPE)
 Values
   (50061, 0, 0, 'Y', TO_DATE('12/11/2006 23:46:17', 'MM/DD/YYYY HH24:MI:SS'), 0, TO_DATE('12/12/2006 00:07:41', 'MM/DD/YYYY HH24:MI:SS'), 0, 'Success', 'Indicates Success', 'Y', 50004, 50074, 'Y', 20, 'N', 90, 0, 'N', 'N', 'N', 'N', 'U');
Insert into AD_FIELD
   (AD_FIELD_ID, AD_CLIENT_ID, AD_ORG_ID, ISACTIVE, CREATED, CREATEDBY, UPDATED, UPDATEDBY, NAME, ISCENTRALLYMAINTAINED, AD_TAB_ID, AD_COLUMN_ID, ISDISPLAYED, DISPLAYLENGTH, ISREADONLY, SEQNO, SORTNO, ISSAMELINE, ISHEADING, ISFIELDONLY, ISENCRYPTED, ENTITYTYPE)
 Values
   (50062, 0, 0, 'Y', TO_DATE('12/11/2006 23:46:17', 'MM/DD/YYYY HH24:MI:SS'), 0, TO_DATE('12/12/2006 00:07:43', 'MM/DD/YYYY HH24:MI:SS'), 0, 'Table ID', 'Y', 50004, 50067, 'Y', 22, 'N', 100, 0, 'N', 'N', 'N', 'N', 'U');
Insert into AD_FIELD
   (AD_FIELD_ID, AD_CLIENT_ID, AD_ORG_ID, ISACTIVE, CREATED, CREATEDBY, UPDATED, UPDATEDBY, NAME, ISCENTRALLYMAINTAINED, AD_TAB_ID, AD_COLUMN_ID, ISDISPLAYED, DISPLAYLENGTH, ISREADONLY, SEQNO, SORTNO, ISSAMELINE, ISHEADING, ISFIELDONLY, ISENCRYPTED, ENTITYTYPE)
 Values
   (50063, 0, 0, 'Y', TO_DATE('12/11/2006 23:46:17', 'MM/DD/YYYY HH24:MI:SS'), 0, TO_DATE('12/12/2006 00:07:44', 'MM/DD/YYYY HH24:MI:SS'), 0, 'Table Name', 'Y', 50004, 50075, 'Y', 60, 'N', 110, 0, 'N', 'N', 'N', 'N', 'U');
Insert into AD_FIELD
   (AD_FIELD_ID, AD_CLIENT_ID, AD_ORG_ID, ISACTIVE, CREATED, CREATEDBY, UPDATED, UPDATEDBY, NAME, ISCENTRALLYMAINTAINED, AD_TAB_ID, AD_COLUMN_ID, ISDISPLAYED, DISPLAYLENGTH, ISREADONLY, SEQNO, SORTNO, ISSAMELINE, ISHEADING, ISFIELDONLY, ISENCRYPTED, ENTITYTYPE)
 Values
   (50064, 0, 0, 'Y', TO_DATE('12/11/2006 23:46:18', 'MM/DD/YYYY HH24:MI:SS'), 0, TO_DATE('12/12/2006 00:07:46', 'MM/DD/YYYY HH24:MI:SS'), 0, 'Type', 'Y', 50004, 50076, 'Y', 60, 'N', 120, 0, 'N', 'N', 'N', 'N', 'U');
Insert into AD_FIELD
   (AD_FIELD_ID, AD_CLIENT_ID, AD_ORG_ID, ISACTIVE, CREATED, CREATEDBY, UPDATED, UPDATEDBY, NAME, DESCRIPTION, ISCENTRALLYMAINTAINED, AD_TAB_ID, AD_COLUMN_ID, ISDISPLAYED, DISPLAYLENGTH, ISREADONLY, SEQNO, SORTNO, ISSAMELINE, ISHEADING, ISFIELDONLY, ISENCRYPTED, ENTITYTYPE)
 Values
   (50065, 0, 0, 'Y', TO_DATE('12/11/2006 23:46:18', 'MM/DD/YYYY HH24:MI:SS'), 0, TO_DATE('12/12/2006 00:07:47', 'MM/DD/YYYY HH24:MI:SS'), 0, 'Uninstalled', 'Indicates if an object has been uninstalled or reversed', 'Y', 50004, 50077, 'Y', 1, 'N', 130, 0, 'N', 'N', 'N', 'N', 'U');
Insert into AD_FIELD
   (AD_FIELD_ID, AD_CLIENT_ID, AD_ORG_ID, ISACTIVE, CREATED, CREATEDBY, UPDATED, UPDATEDBY, NAME, ISCENTRALLYMAINTAINED, AD_TAB_ID, AD_COLUMN_ID, ISDISPLAYED, DISPLAYLENGTH, ISREADONLY, SEQNO, SORTNO, ISSAMELINE, ISHEADING, ISFIELDONLY, ISENCRYPTED, ENTITYTYPE)
 Values
   (50066, 0, 0, 'Y', TO_DATE('12/11/2006 23:46:29', 'MM/DD/YYYY HH24:MI:SS'), 0, TO_DATE('12/12/2006 00:09:04', 'MM/DD/YYYY HH24:MI:SS'), 0, 'AD_Package_Exp_ID', 'N', 50005, 50080, 'N', 22, 'N', 0, 0, 'N', 'N', 'N', 'N', 'U');
Insert into AD_FIELD
   (AD_FIELD_ID, AD_CLIENT_ID, AD_ORG_ID, ISACTIVE, CREATED, CREATEDBY, UPDATED, UPDATEDBY, NAME, ISCENTRALLYMAINTAINED, AD_TAB_ID, AD_COLUMN_ID, ISDISPLAYED, DISPLAYLENGTH, ISREADONLY, SEQNO, SORTNO, ISSAMELINE, ISHEADING, ISFIELDONLY, ISENCRYPTED, ENTITYTYPE)
 Values
   (50067, 0, 0, 'Y', TO_DATE('12/11/2006 23:46:29', 'MM/DD/YYYY HH24:MI:SS'), 0, TO_DATE('12/12/2006 00:09:06', 'MM/DD/YYYY HH24:MI:SS'), 0, 'Processed', 'N', 50005, 50087, 'N', 1, 'N', 0, 0, 'N', 'N', 'N', 'N', 'U');
Insert into AD_FIELD
   (AD_FIELD_ID, AD_CLIENT_ID, AD_ORG_ID, ISACTIVE, CREATED, CREATEDBY, UPDATED, UPDATEDBY, NAME, ISCENTRALLYMAINTAINED, AD_TAB_ID, AD_COLUMN_ID, ISDISPLAYED, DISPLAYLENGTH, ISREADONLY, SEQNO, SORTNO, ISSAMELINE, ISHEADING, ISFIELDONLY, ISENCRYPTED, ENTITYTYPE)
 Values
   (50068, 0, 0, 'Y', TO_DATE('12/11/2006 23:46:29', 'MM/DD/YYYY HH24:MI:SS'), 0, TO_DATE('12/12/2006 00:09:08', 'MM/DD/YYYY HH24:MI:SS'), 0, 'IsActive', 'N', 50005, 50095, 'N', 1, 'N', 0, 0, 'N', 'N', 'N', 'N', 'U');
Insert into AD_FIELD
   (AD_FIELD_ID, AD_CLIENT_ID, AD_ORG_ID, ISACTIVE, CREATED, CREATEDBY, UPDATED, UPDATEDBY, NAME, ISCENTRALLYMAINTAINED, AD_TAB_ID, AD_COLUMN_ID, ISDISPLAYED, DISPLAYLENGTH, ISREADONLY, SEQNO, SORTNO, ISSAMELINE, ISHEADING, ISFIELDONLY, ISENCRYPTED, ENTITYTYPE)
 Values
   (50069, 0, 0, 'Y', TO_DATE('12/11/2006 23:46:29', 'MM/DD/YYYY HH24:MI:SS'), 0, TO_DATE('12/12/2006 00:09:09', 'MM/DD/YYYY HH24:MI:SS'), 0, 'Client', 'N', 50005, 50081, 'Y', 22, 'N', 10, 0, 'N', 'N', 'N', 'N', 'U');
Insert into AD_FIELD
   (AD_FIELD_ID, AD_CLIENT_ID, AD_ORG_ID, ISACTIVE, CREATED, CREATEDBY, UPDATED, UPDATEDBY, NAME, ISCENTRALLYMAINTAINED, AD_TAB_ID, AD_COLUMN_ID, ISDISPLAYED, DISPLAYLENGTH, ISREADONLY, SEQNO, SORTNO, ISSAMELINE, ISHEADING, ISFIELDONLY, ISENCRYPTED, ENTITYTYPE)
 Values
   (50070, 0, 0, 'Y', TO_DATE('12/11/2006 23:46:30', 'MM/DD/YYYY HH24:MI:SS'), 0, TO_DATE('12/12/2006 00:09:11', 'MM/DD/YYYY HH24:MI:SS'), 0, 'Organization', 'N', 50005, 50099, 'Y', 22, 'N', 20, 0, 'Y', 'N', 'N', 'N', 'U');
Insert into AD_FIELD
   (AD_FIELD_ID, AD_CLIENT_ID, AD_ORG_ID, ISACTIVE, CREATED, CREATEDBY, UPDATED, UPDATEDBY, NAME, DESCRIPTION, ISCENTRALLYMAINTAINED, AD_TAB_ID, AD_COLUMN_ID, ISDISPLAYED, DISPLAYLENGTH, ISREADONLY, SEQNO, SORTNO, ISSAMELINE, ISHEADING, ISFIELDONLY, ISENCRYPTED, ENTITYTYPE)
 Values
   (50071, 0, 0, 'Y', TO_DATE('12/11/2006 23:46:30', 'MM/DD/YYYY HH24:MI:SS'), 0, TO_DATE('12/12/2006 00:09:13', 'MM/DD/YYYY HH24:MI:SS'), 0, 'Name of Package', 'Name of Package', 'N', 50005, 50086, 'Y', 22, 'N', 30, 0, 'N', 'N', 'N', 'N', 'U');
Insert into AD_FIELD
   (AD_FIELD_ID, AD_CLIENT_ID, AD_ORG_ID, ISACTIVE, CREATED, CREATEDBY, UPDATED, UPDATEDBY, NAME, DESCRIPTION, ISCENTRALLYMAINTAINED, AD_TAB_ID, AD_COLUMN_ID, ISDISPLAYED, DISPLAYLENGTH, ISREADONLY, SEQNO, SORTNO, ISSAMELINE, ISHEADING, ISFIELDONLY, ISENCRYPTED, ENTITYTYPE)
 Values
   (50072, 0, 0, 'Y', TO_DATE('12/11/2006 23:46:30', 'MM/DD/YYYY HH24:MI:SS'), 0, TO_DATE('12/12/2006 00:09:15', 'MM/DD/YYYY HH24:MI:SS'), 0, 'Package Version', 'Package Version', 'Y', 50005, 50094, 'Y', 0, 'N', 40, 0, 'Y', 'N', 'N', 'N', 'U');
Insert into AD_FIELD
   (AD_FIELD_ID, AD_CLIENT_ID, AD_ORG_ID, ISACTIVE, CREATED, CREATEDBY, UPDATED, UPDATEDBY, NAME, DESCRIPTION, ISCENTRALLYMAINTAINED, AD_TAB_ID, AD_COLUMN_ID, ISDISPLAYED, DISPLAYLENGTH, ISREADONLY, SEQNO, SORTNO, ISSAMELINE, ISHEADING, ISFIELDONLY, ISENCRYPTED, ENTITYTYPE)
 Values
   (50073, 0, 0, 'Y', TO_DATE('12/11/2006 23:46:30', 'MM/DD/YYYY HH24:MI:SS'), 0, TO_DATE('12/12/2006 00:09:17', 'MM/DD/YYYY HH24:MI:SS'), 0, 'UserName', 'Creator of Package', 'Y', 50005, 50090, 'Y', 22, 'N', 50, 0, 'N', 'N', 'N', 'N', 'U');
Insert into AD_FIELD
   (AD_FIELD_ID, AD_CLIENT_ID, AD_ORG_ID, ISACTIVE, CREATED, CREATEDBY, UPDATED, UPDATEDBY, NAME, DESCRIPTION, ISCENTRALLYMAINTAINED, AD_TAB_ID, AD_COLUMN_ID, ISDISPLAYED, DISPLAYLENGTH, ISREADONLY, SEQNO, SORTNO, ISSAMELINE, ISHEADING, ISFIELDONLY, ISENCRYPTED, ENTITYTYPE)
 Values
   (50074, 0, 0, 'Y', TO_DATE('12/11/2006 23:46:30', 'MM/DD/YYYY HH24:MI:SS'), 0, TO_DATE('12/12/2006 00:09:19', 'MM/DD/YYYY HH24:MI:SS'), 0, 'Email Address', 'Email Address creator of the package', 'Y', 50005, 50084, 'Y', 22, 'N', 60, 0, 'Y', 'N', 'N', 'N', 'U');
Insert into AD_FIELD
   (AD_FIELD_ID, AD_CLIENT_ID, AD_ORG_ID, ISACTIVE, CREATED, CREATEDBY, UPDATED, UPDATEDBY, NAME, ISCENTRALLYMAINTAINED, AD_TAB_ID, AD_COLUMN_ID, ISDISPLAYED, DISPLAYLENGTH, ISREADONLY, SEQNO, SORTNO, ISSAMELINE, ISHEADING, ISFIELDONLY, ISENCRYPTED, ENTITYTYPE)
 Values
   (50075, 0, 0, 'Y', TO_DATE('12/11/2006 23:46:30', 'MM/DD/YYYY HH24:MI:SS'), 0, TO_DATE('12/12/2006 00:09:21', 'MM/DD/YYYY HH24:MI:SS'), 0, 'Creation Directory', 'N', 50005, 50096, 'Y', 255, 'N', 70, 0, 'N', 'N', 'N', 'N', 'U');
Insert into AD_FIELD
   (AD_FIELD_ID, AD_CLIENT_ID, AD_ORG_ID, ISACTIVE, CREATED, CREATEDBY, UPDATED, UPDATEDBY, NAME, DESCRIPTION, ISCENTRALLYMAINTAINED, AD_TAB_ID, AD_COLUMN_ID, ISDISPLAYED, DISPLAYLOGIC, DISPLAYLENGTH, ISREADONLY, SEQNO, SORTNO, ISSAMELINE, ISHEADING, ISFIELDONLY, ISENCRYPTED, ENTITYTYPE)
 Values
   (50076, 0, 0, 'Y', TO_DATE('12/11/2006 23:46:31', 'MM/DD/YYYY HH24:MI:SS'), 0, TO_DATE('12/12/2006 00:09:23', 'MM/DD/YYYY HH24:MI:SS'), 0, 'Created By', 'User who created the package', 'N', 50005, 50083, 'Y', '@Processed@="Y"', 0, 'N', 80, 0, 'N', 'N', 'N', 'N', 'U');
Insert into AD_FIELD
   (AD_FIELD_ID, AD_CLIENT_ID, AD_ORG_ID, ISACTIVE, CREATED, CREATEDBY, UPDATED, UPDATEDBY, NAME, DESCRIPTION, ISCENTRALLYMAINTAINED, AD_TAB_ID, AD_COLUMN_ID, ISDISPLAYED, DISPLAYLOGIC, DISPLAYLENGTH, ISREADONLY, SEQNO, SORTNO, ISSAMELINE, ISHEADING, ISFIELDONLY, ISENCRYPTED, ENTITYTYPE)
 Values
   (50077, 0, 0, 'Y', TO_DATE('12/11/2006 23:46:31', 'MM/DD/YYYY HH24:MI:SS'), 0, TO_DATE('12/12/2006 00:09:25', 'MM/DD/YYYY HH24:MI:SS'), 0, 'Create Date', 'Date when Package was created', 'N', 50005, 50098, 'Y', '@Processed@="Y"', 0, 'N', 90, 0, 'N', 'N', 'N', 'N', 'U');
Insert into AD_FIELD
   (AD_FIELD_ID, AD_CLIENT_ID, AD_ORG_ID, ISACTIVE, CREATED, CREATEDBY, UPDATED, UPDATEDBY, NAME, ISCENTRALLYMAINTAINED, AD_TAB_ID, AD_COLUMN_ID, ISDISPLAYED, DISPLAYLENGTH, ISREADONLY, SEQNO, SORTNO, ISSAMELINE, ISHEADING, ISFIELDONLY, ISENCRYPTED, ENTITYTYPE)
 Values
   (50078, 0, 0, 'Y', TO_DATE('12/11/2006 23:46:31', 'MM/DD/YYYY HH24:MI:SS'), 0, TO_DATE('12/12/2006 00:09:27', 'MM/DD/YYYY HH24:MI:SS'), 0, 'Version', 'Y', 50005, 50089, 'Y', 20, 'N', 100, 0, 'N', 'N', 'N', 'N', 'U');
Insert into AD_FIELD
   (AD_FIELD_ID, AD_CLIENT_ID, AD_ORG_ID, ISACTIVE, CREATED, CREATEDBY, UPDATED, UPDATEDBY, NAME, DESCRIPTION, ISCENTRALLYMAINTAINED, AD_TAB_ID, AD_COLUMN_ID, ISDISPLAYED, DISPLAYLENGTH, ISREADONLY, SEQNO, SORTNO, ISSAMELINE, ISHEADING, ISFIELDONLY, ISENCRYPTED, ENTITYTYPE)
 Values
   (50079, 0, 0, 'Y', TO_DATE('12/11/2006 23:46:31', 'MM/DD/YYYY HH24:MI:SS'), 0, TO_DATE('12/12/2006 00:09:28', 'MM/DD/YYYY HH24:MI:SS'), 0, 'ReleaseNo', 'Release Number', 'Y', 50005, 50088, 'Y', 20, 'N', 110, 0, 'Y', 'N', 'N', 'N', 'U');
Insert into AD_FIELD
   (AD_FIELD_ID, AD_CLIENT_ID, AD_ORG_ID, ISACTIVE, CREATED, CREATEDBY, UPDATED, UPDATEDBY, NAME, DESCRIPTION, ISCENTRALLYMAINTAINED, AD_TAB_ID, AD_COLUMN_ID, ISDISPLAYED, DISPLAYLOGIC, DISPLAYLENGTH, ISREADONLY, SEQNO, SORTNO, ISSAMELINE, ISHEADING, ISFIELDONLY, ISENCRYPTED, ENTITYTYPE)
 Values
   (50080, 0, 0, 'Y', TO_DATE('12/11/2006 23:46:31', 'MM/DD/YYYY HH24:MI:SS'), 0, TO_DATE('12/12/2006 00:09:30', 'MM/DD/YYYY HH24:MI:SS'), 0, 'Processed By', 'User who Processed the package', 'N', 50005, 50091, 'Y', '@Processed@="Y"', 0, 'N', 120, 0, 'N', 'N', 'N', 'N', 'U');
Insert into AD_FIELD
   (AD_FIELD_ID, AD_CLIENT_ID, AD_ORG_ID, ISACTIVE, CREATED, CREATEDBY, UPDATED, UPDATEDBY, NAME, DESCRIPTION, ISCENTRALLYMAINTAINED, AD_TAB_ID, AD_COLUMN_ID, ISDISPLAYED, DISPLAYLOGIC, DISPLAYLENGTH, ISREADONLY, SEQNO, SORTNO, ISSAMELINE, ISHEADING, ISFIELDONLY, ISENCRYPTED, ENTITYTYPE)
 Values
   (50081, 0, 0, 'Y', TO_DATE('12/11/2006 23:46:31', 'MM/DD/YYYY HH24:MI:SS'), 0, TO_DATE('12/12/2006 00:09:32', 'MM/DD/YYYY HH24:MI:SS'), 0, 'Processed Date', 'Date when the package was processed', 'N', 50005, 50092, 'Y', '@Processed@="Y"', 0, 'N', 130, 0, 'N', 'N', 'N', 'N', 'U');
Insert into AD_FIELD
   (AD_FIELD_ID, AD_CLIENT_ID, AD_ORG_ID, ISACTIVE, CREATED, CREATEDBY, UPDATED, UPDATEDBY, NAME, ISCENTRALLYMAINTAINED, AD_TAB_ID, AD_COLUMN_ID, ISDISPLAYED, DISPLAYLENGTH, ISREADONLY, SEQNO, SORTNO, ISSAMELINE, ISHEADING, ISFIELDONLY, ISENCRYPTED, ENTITYTYPE)
 Values
   (50082, 0, 0, 'Y', TO_DATE('12/11/2006 23:46:31', 'MM/DD/YYYY HH24:MI:SS'), 0, TO_DATE('12/12/2006 00:09:34', 'MM/DD/YYYY HH24:MI:SS'), 0, 'Description of Package', 'N', 50005, 50097, 'Y', 1000, 'N', 140, 0, 'N', 'N', 'N', 'N', 'U');
Insert into AD_FIELD
   (AD_FIELD_ID, AD_CLIENT_ID, AD_ORG_ID, ISACTIVE, CREATED, CREATEDBY, UPDATED, UPDATEDBY, NAME, ISCENTRALLYMAINTAINED, AD_TAB_ID, AD_COLUMN_ID, ISDISPLAYED, DISPLAYLENGTH, ISREADONLY, SEQNO, SORTNO, ISSAMELINE, ISHEADING, ISFIELDONLY, ISENCRYPTED, ENTITYTYPE)
 Values
   (50083, 0, 0, 'Y', TO_DATE('12/11/2006 23:46:32', 'MM/DD/YYYY HH24:MI:SS'), 0, TO_DATE('12/12/2006 00:09:35', 'MM/DD/YYYY HH24:MI:SS'), 0, 'Instructions', 'Y', 50005, 50085, 'Y', 1000, 'N', 150, 0, 'N', 'N', 'N', 'N', 'U');
Insert into AD_FIELD
   (AD_FIELD_ID, AD_CLIENT_ID, AD_ORG_ID, ISACTIVE, CREATED, CREATEDBY, UPDATED, UPDATEDBY, NAME, DESCRIPTION, ISCENTRALLYMAINTAINED, AD_TAB_ID, AD_COLUMN_ID, ISDISPLAYED, DISPLAYLENGTH, ISREADONLY, SEQNO, SORTNO, ISSAMELINE, ISHEADING, ISFIELDONLY, ISENCRYPTED, ENTITYTYPE)
 Values
   (50084, 0, 0, 'Y', TO_DATE('12/11/2006 23:46:32', 'MM/DD/YYYY HH24:MI:SS'), 0, TO_DATE('12/12/2006 00:09:37', 'MM/DD/YYYY HH24:MI:SS'), 0, 'Package Type', 'Defines the type of package.  XML File Local and Remote', 'Y', 50005, 50082, 'Y', 1, 'N', 160, 0, 'N', 'N', 'N', 'N', 'U');
Insert into AD_FIELD
   (AD_FIELD_ID, AD_CLIENT_ID, AD_ORG_ID, ISACTIVE, CREATED, CREATEDBY, UPDATED, UPDATEDBY, NAME, ISCENTRALLYMAINTAINED, AD_TAB_ID, AD_COLUMN_ID, ISDISPLAYED, DISPLAYLENGTH, ISREADONLY, SEQNO, SORTNO, ISSAMELINE, ISHEADING, ISFIELDONLY, ISENCRYPTED, ENTITYTYPE)
 Values
   (50085, 0, 0, 'Y', TO_DATE('12/11/2006 23:46:32', 'MM/DD/YYYY HH24:MI:SS'), 0, TO_DATE('12/12/2006 00:09:40', 'MM/DD/YYYY HH24:MI:SS'), 0, 'Export Package', 'N', 50005, 50093, 'Y', 1, 'N', 170, 0, 'Y', 'N', 'N', 'N', 'U');
Insert into AD_FIELD
   (AD_FIELD_ID, AD_CLIENT_ID, AD_ORG_ID, ISACTIVE, CREATED, CREATEDBY, UPDATED, UPDATEDBY, NAME, ISCENTRALLYMAINTAINED, AD_TAB_ID, AD_COLUMN_ID, ISDISPLAYED, DISPLAYLENGTH, ISREADONLY, SEQNO, SORTNO, ISSAMELINE, ISHEADING, ISFIELDONLY, ISENCRYPTED, ENTITYTYPE)
 Values
   (50086, 0, 0, 'Y', TO_DATE('12/11/2006 23:46:58', 'MM/DD/YYYY HH24:MI:SS'), 0, TO_DATE('12/12/2006 00:12:04', 'MM/DD/YYYY HH24:MI:SS'), 0, 'AD_Package_Exp_Detail_ID', 'N', 50006, 50100, 'N', 22, 'N', 0, 0, 'N', 'N', 'N', 'N', 'U');
Insert into AD_FIELD
   (AD_FIELD_ID, AD_CLIENT_ID, AD_ORG_ID, ISACTIVE, CREATED, CREATEDBY, UPDATED, UPDATEDBY, NAME, ISCENTRALLYMAINTAINED, AD_TAB_ID, AD_COLUMN_ID, ISDISPLAYED, DISPLAYLENGTH, ISREADONLY, SEQNO, SORTNO, ISSAMELINE, ISHEADING, ISFIELDONLY, ISENCRYPTED, ENTITYTYPE)
 Values
   (50087, 0, 0, 'Y', TO_DATE('12/11/2006 23:46:59', 'MM/DD/YYYY HH24:MI:SS'), 0, TO_DATE('12/12/2006 00:12:07', 'MM/DD/YYYY HH24:MI:SS'), 0, 'Item Name', 'N', 50006, 50127, 'N', 0, 'N', 0, 1, 'N', 'N', 'N', 'N', 'U');
Insert into AD_FIELD
   (AD_FIELD_ID, AD_CLIENT_ID, AD_ORG_ID, ISACTIVE, CREATED, CREATEDBY, UPDATED, UPDATEDBY, NAME, ISCENTRALLYMAINTAINED, AD_TAB_ID, AD_COLUMN_ID, ISDISPLAYED, DISPLAYLENGTH, ISREADONLY, SEQNO, SORTNO, ISSAMELINE, ISHEADING, ISFIELDONLY, ISENCRYPTED, ENTITYTYPE)
 Values
   (50088, 0, 0, 'Y', TO_DATE('12/11/2006 23:46:59', 'MM/DD/YYYY HH24:MI:SS'), 0, TO_DATE('12/12/2006 00:12:09', 'MM/DD/YYYY HH24:MI:SS'), 0, 'Processing', 'N', 50006, 50124, 'N', 1, 'N', 0, 0, 'N', 'N', 'N', 'N', 'U');
Insert into AD_FIELD
   (AD_FIELD_ID, AD_CLIENT_ID, AD_ORG_ID, ISACTIVE, CREATED, CREATEDBY, UPDATED, UPDATEDBY, NAME, ISCENTRALLYMAINTAINED, AD_TAB_ID, AD_COLUMN_ID, ISDISPLAYED, DISPLAYLENGTH, ISREADONLY, SEQNO, SORTNO, ISSAMELINE, ISHEADING, ISFIELDONLY, ISENCRYPTED, ENTITYTYPE)
 Values
   (50089, 0, 0, 'Y', TO_DATE('12/11/2006 23:46:59', 'MM/DD/YYYY HH24:MI:SS'), 0, TO_DATE('12/12/2006 00:12:12', 'MM/DD/YYYY HH24:MI:SS'), 0, 'IsActive', 'N', 50006, 50109, 'N', 1, 'N', 0, 0, 'N', 'N', 'N', 'N', 'U');
Insert into AD_FIELD
   (AD_FIELD_ID, AD_CLIENT_ID, AD_ORG_ID, ISACTIVE, CREATED, CREATEDBY, UPDATED, UPDATEDBY, NAME, ISCENTRALLYMAINTAINED, AD_TAB_ID, AD_COLUMN_ID, ISDISPLAYED, DISPLAYLENGTH, ISREADONLY, SEQNO, SORTNO, ISSAMELINE, ISHEADING, ISFIELDONLY, ISENCRYPTED, ENTITYTYPE)
 Values
   (50090, 0, 0, 'Y', TO_DATE('12/11/2006 23:46:59', 'MM/DD/YYYY HH24:MI:SS'), 0, TO_DATE('12/12/2006 00:12:13', 'MM/DD/YYYY HH24:MI:SS'), 0, 'Processed', 'N', 50006, 50125, 'N', 1, 'N', 0, 0, 'N', 'N', 'N', 'N', 'U');
Insert into AD_FIELD
   (AD_FIELD_ID, AD_CLIENT_ID, AD_ORG_ID, ISACTIVE, CREATED, CREATEDBY, UPDATED, UPDATEDBY, NAME, ISCENTRALLYMAINTAINED, AD_TAB_ID, AD_COLUMN_ID, ISDISPLAYED, DISPLAYLENGTH, ISREADONLY, SEQNO, SORTNO, ISSAMELINE, ISHEADING, ISFIELDONLY, ISENCRYPTED, ENTITYTYPE)
 Values
   (50091, 0, 0, 'Y', TO_DATE('12/11/2006 23:46:59', 'MM/DD/YYYY HH24:MI:SS'), 0, TO_DATE('12/12/2006 00:12:15', 'MM/DD/YYYY HH24:MI:SS'), 0, 'Package Build ID', 'N', 50006, 50132, 'N', 22, 'N', 0, 0, 'N', 'N', 'N', 'N', 'U');
Insert into AD_FIELD
   (AD_FIELD_ID, AD_CLIENT_ID, AD_ORG_ID, ISACTIVE, CREATED, CREATEDBY, UPDATED, UPDATEDBY, NAME, ISCENTRALLYMAINTAINED, AD_TAB_ID, AD_COLUMN_ID, ISDISPLAYED, DISPLAYLENGTH, ISREADONLY, SEQNO, SORTNO, ISSAMELINE, ISHEADING, ISFIELDONLY, ISENCRYPTED, ENTITYTYPE)
 Values
   (50092, 0, 0, 'Y', TO_DATE('12/11/2006 23:46:59', 'MM/DD/YYYY HH24:MI:SS'), 0, TO_DATE('12/12/2006 00:12:17', 'MM/DD/YYYY HH24:MI:SS'), 0, 'Client', 'N', 50006, 50101, 'Y', 22, 'N', 10, 0, 'N', 'N', 'N', 'N', 'U');
Insert into AD_FIELD
   (AD_FIELD_ID, AD_CLIENT_ID, AD_ORG_ID, ISACTIVE, CREATED, CREATEDBY, UPDATED, UPDATEDBY, NAME, ISCENTRALLYMAINTAINED, AD_TAB_ID, AD_COLUMN_ID, ISDISPLAYED, DISPLAYLENGTH, ISREADONLY, SEQNO, SORTNO, ISSAMELINE, ISHEADING, ISFIELDONLY, ISENCRYPTED, ENTITYTYPE)
 Values
   (50093, 0, 0, 'Y', TO_DATE('12/11/2006 23:47:00', 'MM/DD/YYYY HH24:MI:SS'), 0, TO_DATE('12/12/2006 00:12:19', 'MM/DD/YYYY HH24:MI:SS'), 0, 'Organization', 'N', 50006, 50133, 'Y', 22, 'N', 20, 0, 'Y', 'N', 'N', 'N', 'U');
Insert into AD_FIELD
   (AD_FIELD_ID, AD_CLIENT_ID, AD_ORG_ID, ISACTIVE, CREATED, CREATEDBY, UPDATED, UPDATEDBY, NAME, ISCENTRALLYMAINTAINED, AD_TAB_ID, AD_COLUMN_ID, ISDISPLAYED, DISPLAYLENGTH, ISREADONLY, SEQNO, SORTNO, ISSAMELINE, ISHEADING, ISFIELDONLY, ISENCRYPTED, ENTITYTYPE)
 Values
   (50094, 0, 0, 'Y', TO_DATE('12/11/2006 23:47:00', 'MM/DD/YYYY HH24:MI:SS'), 0, TO_DATE('12/12/2006 00:12:21', 'MM/DD/YYYY HH24:MI:SS'), 0, 'Package Name', 'N', 50006, 50126, 'Y', 60, 'Y', 30, 0, 'N', 'N', 'N', 'N', 'U');
Insert into AD_FIELD
   (AD_FIELD_ID, AD_CLIENT_ID, AD_ORG_ID, ISACTIVE, CREATED, CREATEDBY, UPDATED, UPDATEDBY, NAME, ISCENTRALLYMAINTAINED, AD_TAB_ID, AD_COLUMN_ID, ISDISPLAYED, DISPLAYLENGTH, ISREADONLY, SEQNO, SORTNO, ISSAMELINE, ISHEADING, ISFIELDONLY, ISENCRYPTED, ENTITYTYPE)
 Values
   (50095, 0, 0, 'Y', TO_DATE('12/11/2006 23:47:00', 'MM/DD/YYYY HH24:MI:SS'), 0, TO_DATE('12/12/2006 00:12:23', 'MM/DD/YYYY HH24:MI:SS'), 0, 'Line No', 'Y', 50006, 50128, 'Y', 10, 'N', 40, 1, 'N', 'N', 'N', 'N', 'U');
Insert into AD_FIELD
   (AD_FIELD_ID, AD_CLIENT_ID, AD_ORG_ID, ISACTIVE, CREATED, CREATEDBY, UPDATED, UPDATEDBY, NAME, ISCENTRALLYMAINTAINED, AD_TAB_ID, AD_COLUMN_ID, ISDISPLAYED, DISPLAYLENGTH, ISREADONLY, SEQNO, SORTNO, ISSAMELINE, ISHEADING, ISFIELDONLY, ISENCRYPTED, ENTITYTYPE)
 Values
   (50096, 0, 0, 'Y', TO_DATE('12/11/2006 23:47:00', 'MM/DD/YYYY HH24:MI:SS'), 0, TO_DATE('12/12/2006 00:12:24', 'MM/DD/YYYY HH24:MI:SS'), 0, 'Type', 'N', 50006, 50120, 'Y', 10, 'N', 50, 0, 'N', 'N', 'N', 'N', 'U');
Insert into AD_FIELD
   (AD_FIELD_ID, AD_CLIENT_ID, AD_ORG_ID, ISACTIVE, CREATED, CREATEDBY, UPDATED, UPDATEDBY, NAME, ISCENTRALLYMAINTAINED, AD_TAB_ID, AD_COLUMN_ID, ISDISPLAYED, DISPLAYLOGIC, DISPLAYLENGTH, ISREADONLY, SEQNO, SORTNO, ISSAMELINE, ISHEADING, ISFIELDONLY, ISENCRYPTED, ENTITYTYPE)
 Values
   (50097, 0, 0, 'Y', TO_DATE('12/11/2006 23:47:00', 'MM/DD/YYYY HH24:MI:SS'), 0, TO_DATE('12/12/2006 00:12:26', 'MM/DD/YYYY HH24:MI:SS'), 0, 'Menu', 'N', 50006, 50104, 'Y', '@Type@=''M''', 0, 'N', 60, 0, 'N', 'N', 'N', 'N', 'U');
Insert into AD_FIELD
   (AD_FIELD_ID, AD_CLIENT_ID, AD_ORG_ID, ISACTIVE, CREATED, CREATEDBY, UPDATED, UPDATEDBY, NAME, DESCRIPTION, ISCENTRALLYMAINTAINED, AD_TAB_ID, AD_COLUMN_ID, ISDISPLAYED, DISPLAYLOGIC, DISPLAYLENGTH, ISREADONLY, SEQNO, SORTNO, ISSAMELINE, ISHEADING, ISFIELDONLY, ISENCRYPTED, ENTITYTYPE)
 Values
   (50098, 0, 0, 'Y', TO_DATE('12/11/2006 23:47:00', 'MM/DD/YYYY HH24:MI:SS'), 0, TO_DATE('12/12/2006 00:12:27', 'MM/DD/YYYY HH24:MI:SS'), 0, 'Source File Name', 'Source file name', 'Y', 50006, 50111, 'Y', '@Type@=''C''', 255, 'N', 70, 0, 'N', 'N', 'N', 'N', 'U');
Insert into AD_FIELD
   (AD_FIELD_ID, AD_CLIENT_ID, AD_ORG_ID, ISACTIVE, CREATED, CREATEDBY, UPDATED, UPDATEDBY, NAME, DESCRIPTION, ISCENTRALLYMAINTAINED, AD_TAB_ID, AD_COLUMN_ID, ISDISPLAYED, DISPLAYLOGIC, DISPLAYLENGTH, ISREADONLY, SEQNO, SORTNO, ISSAMELINE, ISHEADING, ISFIELDONLY, ISENCRYPTED, ENTITYTYPE)
 Values
   (50099, 0, 0, 'Y', TO_DATE('12/11/2006 23:47:01', 'MM/DD/YYYY HH24:MI:SS'), 0, TO_DATE('12/12/2006 00:12:29', 'MM/DD/YYYY HH24:MI:SS'), 0, 'Source File Directory', 'Current location of source file', 'N', 50006, 50110, 'Y', '@Type@=''C''', 255, 'N', 80, 0, 'N', 'N', 'N', 'N', 'U');
Insert into AD_FIELD
   (AD_FIELD_ID, AD_CLIENT_ID, AD_ORG_ID, ISACTIVE, CREATED, CREATEDBY, UPDATED, UPDATEDBY, NAME, DESCRIPTION, ISCENTRALLYMAINTAINED, AD_TAB_ID, AD_COLUMN_ID, ISDISPLAYED, DISPLAYLOGIC, DISPLAYLENGTH, ISREADONLY, SEQNO, SORTNO, ISSAMELINE, ISHEADING, ISFIELDONLY, ISENCRYPTED, ENTITYTYPE)
 Values
   (50100, 0, 0, 'Y', TO_DATE('12/11/2006 23:47:01', 'MM/DD/YYYY HH24:MI:SS'), 0, TO_DATE('12/12/2006 00:12:30', 'MM/DD/YYYY HH24:MI:SS'), 0, 'Target Directory', 'Directory where the source file will be copied to in the package', 'Y', 50006, 50121, 'Y', '@Type@=''C''', 255, 'N', 90, 0, 'N', 'N', 'N', 'N', 'U');
Insert into AD_FIELD
   (AD_FIELD_ID, AD_CLIENT_ID, AD_ORG_ID, ISACTIVE, CREATED, CREATEDBY, UPDATED, UPDATEDBY, NAME, ISCENTRALLYMAINTAINED, AD_TAB_ID, AD_COLUMN_ID, ISDISPLAYED, DISPLAYLOGIC, DISPLAYLENGTH, ISREADONLY, SEQNO, SORTNO, ISSAMELINE, ISHEADING, ISFIELDONLY, ISENCRYPTED, ENTITYTYPE)
 Values
   (50101, 0, 0, 'Y', TO_DATE('12/11/2006 23:47:01', 'MM/DD/YYYY HH24:MI:SS'), 0, TO_DATE('12/12/2006 00:12:32', 'MM/DD/YYYY HH24:MI:SS'), 0, 'Destination File Name', 'Y', 50006, 50112, 'Y', '@Type@=''SNI''', 255, 'N', 100, 0, 'N', 'N', 'N', 'N', 'U');
Insert into AD_FIELD
   (AD_FIELD_ID, AD_CLIENT_ID, AD_ORG_ID, ISACTIVE, CREATED, CREATEDBY, UPDATED, UPDATEDBY, NAME, ISCENTRALLYMAINTAINED, AD_TAB_ID, AD_COLUMN_ID, ISDISPLAYED, DISPLAYLOGIC, DISPLAYLENGTH, ISREADONLY, SEQNO, SORTNO, ISSAMELINE, ISHEADING, ISFIELDONLY, ISENCRYPTED, ENTITYTYPE)
 Values
   (50102, 0, 0, 'Y', TO_DATE('12/11/2006 23:47:01', 'MM/DD/YYYY HH24:MI:SS'), 0, TO_DATE('12/12/2006 00:12:34', 'MM/DD/YYYY HH24:MI:SS'), 0, 'Destination Directory', 'Y', 50006, 50113, 'Y', '@Type@=''C''|@Type@=''SNI''', 255, 'N', 110, 0, 'N', 'N', 'N', 'N', 'U');
Insert into AD_FIELD
   (AD_FIELD_ID, AD_CLIENT_ID, AD_ORG_ID, ISACTIVE, CREATED, CREATEDBY, UPDATED, UPDATEDBY, NAME, ISCENTRALLYMAINTAINED, AD_TAB_ID, AD_COLUMN_ID, ISDISPLAYED, DISPLAYLOGIC, DISPLAYLENGTH, ISREADONLY, SEQNO, SORTNO, ISSAMELINE, ISHEADING, ISFIELDONLY, ISENCRYPTED, ENTITYTYPE)
 Values
   (50103, 0, 0, 'Y', TO_DATE('12/11/2006 23:47:01', 'MM/DD/YYYY HH24:MI:SS'), 0, TO_DATE('12/12/2006 00:12:35', 'MM/DD/YYYY HH24:MI:SS'), 0, 'Table', 'N', 50006, 50130, 'Y', '@Type@=''T''|@Type@=''D''', 22, 'N', 120, 0, 'N', 'N', 'N', 'N', 'U');
Insert into AD_FIELD
   (AD_FIELD_ID, AD_CLIENT_ID, AD_ORG_ID, ISACTIVE, CREATED, CREATEDBY, UPDATED, UPDATEDBY, NAME, DESCRIPTION, HELP, ISCENTRALLYMAINTAINED, AD_TAB_ID, AD_COLUMN_ID, ISDISPLAYED, DISPLAYLOGIC, DISPLAYLENGTH, ISREADONLY, SEQNO, SORTNO, ISSAMELINE, ISHEADING, ISFIELDONLY, ISENCRYPTED, ENTITYTYPE)
 Values
   (50104, 0, 0, 'Y', TO_DATE('12/11/2006 23:47:01', 'MM/DD/YYYY HH24:MI:SS'), 0, TO_DATE('12/12/2006 00:12:37', 'MM/DD/YYYY HH24:MI:SS'), 0, 'DBType', 'Indicates type of database', 'Indicates the type of database used that the SQL command is for.', 'Y', 50006, 50115, 'Y', '@Type@=''SQL''', 22, 'N', 130, 0, 'N', 'N', 'N', 'N', 'U');
Insert into AD_FIELD
   (AD_FIELD_ID, AD_CLIENT_ID, AD_ORG_ID, ISACTIVE, CREATED, CREATEDBY, UPDATED, UPDATEDBY, NAME, ISCENTRALLYMAINTAINED, AD_TAB_ID, AD_COLUMN_ID, ISDISPLAYED, DISPLAYLOGIC, DISPLAYLENGTH, ISREADONLY, SEQNO, SORTNO, ISSAMELINE, ISHEADING, ISFIELDONLY, ISENCRYPTED, ENTITYTYPE)
 Values
   (50105, 0, 0, 'Y', TO_DATE('12/11/2006 23:47:02', 'MM/DD/YYYY HH24:MI:SS'), 0, TO_DATE('12/12/2006 00:12:40', 'MM/DD/YYYY HH24:MI:SS'), 0, 'SQLStatement', 'Y', 50006, 50122, 'Y', '@Type@=''D''|Type@=''SQL''', 255, 'N', 140, 0, 'N', 'N', 'N', 'N', 'U');
Insert into AD_FIELD
   (AD_FIELD_ID, AD_CLIENT_ID, AD_ORG_ID, ISACTIVE, CREATED, CREATEDBY, UPDATED, UPDATEDBY, NAME, DESCRIPTION, ISCENTRALLYMAINTAINED, AD_TAB_ID, AD_COLUMN_ID, ISDISPLAYED, DISPLAYLOGIC, DISPLAYLENGTH, ISREADONLY, SEQNO, SORTNO, ISSAMELINE, ISHEADING, ISFIELDONLY, ISENCRYPTED, ENTITYTYPE)
 Values
   (50106, 0, 0, 'Y', TO_DATE('12/11/2006 23:47:02', 'MM/DD/YYYY HH24:MI:SS'), 0, TO_DATE('12/12/2006 00:12:42', 'MM/DD/YYYY HH24:MI:SS'), 0, 'Old Code', 'Code to replace', 'Y', 50006, 50135, 'Y', '@Type@=''SNI''', 2000, 'N', 150, 0, 'N', 'N', 'N', 'N', 'U');
Insert into AD_FIELD
   (AD_FIELD_ID, AD_CLIENT_ID, AD_ORG_ID, ISACTIVE, CREATED, CREATEDBY, UPDATED, UPDATEDBY, NAME, DESCRIPTION, ISCENTRALLYMAINTAINED, AD_TAB_ID, AD_COLUMN_ID, ISDISPLAYED, DISPLAYLOGIC, DISPLAYLENGTH, ISREADONLY, SEQNO, SORTNO, ISSAMELINE, ISHEADING, ISFIELDONLY, ISENCRYPTED, ENTITYTYPE)
 Values
   (50107, 0, 0, 'Y', TO_DATE('12/11/2006 23:47:02', 'MM/DD/YYYY HH24:MI:SS'), 0, TO_DATE('12/12/2006 00:12:43', 'MM/DD/YYYY HH24:MI:SS'), 0, 'New Code', 'Code to replace old code', 'Y', 50006, 50134, 'Y', '@Type@=''SNI''', 2000, 'N', 160, 0, 'N', 'N', 'N', 'N', 'U');
Insert into AD_FIELD
   (AD_FIELD_ID, AD_CLIENT_ID, AD_ORG_ID, ISACTIVE, CREATED, CREATEDBY, UPDATED, UPDATEDBY, NAME, ISCENTRALLYMAINTAINED, AD_TAB_ID, AD_COLUMN_ID, ISDISPLAYED, DISPLAYLOGIC, DISPLAYLENGTH, ISREADONLY, SEQNO, SORTNO, ISSAMELINE, ISHEADING, ISFIELDONLY, ISENCRYPTED, ENTITYTYPE)
 Values
   (50108, 0, 0, 'Y', TO_DATE('12/11/2006 23:47:02', 'MM/DD/YYYY HH24:MI:SS'), 0, TO_DATE('12/12/2006 00:12:45', 'MM/DD/YYYY HH24:MI:SS'), 0, 'Form', 'N', 50006, 50102, 'Y', '@Type@=''X''', 22, 'N', 170, 0, 'N', 'N', 'N', 'N', 'U');
Insert into AD_FIELD
   (AD_FIELD_ID, AD_CLIENT_ID, AD_ORG_ID, ISACTIVE, CREATED, CREATEDBY, UPDATED, UPDATEDBY, NAME, ISCENTRALLYMAINTAINED, AD_TAB_ID, AD_COLUMN_ID, ISDISPLAYED, DISPLAYLOGIC, DISPLAYLENGTH, ISREADONLY, SEQNO, SORTNO, ISSAMELINE, ISHEADING, ISFIELDONLY, ISENCRYPTED, ENTITYTYPE)
 Values
   (50109, 0, 0, 'Y', TO_DATE('12/11/2006 23:47:02', 'MM/DD/YYYY HH24:MI:SS'), 0, TO_DATE('12/12/2006 00:12:46', 'MM/DD/YYYY HH24:MI:SS'), 0, 'Process', 'N', 50006, 50105, 'Y', '@Type@=''P''', 22, 'N', 180, 0, 'N', 'N', 'N', 'N', 'U');
Insert into AD_FIELD
   (AD_FIELD_ID, AD_CLIENT_ID, AD_ORG_ID, ISACTIVE, CREATED, CREATEDBY, UPDATED, UPDATEDBY, NAME, ISCENTRALLYMAINTAINED, AD_TAB_ID, AD_COLUMN_ID, ISDISPLAYED, DISPLAYLOGIC, DISPLAYLENGTH, ISREADONLY, SEQNO, SORTNO, ISSAMELINE, ISHEADING, ISFIELDONLY, ISENCRYPTED, ENTITYTYPE)
 Values
   (50110, 0, 0, 'Y', TO_DATE('12/11/2006 23:47:02', 'MM/DD/YYYY HH24:MI:SS'), 0, TO_DATE('12/12/2006 00:12:48', 'MM/DD/YYYY HH24:MI:SS'), 0, 'Workflow', 'N', 50006, 50108, 'Y', '@Type@=''F''', 22, 'N', 190, 0, 'N', 'N', 'N', 'N', 'U');
Insert into AD_FIELD
   (AD_FIELD_ID, AD_CLIENT_ID, AD_ORG_ID, ISACTIVE, CREATED, CREATEDBY, UPDATED, UPDATEDBY, NAME, ISCENTRALLYMAINTAINED, AD_TAB_ID, AD_COLUMN_ID, ISDISPLAYED, DISPLAYLOGIC, DISPLAYLENGTH, ISREADONLY, SEQNO, SORTNO, ISSAMELINE, ISHEADING, ISFIELDONLY, ISENCRYPTED, ENTITYTYPE)
 Values
   (50111, 0, 0, 'Y', TO_DATE('12/11/2006 23:47:03', 'MM/DD/YYYY HH24:MI:SS'), 0, TO_DATE('12/12/2006 00:12:50', 'MM/DD/YYYY HH24:MI:SS'), 0, 'Window', 'Y', 50006, 50107, 'Y', '@Type@=''W''', 0, 'N', 200, 0, 'N', 'N', 'N', 'N', 'U');
Insert into AD_FIELD
   (AD_FIELD_ID, AD_CLIENT_ID, AD_ORG_ID, ISACTIVE, CREATED, CREATEDBY, UPDATED, UPDATEDBY, NAME, ISCENTRALLYMAINTAINED, AD_TAB_ID, AD_COLUMN_ID, ISDISPLAYED, DISPLAYLOGIC, DISPLAYLENGTH, ISREADONLY, SEQNO, SORTNO, ISSAMELINE, ISHEADING, ISFIELDONLY, ISENCRYPTED, ENTITYTYPE)
 Values
   (50112, 0, 0, 'Y', TO_DATE('12/11/2006 23:47:03', 'MM/DD/YYYY HH24:MI:SS'), 0, TO_DATE('12/12/2006 00:12:52', 'MM/DD/YYYY HH24:MI:SS'), 0, 'Workbench', 'N', 50006, 50129, 'Y', '@Type@=''B''', 22, 'N', 210, 0, 'N', 'N', 'N', 'N', 'U');
Insert into AD_FIELD
   (AD_FIELD_ID, AD_CLIENT_ID, AD_ORG_ID, ISACTIVE, CREATED, CREATEDBY, UPDATED, UPDATEDBY, NAME, DESCRIPTION, ISCENTRALLYMAINTAINED, AD_TAB_ID, AD_COLUMN_ID, ISDISPLAYED, DISPLAYLOGIC, DISPLAYLENGTH, ISREADONLY, SEQNO, SORTNO, ISSAMELINE, ISHEADING, ISFIELDONLY, ISENCRYPTED, ENTITYTYPE)
 Values
   (50113, 0, 0, 'Y', TO_DATE('12/11/2006 23:47:03', 'MM/DD/YYYY HH24:MI:SS'), 0, TO_DATE('12/12/2006 00:12:54', 'MM/DD/YYYY HH24:MI:SS'), 0, 'Role', 'Role', 'Y', 50006, 50106, 'Y', '@Type@=''S''', 22, 'N', 220, 0, 'N', 'N', 'N', 'N', 'U');
Insert into AD_FIELD
   (AD_FIELD_ID, AD_CLIENT_ID, AD_ORG_ID, ISACTIVE, CREATED, CREATEDBY, UPDATED, UPDATEDBY, NAME, DESCRIPTION, ISCENTRALLYMAINTAINED, AD_TAB_ID, AD_COLUMN_ID, ISDISPLAYED, DISPLAYLOGIC, DISPLAYLENGTH, ISREADONLY, SEQNO, SORTNO, ISSAMELINE, ISHEADING, ISFIELDONLY, ISENCRYPTED, ENTITYTYPE)
 Values
   (50114, 0, 0, 'Y', TO_DATE('12/11/2006 23:47:03', 'MM/DD/YYYY HH24:MI:SS'), 0, TO_DATE('12/12/2006 00:12:56', 'MM/DD/YYYY HH24:MI:SS'), 0, 'ReportView', 'Contain the Report View ID', 'Y', 50006, 50131, 'Y', '@Type@=''R''', 22, 'N', 230, 0, 'N', 'N', 'N', 'N', 'U');
Insert into AD_FIELD
   (AD_FIELD_ID, AD_CLIENT_ID, AD_ORG_ID, ISACTIVE, CREATED, CREATEDBY, UPDATED, UPDATEDBY, NAME, DESCRIPTION, HELP, ISCENTRALLYMAINTAINED, AD_TAB_ID, AD_COLUMN_ID, ISDISPLAYED, DISPLAYLOGIC, DISPLAYLENGTH, ISREADONLY, SEQNO, SORTNO, ISSAMELINE, ISHEADING, ISFIELDONLY, ISENCRYPTED, ENTITYTYPE)
 Values
   (50115, 0, 0, 'Y', TO_DATE('12/11/2006 23:47:03', 'MM/DD/YYYY HH24:MI:SS'), 0, TO_DATE('12/12/2006 00:12:58', 'MM/DD/YYYY HH24:MI:SS'), 0, 'Import Format', 'AD_ImpFormat_ID', 'Contains the Impformat ID', 'Y', 50006, 50103, 'Y', '@Type@=''IMP''', 22, 'N', 240, 0, 'N', 'N', 'N', 'N', 'U');
Insert into AD_FIELD
   (AD_FIELD_ID, AD_CLIENT_ID, AD_ORG_ID, ISACTIVE, CREATED, CREATEDBY, UPDATED, UPDATEDBY, NAME, ISCENTRALLYMAINTAINED, AD_TAB_ID, AD_COLUMN_ID, ISDISPLAYED, DISPLAYLOGIC, DISPLAYLENGTH, ISREADONLY, SEQNO, SORTNO, ISSAMELINE, ISHEADING, ISFIELDONLY, ISENCRYPTED, ENTITYTYPE)
 Values
   (50116, 0, 0, 'Y', TO_DATE('12/11/2006 23:47:03', 'MM/DD/YYYY HH24:MI:SS'), 0, TO_DATE('12/12/2006 00:12:59', 'MM/DD/YYYY HH24:MI:SS'), 0, 'ReleaseNo', 'Y', 50006, 50123, 'Y', '@Type@=''C'' | @Type@=''SNI''', 10, 'N', 250, 0, 'N', 'N', 'N', 'N', 'U');
Insert into AD_FIELD
   (AD_FIELD_ID, AD_CLIENT_ID, AD_ORG_ID, ISACTIVE, CREATED, CREATEDBY, UPDATED, UPDATEDBY, NAME, ISCENTRALLYMAINTAINED, AD_TAB_ID, AD_COLUMN_ID, ISDISPLAYED, DISPLAYLENGTH, ISREADONLY, SEQNO, SORTNO, ISSAMELINE, ISHEADING, ISFIELDONLY, ISENCRYPTED, ENTITYTYPE)
 Values
   (50117, 0, 0, 'Y', TO_DATE('12/11/2006 23:47:04', 'MM/DD/YYYY HH24:MI:SS'), 0, TO_DATE('12/12/2006 00:13:01', 'MM/DD/YYYY HH24:MI:SS'), 0, 'Notes', 'N', 50006, 50114, 'Y', 1000, 'N', 260, 0, 'N', 'N', 'N', 'N', 'U');
Insert into AD_FIELD
   (AD_FIELD_ID, AD_CLIENT_ID, AD_ORG_ID, ISACTIVE, CREATED, CREATEDBY, UPDATED, UPDATEDBY, NAME, ISCENTRALLYMAINTAINED, AD_TAB_ID, AD_COLUMN_ID, ISDISPLAYED, DISPLAYLENGTH, ISREADONLY, SEQNO, SORTNO, ISSAMELINE, ISHEADING, ISFIELDONLY, ISENCRYPTED, ENTITYTYPE)
 Values
   (50118, 0, 0, 'Y', TO_DATE('12/11/2006 23:47:36', 'MM/DD/YYYY HH24:MI:SS'), 0, TO_DATE('12/12/2006 00:14:57', 'MM/DD/YYYY HH24:MI:SS'), 0, 'AD_Package_Exp_Common_ID', 'Y', 50007, 50136, 'N', 10, 'N', 0, 0, 'N', 'N', 'N', 'N', 'U');
Insert into AD_FIELD
   (AD_FIELD_ID, AD_CLIENT_ID, AD_ORG_ID, ISACTIVE, CREATED, CREATEDBY, UPDATED, UPDATEDBY, NAME, DESCRIPTION, HELP, ISCENTRALLYMAINTAINED, AD_TAB_ID, AD_COLUMN_ID, ISDISPLAYED, DISPLAYLENGTH, ISREADONLY, SEQNO, SORTNO, ISSAMELINE, ISHEADING, ISFIELDONLY, ISENCRYPTED, ENTITYTYPE)
 Values
   (50119, 0, 0, 'Y', TO_DATE('12/11/2006 23:47:36', 'MM/DD/YYYY HH24:MI:SS'), 0, TO_DATE('12/12/2006 00:14:59', 'MM/DD/YYYY HH24:MI:SS'), 0, 'Active', 'The record is active in the system', 'There are two methods of making records unavailable in the system: One is to delete the record the other is to de-activate the record. A de-activated record is not available for selection but available for reports.
There are two reasons for de-activating and not deleting records:
(1) The system requires the record for audit purposes.
(2) The record is referenced by other records. E.g. you cannot delete a Business Partner if there are invoices for this partner record existing. You de-activate the Business Partner and prevent that this record is used for future entries.', 'Y', 50007, 50149, 'N', 1, 'N', 0, 0, 'N', 'N', 'N', 'N', 'U');
Insert into AD_FIELD
   (AD_FIELD_ID, AD_CLIENT_ID, AD_ORG_ID, ISACTIVE, CREATED, CREATEDBY, UPDATED, UPDATEDBY, NAME, ISCENTRALLYMAINTAINED, AD_TAB_ID, AD_COLUMN_ID, ISDISPLAYED, DISPLAYLENGTH, ISREADONLY, SEQNO, SORTNO, ISSAMELINE, ISHEADING, ISFIELDONLY, ISENCRYPTED, ENTITYTYPE)
 Values
   (50120, 0, 0, 'Y', TO_DATE('12/11/2006 23:47:36', 'MM/DD/YYYY HH24:MI:SS'), 0, TO_DATE('12/12/2006 00:15:01', 'MM/DD/YYYY HH24:MI:SS'), 0, 'PK_Name', 'Y', 50007, 50146, 'N', 60, 'N', 0, 0, 'N', 'N', 'N', 'N', 'U');
Insert into AD_FIELD
   (AD_FIELD_ID, AD_CLIENT_ID, AD_ORG_ID, ISACTIVE, CREATED, CREATEDBY, UPDATED, UPDATEDBY, NAME, DESCRIPTION, ISCENTRALLYMAINTAINED, AD_TAB_ID, AD_COLUMN_ID, ISDISPLAYED, DISPLAYLENGTH, ISREADONLY, SEQNO, SORTNO, ISSAMELINE, ISHEADING, ISFIELDONLY, ISENCRYPTED, ENTITYTYPE)
 Values
   (50121, 0, 0, 'Y', TO_DATE('12/11/2006 23:47:37', 'MM/DD/YYYY HH24:MI:SS'), 0, TO_DATE('12/12/2006 00:15:04', 'MM/DD/YYYY HH24:MI:SS'), 0, 'Name 2', 'Additional Name', 'Y', 50007, 50147, 'N', 60, 'N', 0, 0, 'N', 'N', 'N', 'N', 'U');
Insert into AD_FIELD
   (AD_FIELD_ID, AD_CLIENT_ID, AD_ORG_ID, ISACTIVE, CREATED, CREATEDBY, UPDATED, UPDATEDBY, NAME, ISCENTRALLYMAINTAINED, AD_TAB_ID, AD_COLUMN_ID, ISDISPLAYED, DISPLAYLENGTH, ISREADONLY, SEQNO, SORTNO, ISSAMELINE, ISHEADING, ISFIELDONLY, ISENCRYPTED, ENTITYTYPE)
 Values
   (50122, 0, 0, 'Y', TO_DATE('12/11/2006 23:47:37', 'MM/DD/YYYY HH24:MI:SS'), 0, TO_DATE('12/12/2006 00:15:06', 'MM/DD/YYYY HH24:MI:SS'), 0, 'Process Now', 'Y', 50007, 50159, 'N', 1, 'N', 0, 0, 'N', 'N', 'N', 'N', 'U');
Insert into AD_FIELD
   (AD_FIELD_ID, AD_CLIENT_ID, AD_ORG_ID, ISACTIVE, CREATED, CREATEDBY, UPDATED, UPDATEDBY, NAME, DESCRIPTION, HELP, ISCENTRALLYMAINTAINED, AD_TAB_ID, AD_COLUMN_ID, ISDISPLAYED, DISPLAYLENGTH, ISREADONLY, SEQNO, SORTNO, ISSAMELINE, ISHEADING, ISFIELDONLY, ISENCRYPTED, ENTITYTYPE)
 Values
   (50123, 0, 0, 'Y', TO_DATE('12/11/2006 23:47:37', 'MM/DD/YYYY HH24:MI:SS'), 0, TO_DATE('12/12/2006 00:15:08', 'MM/DD/YYYY HH24:MI:SS'), 0, 'Processed', 'The document has been processed', 'The Processed checkbox indicates that a document has been processed.', 'Y', 50007, 50145, 'N', 1, 'N', 0, 0, 'N', 'N', 'N', 'N', 'U');
Insert into AD_FIELD
   (AD_FIELD_ID, AD_CLIENT_ID, AD_ORG_ID, ISACTIVE, CREATED, CREATEDBY, UPDATED, UPDATEDBY, NAME, DESCRIPTION, HELP, ISCENTRALLYMAINTAINED, AD_TAB_ID, AD_COLUMN_ID, ISDISPLAYED, DISPLAYLENGTH, ISREADONLY, SEQNO, SORTNO, ISSAMELINE, ISHEADING, ISFIELDONLY, ISENCRYPTED, ENTITYTYPE)
 Values
   (50124, 0, 0, 'Y', TO_DATE('12/11/2006 23:47:37', 'MM/DD/YYYY HH24:MI:SS'), 0, TO_DATE('12/12/2006 00:15:11', 'MM/DD/YYYY HH24:MI:SS'), 0, 'Client', 'Client/Tenant for this installation.', 'A Client is a company or a legal entity. You cannot share data between Clients. Tenant is a synonym for Client.', 'Y', 50007, 50137, 'Y', 10, 'N', 10, 0, 'N', 'N', 'N', 'N', 'U');
Insert into AD_FIELD
   (AD_FIELD_ID, AD_CLIENT_ID, AD_ORG_ID, ISACTIVE, CREATED, CREATEDBY, UPDATED, UPDATEDBY, NAME, DESCRIPTION, HELP, ISCENTRALLYMAINTAINED, AD_TAB_ID, AD_COLUMN_ID, ISDISPLAYED, DISPLAYLENGTH, ISREADONLY, SEQNO, SORTNO, ISSAMELINE, ISHEADING, ISFIELDONLY, ISENCRYPTED, ENTITYTYPE)
 Values
   (50125, 0, 0, 'Y', TO_DATE('12/11/2006 23:47:37', 'MM/DD/YYYY HH24:MI:SS'), 0, TO_DATE('12/12/2006 00:15:14', 'MM/DD/YYYY HH24:MI:SS'), 0, 'Organization', 'Organizational entity within client', 'An organization is a unit of your client or legal entity - examples are store department. You can share data between organizations.', 'Y', 50007, 50166, 'Y', 10, 'N', 20, 0, 'Y', 'N', 'N', 'N', 'U');
Insert into AD_FIELD
   (AD_FIELD_ID, AD_CLIENT_ID, AD_ORG_ID, ISACTIVE, CREATED, CREATEDBY, UPDATED, UPDATEDBY, NAME, DESCRIPTION, HELP, ISCENTRALLYMAINTAINED, AD_TAB_ID, AD_COLUMN_ID, ISDISPLAYED, DISPLAYLENGTH, ISREADONLY, SEQNO, SORTNO, ISSAMELINE, ISHEADING, ISFIELDONLY, ISENCRYPTED, ENTITYTYPE)
 Values
   (50126, 0, 0, 'Y', TO_DATE('12/11/2006 23:47:37', 'MM/DD/YYYY HH24:MI:SS'), 0, TO_DATE('12/12/2006 00:15:17', 'MM/DD/YYYY HH24:MI:SS'), 0, 'Line No', 'Unique line for this document', 'Indicates the unique line for a document.  It will also control the display order of the lines within a document.', 'Y', 50007, 50148, 'Y', 22, 'N', 30, 0, 'N', 'N', 'N', 'N', 'U');
Insert into AD_FIELD
   (AD_FIELD_ID, AD_CLIENT_ID, AD_ORG_ID, ISACTIVE, CREATED, CREATEDBY, UPDATED, UPDATEDBY, NAME, DESCRIPTION, HELP, ISCENTRALLYMAINTAINED, AD_TAB_ID, AD_COLUMN_ID, ISDISPLAYED, DISPLAYLENGTH, ISREADONLY, SEQNO, SORTNO, ISSAMELINE, ISHEADING, ISFIELDONLY, ISENCRYPTED, ENTITYTYPE)
 Values
   (50127, 0, 0, 'Y', TO_DATE('12/11/2006 23:47:38', 'MM/DD/YYYY HH24:MI:SS'), 0, TO_DATE('12/12/2006 00:15:19', 'MM/DD/YYYY HH24:MI:SS'), 0, 'Type', 'Type of Validation (SQL Java Script Java Language)', 'The Type indicates the type of validation that will occur.  This can be SQL Java Script or Java Language.', 'Y', 50007, 50156, 'Y', 10, 'N', 40, 0, 'N', 'N', 'N', 'N', 'U');
Insert into AD_FIELD
   (AD_FIELD_ID, AD_CLIENT_ID, AD_ORG_ID, ISACTIVE, CREATED, CREATEDBY, UPDATED, UPDATEDBY, NAME, DESCRIPTION, HELP, ISCENTRALLYMAINTAINED, AD_TAB_ID, AD_COLUMN_ID, ISDISPLAYED, DISPLAYLOGIC, DISPLAYLENGTH, ISREADONLY, SEQNO, SORTNO, ISSAMELINE, ISHEADING, ISFIELDONLY, ISENCRYPTED, ENTITYTYPE)
 Values
   (50128, 0, 0, 'Y', TO_DATE('12/11/2006 23:47:38', 'MM/DD/YYYY HH24:MI:SS'), 0, TO_DATE('12/12/2006 00:15:22', 'MM/DD/YYYY HH24:MI:SS'), 0, 'Menu', 'Identifies a Menu', 'The Menu identifies a unique Menu.  Menus are used to control the display of those screens a user has access to.', 'Y', 50007, 50165, 'Y', '@Type@=''M''', 10, 'N', 50, 0, 'N', 'N', 'N', 'N', 'U');
Insert into AD_FIELD
   (AD_FIELD_ID, AD_CLIENT_ID, AD_ORG_ID, ISACTIVE, CREATED, CREATEDBY, UPDATED, UPDATEDBY, NAME, DESCRIPTION, HELP, ISCENTRALLYMAINTAINED, AD_TAB_ID, AD_COLUMN_ID, ISDISPLAYED, DISPLAYLOGIC, DISPLAYLENGTH, ISREADONLY, SEQNO, SORTNO, ISSAMELINE, ISHEADING, ISFIELDONLY, ISENCRYPTED, ENTITYTYPE)
 Values
   (50129, 0, 0, 'Y', TO_DATE('12/11/2006 23:47:38', 'MM/DD/YYYY HH24:MI:SS'), 0, TO_DATE('12/12/2006 00:15:24', 'MM/DD/YYYY HH24:MI:SS'), 0, 'File Name', 'Name of the local file or URL', 'Name of a file in the local directory space - or URL (file://.. http://.. ftp://..)', 'Y', 50007, 50151, 'Y', '@Type@=''C''', 255, 'N', 60, 0, 'N', 'N', 'N', 'N', 'U');
Insert into AD_FIELD
   (AD_FIELD_ID, AD_CLIENT_ID, AD_ORG_ID, ISACTIVE, CREATED, CREATEDBY, UPDATED, UPDATEDBY, NAME, ISCENTRALLYMAINTAINED, AD_TAB_ID, AD_COLUMN_ID, ISDISPLAYED, DISPLAYLOGIC, DISPLAYLENGTH, ISREADONLY, SEQNO, SORTNO, ISSAMELINE, ISHEADING, ISFIELDONLY, ISENCRYPTED, ENTITYTYPE)
 Values
   (50130, 0, 0, 'Y', TO_DATE('12/11/2006 23:47:38', 'MM/DD/YYYY HH24:MI:SS'), 0, TO_DATE('12/12/2006 00:15:26', 'MM/DD/YYYY HH24:MI:SS'), 0, 'File Directory', 'Y', 50007, 50150, 'Y', '@Type@=''C''', 255, 'N', 70, 0, 'N', 'N', 'N', 'N', 'U');
Insert into AD_FIELD
   (AD_FIELD_ID, AD_CLIENT_ID, AD_ORG_ID, ISACTIVE, CREATED, CREATEDBY, UPDATED, UPDATEDBY, NAME, ISCENTRALLYMAINTAINED, AD_TAB_ID, AD_COLUMN_ID, ISDISPLAYED, DISPLAYLOGIC, DISPLAYLENGTH, ISREADONLY, SEQNO, SORTNO, ISSAMELINE, ISHEADING, ISFIELDONLY, ISENCRYPTED, ENTITYTYPE)
 Values
   (50131, 0, 0, 'Y', TO_DATE('12/11/2006 23:47:38', 'MM/DD/YYYY HH24:MI:SS'), 0, TO_DATE('12/12/2006 00:15:28', 'MM/DD/YYYY HH24:MI:SS'), 0, 'Target Directory', 'Y', 50007, 50157, 'Y', '@Type@=''C''', 255, 'N', 80, 0, 'N', 'N', 'N', 'N', 'U');
Insert into AD_FIELD
   (AD_FIELD_ID, AD_CLIENT_ID, AD_ORG_ID, ISACTIVE, CREATED, CREATEDBY, UPDATED, UPDATEDBY, NAME, ISCENTRALLYMAINTAINED, AD_TAB_ID, AD_COLUMN_ID, ISDISPLAYED, DISPLAYLOGIC, DISPLAYLENGTH, ISREADONLY, SEQNO, SORTNO, ISSAMELINE, ISHEADING, ISFIELDONLY, ISENCRYPTED, ENTITYTYPE)
 Values
   (50132, 0, 0, 'Y', TO_DATE('12/11/2006 23:47:39', 'MM/DD/YYYY HH24:MI:SS'), 0, TO_DATE('12/12/2006 00:15:32', 'MM/DD/YYYY HH24:MI:SS'), 0, 'Destination Directory', 'Y', 50007, 50152, 'Y', '@Type@=''C''', 255, 'N', 90, 0, 'N', 'N', 'N', 'N', 'U');
Insert into AD_FIELD
   (AD_FIELD_ID, AD_CLIENT_ID, AD_ORG_ID, ISACTIVE, CREATED, CREATEDBY, UPDATED, UPDATEDBY, NAME, DESCRIPTION, HELP, ISCENTRALLYMAINTAINED, AD_TAB_ID, AD_COLUMN_ID, ISDISPLAYED, DISPLAYLOGIC, DISPLAYLENGTH, ISREADONLY, SEQNO, SORTNO, ISSAMELINE, ISHEADING, ISFIELDONLY, ISENCRYPTED, ENTITYTYPE)
 Values
   (50133, 0, 0, 'Y', TO_DATE('12/11/2006 23:47:39', 'MM/DD/YYYY HH24:MI:SS'), 0, TO_DATE('12/12/2006 00:15:34', 'MM/DD/YYYY HH24:MI:SS'), 0, 'Table', 'Table for the Fields', 'The Table indicates the table in which a field or fields reside.', 'Y', 50007, 50141, 'Y', '@Type@=''T''|@Type@=''D''', 10, 'N', 100, 0, 'N', 'N', 'N', 'N', 'U');
Insert into AD_FIELD
   (AD_FIELD_ID, AD_CLIENT_ID, AD_ORG_ID, ISACTIVE, CREATED, CREATEDBY, UPDATED, UPDATEDBY, NAME, DESCRIPTION, HELP, ISCENTRALLYMAINTAINED, AD_TAB_ID, AD_COLUMN_ID, ISDISPLAYED, DISPLAYLENGTH, ISREADONLY, SEQNO, SORTNO, ISSAMELINE, ISHEADING, ISFIELDONLY, ISENCRYPTED, ENTITYTYPE)
 Values
   (50134, 0, 0, 'Y', TO_DATE('12/11/2006 23:47:39', 'MM/DD/YYYY HH24:MI:SS'), 0, TO_DATE('12/12/2006 00:15:36', 'MM/DD/YYYY HH24:MI:SS'), 0, 'DBType', 'Indicates the type of database.', 'This field indicates the type of database.', 'Y', 50007, 50144, 'Y', 22, 'N', 110, 0, 'N', 'N', 'N', 'N', 'U');
Insert into AD_FIELD
   (AD_FIELD_ID, AD_CLIENT_ID, AD_ORG_ID, ISACTIVE, CREATED, CREATEDBY, UPDATED, UPDATEDBY, NAME, ISCENTRALLYMAINTAINED, AD_TAB_ID, AD_COLUMN_ID, ISDISPLAYED, DISPLAYLOGIC, DISPLAYLENGTH, ISREADONLY, SEQNO, SORTNO, ISSAMELINE, ISHEADING, ISFIELDONLY, ISENCRYPTED, ENTITYTYPE)
 Values
   (50135, 0, 0, 'Y', TO_DATE('12/11/2006 23:47:39', 'MM/DD/YYYY HH24:MI:SS'), 0, TO_DATE('12/12/2006 00:15:38', 'MM/DD/YYYY HH24:MI:SS'), 0, 'SQLStatement', 'Y', 50007, 50158, 'Y', '@Type@=''D''|Type@=''SQL''', 255, 'N', 120, 0, 'N', 'N', 'N', 'N', 'U');
Insert into AD_FIELD
   (AD_FIELD_ID, AD_CLIENT_ID, AD_ORG_ID, ISACTIVE, CREATED, CREATEDBY, UPDATED, UPDATEDBY, NAME, DESCRIPTION, HELP, ISCENTRALLYMAINTAINED, AD_TAB_ID, AD_COLUMN_ID, ISDISPLAYED, DISPLAYLOGIC, DISPLAYLENGTH, ISREADONLY, SEQNO, SORTNO, ISSAMELINE, ISHEADING, ISFIELDONLY, ISENCRYPTED, ENTITYTYPE)
 Values
   (50136, 0, 0, 'Y', TO_DATE('12/11/2006 23:47:39', 'MM/DD/YYYY HH24:MI:SS'), 0, TO_DATE('12/12/2006 00:15:40', 'MM/DD/YYYY HH24:MI:SS'), 0, 'Special Form', 'Special Form', 'The Special Form field identifies a unique Special Form in the system.', 'Y', 50007, 50138, 'Y', '@Type@=''X''', 10, 'N', 130, 0, 'N', 'N', 'N', 'N', 'U');
Insert into AD_FIELD
   (AD_FIELD_ID, AD_CLIENT_ID, AD_ORG_ID, ISACTIVE, CREATED, CREATEDBY, UPDATED, UPDATEDBY, NAME, DESCRIPTION, HELP, ISCENTRALLYMAINTAINED, AD_TAB_ID, AD_COLUMN_ID, ISDISPLAYED, DISPLAYLOGIC, DISPLAYLENGTH, ISREADONLY, SEQNO, SORTNO, ISSAMELINE, ISHEADING, ISFIELDONLY, ISENCRYPTED, ENTITYTYPE)
 Values
   (50137, 0, 0, 'Y', TO_DATE('12/11/2006 23:47:39', 'MM/DD/YYYY HH24:MI:SS'), 0, TO_DATE('12/12/2006 00:15:42', 'MM/DD/YYYY HH24:MI:SS'), 0, 'Process', 'Process or Report', 'The Process field identifies a unique Process or Report in the system.', 'Y', 50007, 50164, 'Y', '@Type@=''P''', 10, 'N', 140, 0, 'N', 'N', 'N', 'N', 'U');
Insert into AD_FIELD
   (AD_FIELD_ID, AD_CLIENT_ID, AD_ORG_ID, ISACTIVE, CREATED, CREATEDBY, UPDATED, UPDATEDBY, NAME, DESCRIPTION, HELP, ISCENTRALLYMAINTAINED, AD_TAB_ID, AD_COLUMN_ID, ISDISPLAYED, DISPLAYLOGIC, DISPLAYLENGTH, ISREADONLY, SEQNO, SORTNO, ISSAMELINE, ISHEADING, ISFIELDONLY, ISENCRYPTED, ENTITYTYPE)
 Values
   (50138, 0, 0, 'Y', TO_DATE('12/11/2006 23:47:39', 'MM/DD/YYYY HH24:MI:SS'), 0, TO_DATE('12/12/2006 00:15:43', 'MM/DD/YYYY HH24:MI:SS'), 0, 'Workflow', 'Workflow or combination of tasks', 'The Workflow field identifies a unique Workflow in the system.', 'Y', 50007, 50161, 'Y', '@Type@=''F''', 10, 'N', 150, 0, 'N', 'N', 'N', 'N', 'U');
Insert into AD_FIELD
   (AD_FIELD_ID, AD_CLIENT_ID, AD_ORG_ID, ISACTIVE, CREATED, CREATEDBY, UPDATED, UPDATEDBY, NAME, DESCRIPTION, HELP, ISCENTRALLYMAINTAINED, AD_TAB_ID, AD_COLUMN_ID, ISDISPLAYED, DISPLAYLOGIC, DISPLAYLENGTH, ISREADONLY, SEQNO, SORTNO, ISSAMELINE, ISHEADING, ISFIELDONLY, ISENCRYPTED, ENTITYTYPE)
 Values
   (50139, 0, 0, 'Y', TO_DATE('12/11/2006 23:47:40', 'MM/DD/YYYY HH24:MI:SS'), 0, TO_DATE('12/12/2006 00:15:45', 'MM/DD/YYYY HH24:MI:SS'), 0, 'Window', 'Data entry or display window', 'The Window field identifies a unique Window in the system.', 'Y', 50007, 50162, 'Y', '@Type@=''W''', 10, 'N', 160, 0, 'N', 'N', 'N', 'N', 'U');
Insert into AD_FIELD
   (AD_FIELD_ID, AD_CLIENT_ID, AD_ORG_ID, ISACTIVE, CREATED, CREATEDBY, UPDATED, UPDATEDBY, NAME, DESCRIPTION, ISCENTRALLYMAINTAINED, AD_TAB_ID, AD_COLUMN_ID, ISDISPLAYED, DISPLAYLOGIC, DISPLAYLENGTH, ISREADONLY, SEQNO, SORTNO, ISSAMELINE, ISHEADING, ISFIELDONLY, ISENCRYPTED, ENTITYTYPE)
 Values
   (50140, 0, 0, 'Y', TO_DATE('12/11/2006 23:47:40', 'MM/DD/YYYY HH24:MI:SS'), 0, TO_DATE('12/12/2006 00:15:46', 'MM/DD/YYYY HH24:MI:SS'), 0, 'Workbench', 'Collection of windows reports', 'Y', 50007, 50142, 'Y', '@Type@=''B''', 10, 'N', 170, 0, 'N', 'N', 'N', 'N', 'U');
Insert into AD_FIELD
   (AD_FIELD_ID, AD_CLIENT_ID, AD_ORG_ID, ISACTIVE, CREATED, CREATEDBY, UPDATED, UPDATEDBY, NAME, DESCRIPTION, HELP, ISCENTRALLYMAINTAINED, AD_TAB_ID, AD_COLUMN_ID, ISDISPLAYED, DISPLAYLOGIC, DISPLAYLENGTH, ISREADONLY, SEQNO, SORTNO, ISSAMELINE, ISHEADING, ISFIELDONLY, ISENCRYPTED, ENTITYTYPE)
 Values
   (50141, 0, 0, 'Y', TO_DATE('12/11/2006 23:47:40', 'MM/DD/YYYY HH24:MI:SS'), 0, TO_DATE('12/12/2006 00:15:48', 'MM/DD/YYYY HH24:MI:SS'), 0, 'Role', 'Responsibility Role', 'The Role determines security and access a user who has this Role will have in the System.', 'Y', 50007, 50163, 'Y', '@Type@=''S''', 10, 'N', 180, 0, 'N', 'N', 'N', 'N', 'U');
Insert into AD_FIELD
   (AD_FIELD_ID, AD_CLIENT_ID, AD_ORG_ID, ISACTIVE, CREATED, CREATEDBY, UPDATED, UPDATEDBY, NAME, DESCRIPTION, HELP, ISCENTRALLYMAINTAINED, AD_TAB_ID, AD_COLUMN_ID, ISDISPLAYED, DISPLAYLOGIC, DISPLAYLENGTH, ISREADONLY, SEQNO, SORTNO, ISSAMELINE, ISHEADING, ISFIELDONLY, ISENCRYPTED, ENTITYTYPE)
 Values
   (50142, 0, 0, 'Y', TO_DATE('12/11/2006 23:47:40', 'MM/DD/YYYY HH24:MI:SS'), 0, TO_DATE('12/12/2006 00:15:50', 'MM/DD/YYYY HH24:MI:SS'), 0, 'Report View', 'View used to generate this report', 'The Report View indicates the view used to generate this report.', 'Y', 50007, 50140, 'Y', '@Type@=''R''', 10, 'N', 190, 0, 'N', 'N', 'N', 'N', 'U');
Insert into AD_FIELD
   (AD_FIELD_ID, AD_CLIENT_ID, AD_ORG_ID, ISACTIVE, CREATED, CREATEDBY, UPDATED, UPDATEDBY, NAME, DESCRIPTION, HELP, ISCENTRALLYMAINTAINED, AD_TAB_ID, AD_COLUMN_ID, ISDISPLAYED, DISPLAYLOGIC, DISPLAYLENGTH, ISREADONLY, SEQNO, SORTNO, ISSAMELINE, ISHEADING, ISFIELDONLY, ISENCRYPTED, ENTITYTYPE)
 Values
   (50143, 0, 0, 'Y', TO_DATE('12/11/2006 23:47:40', 'MM/DD/YYYY HH24:MI:SS'), 0, TO_DATE('12/12/2006 00:15:52', 'MM/DD/YYYY HH24:MI:SS'), 0, 'Import Format', 'AD_ImpFormat_ID', 'Contains the Impformat ID', 'Y', 50007, 50139, 'Y', '@Type@=''IMP''', 0, 'N', 200, 0, 'N', 'N', 'N', 'N', 'U');
Insert into AD_FIELD
   (AD_FIELD_ID, AD_CLIENT_ID, AD_ORG_ID, ISACTIVE, CREATED, CREATEDBY, UPDATED, UPDATEDBY, NAME, DESCRIPTION, HELP, ISCENTRALLYMAINTAINED, AD_TAB_ID, AD_COLUMN_ID, ISDISPLAYED, DISPLAYLENGTH, ISREADONLY, SEQNO, SORTNO, ISSAMELINE, ISHEADING, ISFIELDONLY, ISENCRYPTED, ENTITYTYPE)
 Values
   (50144, 0, 0, 'Y', TO_DATE('12/11/2006 23:47:40', 'MM/DD/YYYY HH24:MI:SS'), 0, TO_DATE('12/12/2006 00:15:55', 'MM/DD/YYYY HH24:MI:SS'), 0, 'Notes', 'Optional short description of the record', 'A description is limited to 255 characters.', 'Y', 50007, 50153, 'Y', 1000, 'N', 210, 0, 'N', 'N', 'N', 'N', 'U');
Insert into AD_FIELD
   (AD_FIELD_ID, AD_CLIENT_ID, AD_ORG_ID, ISACTIVE, CREATED, CREATEDBY, UPDATED, UPDATEDBY, NAME, ISCENTRALLYMAINTAINED, AD_TAB_ID, AD_COLUMN_ID, ISDISPLAYED, DISPLAYLENGTH, ISREADONLY, SEQNO, SORTNO, ISSAMELINE, ISHEADING, ISFIELDONLY, ISENCRYPTED, ENTITYTYPE)
 Values
   (50145, 0, 0, 'Y', TO_DATE('12/11/2006 23:47:47', 'MM/DD/YYYY HH24:MI:SS'), 0, TO_DATE('12/12/2006 00:17:00', 'MM/DD/YYYY HH24:MI:SS'), 0, 'AD_Package_Imp_Proc_ID', 'Y', 50008, 50171, 'N', 10, 'N', 0, 0, 'N', 'N', 'N', 'N', 'U');
Insert into AD_FIELD
   (AD_FIELD_ID, AD_CLIENT_ID, AD_ORG_ID, ISACTIVE, CREATED, CREATEDBY, UPDATED, UPDATEDBY, NAME, DESCRIPTION, HELP, ISCENTRALLYMAINTAINED, AD_TAB_ID, AD_COLUMN_ID, ISDISPLAYED, DISPLAYLENGTH, ISREADONLY, SEQNO, SORTNO, ISSAMELINE, ISHEADING, ISFIELDONLY, ISENCRYPTED, ENTITYTYPE)
 Values
   (50146, 0, 0, 'Y', TO_DATE('12/11/2006 23:47:48', 'MM/DD/YYYY HH24:MI:SS'), 0, TO_DATE('12/12/2006 00:17:03', 'MM/DD/YYYY HH24:MI:SS'), 0, 'Active', 'The record is active in the system', 'There are two methods of making records unavailable in the system: One is to delete the record the other is to de-activate the record. A de-activated record is not available for selection but available for reports.
There are two reasons for de-activating and not deleting records:
(1) The system requires the record for audit purposes.
(2) The record is referenced by other records. E.g. you cannot delete a Business Partner if there are invoices for this partner record existing. You de-activate the Business Partner and prevent that this record is used for future entries.', 'Y', 50008, 50176, 'N', 1, 'N', 0, 0, 'N', 'N', 'N', 'N', 'U');
Insert into AD_FIELD
   (AD_FIELD_ID, AD_CLIENT_ID, AD_ORG_ID, ISACTIVE, CREATED, CREATEDBY, UPDATED, UPDATEDBY, NAME, DESCRIPTION, HELP, ISCENTRALLYMAINTAINED, AD_TAB_ID, AD_COLUMN_ID, ISDISPLAYED, DISPLAYLENGTH, ISREADONLY, SEQNO, SORTNO, ISSAMELINE, ISHEADING, ISFIELDONLY, ISENCRYPTED, ENTITYTYPE)
 Values
   (50147, 0, 0, 'Y', TO_DATE('12/11/2006 23:47:48', 'MM/DD/YYYY HH24:MI:SS'), 0, TO_DATE('12/12/2006 00:17:06', 'MM/DD/YYYY HH24:MI:SS'), 0, 'Client', 'Client/Tenant for this installation.', 'A Client is a company or a legal entity. You cannot share data between Clients. Tenant is a synonym for Client.', 'Y', 50008, 50167, 'Y', 10, 'N', 10, 0, 'N', 'N', 'N', 'N', 'U');
Insert into AD_FIELD
   (AD_FIELD_ID, AD_CLIENT_ID, AD_ORG_ID, ISACTIVE, CREATED, CREATEDBY, UPDATED, UPDATEDBY, NAME, DESCRIPTION, HELP, ISCENTRALLYMAINTAINED, AD_TAB_ID, AD_COLUMN_ID, ISDISPLAYED, DISPLAYLENGTH, ISREADONLY, SEQNO, SORTNO, ISSAMELINE, ISHEADING, ISFIELDONLY, ISENCRYPTED, ENTITYTYPE)
 Values
   (50148, 0, 0, 'Y', TO_DATE('12/11/2006 23:47:48', 'MM/DD/YYYY HH24:MI:SS'), 0, TO_DATE('12/12/2006 00:17:14', 'MM/DD/YYYY HH24:MI:SS'), 0, 'Organization', 'Organizational entity within client', 'An organization is a unit of your client or legal entity - examples are store department. You can share data between organizations.', 'Y', 50008, 50168, 'Y', 10, 'N', 20, 0, 'Y', 'N', 'N', 'N', 'U');
Insert into AD_FIELD
   (AD_FIELD_ID, AD_CLIENT_ID, AD_ORG_ID, ISACTIVE, CREATED, CREATEDBY, UPDATED, UPDATEDBY, NAME, DESCRIPTION, HELP, ISCENTRALLYMAINTAINED, AD_TAB_ID, AD_COLUMN_ID, ISDISPLAYED, DISPLAYLENGTH, ISREADONLY, SEQNO, SORTNO, ISSAMELINE, ISHEADING, ISFIELDONLY, ISENCRYPTED, ENTITYTYPE)
 Values
   (50149, 0, 0, 'Y', TO_DATE('12/11/2006 23:47:48', 'MM/DD/YYYY HH24:MI:SS'), 0, TO_DATE('12/12/2006 00:17:21', 'MM/DD/YYYY HH24:MI:SS'), 0, 'Package Source Type', 'Indicate distribution method of package', 'Indicate the method of distribution of package.  Such as File or WebService based.', 'Y', 50008, 50173, 'Y', 10, 'N', 30, 0, 'N', 'N', 'N', 'N', 'U');
Insert into AD_FIELD
   (AD_FIELD_ID, AD_CLIENT_ID, AD_ORG_ID, ISACTIVE, CREATED, CREATEDBY, UPDATED, UPDATEDBY, NAME, DESCRIPTION, HELP, ISCENTRALLYMAINTAINED, AD_TAB_ID, AD_COLUMN_ID, ISDISPLAYED, DISPLAYLENGTH, ISREADONLY, SEQNO, SORTNO, ISSAMELINE, ISHEADING, ISFIELDONLY, ISENCRYPTED, ENTITYTYPE)
 Values
   (50150, 0, 0, 'Y', TO_DATE('12/11/2006 23:47:48', 'MM/DD/YYYY HH24:MI:SS'), 0, TO_DATE('12/12/2006 00:17:23', 'MM/DD/YYYY HH24:MI:SS'), 0, 'Package Source File', 'The path and file name of the compressed package', 'The path and file name of the package.', 'Y', 50008, 50172, 'Y', 255, 'N', 40, 0, 'N', 'N', 'N', 'N', 'U');
Insert into AD_FIELD
   (AD_FIELD_ID, AD_CLIENT_ID, AD_ORG_ID, ISACTIVE, CREATED, CREATEDBY, UPDATED, UPDATEDBY, NAME, DESCRIPTION, HELP, ISCENTRALLYMAINTAINED, AD_TAB_ID, AD_COLUMN_ID, ISDISPLAYED, DISPLAYLENGTH, ISREADONLY, SEQNO, SORTNO, ISSAMELINE, ISHEADING, ISFIELDONLY, ISENCRYPTED, ENTITYTYPE)
 Values
   (50151, 0, 0, 'Y', TO_DATE('12/11/2006 23:47:48', 'MM/DD/YYYY HH24:MI:SS'), 0, TO_DATE('12/12/2006 00:17:25', 'MM/DD/YYYY HH24:MI:SS'), 0, 'Source Code Directory', 'Adempiere Source Code Directory', 'Where Adempiere Source Code is located.  The installation process will create a directory a "packages" directory if necessary and expand the package underneath it.', 'Y', 50008, 50170, 'Y', 255, 'N', 50, 0, 'N', 'N', 'N', 'N', 'U');
Insert into AD_FIELD
   (AD_FIELD_ID, AD_CLIENT_ID, AD_ORG_ID, ISACTIVE, CREATED, CREATEDBY, UPDATED, UPDATEDBY, NAME, DESCRIPTION, HELP, ISCENTRALLYMAINTAINED, AD_TAB_ID, AD_COLUMN_ID, ISDISPLAYED, DISPLAYLENGTH, ISREADONLY, SEQNO, SORTNO, ISSAMELINE, ISHEADING, ISFIELDONLY, ISENCRYPTED, ENTITYTYPE)
 Values
   (50152, 0, 0, 'Y', TO_DATE('12/11/2006 23:47:49', 'MM/DD/YYYY HH24:MI:SS'), 0, TO_DATE('12/12/2006 00:17:28', 'MM/DD/YYYY HH24:MI:SS'), 0, 'Override Dictionary Settings', 'Override "D" entity dictionary settings', 'While process the package all records will be updated by selecting "Yes".  If "No" is selected then the package will not update any entity dictionary settings with a "D"', 'Y', 50008, 50169, 'Y', 1, 'N', 60, 0, 'N', 'N', 'N', 'N', 'U');
Insert into AD_FIELD
   (AD_FIELD_ID, AD_CLIENT_ID, AD_ORG_ID, ISACTIVE, CREATED, CREATEDBY, UPDATED, UPDATEDBY, NAME, DESCRIPTION, ISCENTRALLYMAINTAINED, AD_TAB_ID, AD_COLUMN_ID, ISDISPLAYED, DISPLAYLENGTH, ISREADONLY, SEQNO, SORTNO, ISSAMELINE, ISHEADING, ISFIELDONLY, ISENCRYPTED, ENTITYTYPE)
 Values
   (50153, 0, 0, 'Y', TO_DATE('12/11/2006 23:47:49', 'MM/DD/YYYY HH24:MI:SS'), 0, TO_DATE('12/12/2006 00:17:31', 'MM/DD/YYYY HH24:MI:SS'), 0, 'Import', 'Start the import process', 'Y', 50008, 50177, 'Y', 1, 'N', 70, 0, 'N', 'N', 'N', 'N', 'U');
COMMIT;

Insert into AD_SEQUENCE
   (AD_SEQUENCE_ID, AD_CLIENT_ID, AD_ORG_ID, ISACTIVE, CREATED, CREATEDBY, UPDATED, UPDATEDBY, NAME, DESCRIPTION, ISAUTOSEQUENCE, INCREMENTNO, STARTNO, CURRENTNEXT, CURRENTNEXTSYS, ISAUDITED, ISTABLEID, STARTNEWYEAR)
 Values
   (50001, 0, 0, 'Y', TO_DATE('12/11/2006 23:45:23', 'MM/DD/YYYY HH24:MI:SS'), 0, TO_DATE('12/11/2006 23:45:23', 'MM/DD/YYYY HH24:MI:SS'), 0, 'AD_Package_Imp_Backup', 'Table AD_Package_Imp_Backup', 'Y', 1, 1000000, 1000000, 50000, 'N', 'Y', 'N');
Insert into AD_SEQUENCE
   (AD_SEQUENCE_ID, AD_CLIENT_ID, AD_ORG_ID, ISACTIVE, CREATED, CREATEDBY, UPDATED, UPDATEDBY, NAME, DESCRIPTION, ISAUTOSEQUENCE, INCREMENTNO, STARTNO, CURRENTNEXT, CURRENTNEXTSYS, ISAUDITED, ISTABLEID, STARTNEWYEAR)
 Values
   (50002, 0, 0, 'Y', TO_DATE('12/11/2006 23:45:24', 'MM/DD/YYYY HH24:MI:SS'), 0, TO_DATE('12/11/2006 23:45:24', 'MM/DD/YYYY HH24:MI:SS'), 0, 'AD_Package_Imp', 'Table AD_Package_Imp', 'Y', 1, 1000000, 1000000, 50000, 'N', 'Y', 'N');
Insert into AD_SEQUENCE
   (AD_SEQUENCE_ID, AD_CLIENT_ID, AD_ORG_ID, ISACTIVE, CREATED, CREATEDBY, UPDATED, UPDATEDBY, NAME, DESCRIPTION, ISAUTOSEQUENCE, INCREMENTNO, STARTNO, CURRENTNEXT, CURRENTNEXTSYS, ISAUDITED, ISTABLEID, STARTNEWYEAR)
 Values
   (50003, 0, 0, 'Y', TO_DATE('12/11/2006 23:45:24', 'MM/DD/YYYY HH24:MI:SS'), 0, TO_DATE('12/11/2006 23:45:24', 'MM/DD/YYYY HH24:MI:SS'), 0, 'AD_Package_Imp_Inst', 'Table AD_Package_Imp_Inst', 'Y', 1, 1000000, 1000000, 50000, 'N', 'Y', 'N');
Insert into AD_SEQUENCE
   (AD_SEQUENCE_ID, AD_CLIENT_ID, AD_ORG_ID, ISACTIVE, CREATED, CREATEDBY, UPDATED, UPDATEDBY, NAME, DESCRIPTION, ISAUTOSEQUENCE, INCREMENTNO, STARTNO, CURRENTNEXT, CURRENTNEXTSYS, ISAUDITED, ISTABLEID, STARTNEWYEAR)
 Values
   (50004, 0, 0, 'Y', TO_DATE('12/11/2006 23:45:24', 'MM/DD/YYYY HH24:MI:SS'), 0, TO_DATE('12/11/2006 23:45:24', 'MM/DD/YYYY HH24:MI:SS'), 0, 'AD_Package_Imp_Detail', 'Table AD_Package_Imp_Detail', 'Y', 1, 1000000, 1000000, 50000, 'N', 'Y', 'N');
Insert into AD_SEQUENCE
   (AD_SEQUENCE_ID, AD_CLIENT_ID, AD_ORG_ID, ISACTIVE, CREATED, CREATEDBY, UPDATED, UPDATEDBY, NAME, DESCRIPTION, ISAUTOSEQUENCE, INCREMENTNO, STARTNO, CURRENTNEXT, CURRENTNEXTSYS, ISAUDITED, ISTABLEID, STARTNEWYEAR)
 Values
   (50005, 0, 0, 'Y', TO_DATE('12/11/2006 23:46:18', 'MM/DD/YYYY HH24:MI:SS'), 0, TO_DATE('12/11/2006 23:46:18', 'MM/DD/YYYY HH24:MI:SS'), 0, 'AD_Package_Exp', 'Table AD_Package_Exp', 'Y', 1, 1000000, 1000000, 50000, 'N', 'Y', 'N');
Insert into AD_SEQUENCE
   (AD_SEQUENCE_ID, AD_CLIENT_ID, AD_ORG_ID, ISACTIVE, CREATED, CREATEDBY, UPDATED, UPDATEDBY, NAME, DESCRIPTION, ISAUTOSEQUENCE, INCREMENTNO, STARTNO, CURRENTNEXT, CURRENTNEXTSYS, ISAUDITED, ISTABLEID, STARTNEWYEAR)
 Values
   (50006, 0, 0, 'Y', TO_DATE('12/11/2006 23:46:33', 'MM/DD/YYYY HH24:MI:SS'), 0, TO_DATE('12/11/2006 23:46:33', 'MM/DD/YYYY HH24:MI:SS'), 0, 'AD_Package_Exp_Detail', 'Table AD_Package_Exp_Detail', 'Y', 1, 1000000, 1000000, 50000, 'N', 'Y', 'N');
Insert into AD_SEQUENCE
   (AD_SEQUENCE_ID, AD_CLIENT_ID, AD_ORG_ID, ISACTIVE, CREATED, CREATEDBY, UPDATED, UPDATEDBY, NAME, DESCRIPTION, ISAUTOSEQUENCE, INCREMENTNO, STARTNO, CURRENTNEXT, CURRENTNEXTSYS, ISAUDITED, ISTABLEID, STARTNEWYEAR)
 Values
   (50007, 0, 0, 'Y', TO_DATE('12/11/2006 23:47:04', 'MM/DD/YYYY HH24:MI:SS'), 0, TO_DATE('12/11/2006 23:47:04', 'MM/DD/YYYY HH24:MI:SS'), 0, 'AD_Package_Exp_Common', 'Table AD_Package_Exp_Common', 'Y', 1, 1000000, 1000000, 50000, 'N', 'Y', 'N');
Insert into AD_SEQUENCE
   (AD_SEQUENCE_ID, AD_CLIENT_ID, AD_ORG_ID, ISACTIVE, CREATED, CREATEDBY, UPDATED, UPDATEDBY, NAME, DESCRIPTION, ISAUTOSEQUENCE, INCREMENTNO, STARTNO, CURRENTNEXT, CURRENTNEXTSYS, ISAUDITED, ISTABLEID, STARTNEWYEAR)
 Values
   (50008, 0, 0, 'Y', TO_DATE('12/11/2006 23:47:41', 'MM/DD/YYYY HH24:MI:SS'), 0, TO_DATE('12/11/2006 23:47:41', 'MM/DD/YYYY HH24:MI:SS'), 0, 'AD_Package_Imp_Proc', 'Table AD_Package_Imp_Proc', 'Y', 1, 1000000, 1000000, 50000, 'N', 'Y', 'N');
COMMIT;

Insert into AD_MENU
   (AD_MENU_ID, AD_CLIENT_ID, AD_ORG_ID, ISACTIVE, CREATED, CREATEDBY, UPDATED, NAME, UPDATEDBY, DESCRIPTION, ISSUMMARY, ISSOTRX, ISREADONLY, ENTITYTYPE)
 Values
   (50001, 0, 0, 'Y', TO_DATE('12/12/2006 00:17:44', 'MM/DD/YYYY HH24:MI:SS'), 0, TO_DATE('12/12/2006 00:17:44', 'MM/DD/YYYY HH24:MI:SS'), 'Application Packaging', 0, 'Import and export packaging', 'Y', 'N', 'N', 'U');
Insert into AD_MENU
   (AD_MENU_ID, AD_CLIENT_ID, AD_ORG_ID, ISACTIVE, CREATED, CREATEDBY, UPDATED, NAME, UPDATEDBY, DESCRIPTION, ISSUMMARY, ISSOTRX, ISREADONLY, ACTION, AD_WINDOW_ID, ENTITYTYPE)
 Values
   (50002, 0, 0, 'Y', TO_DATE('12/12/2006 00:17:44', 'MM/DD/YYYY HH24:MI:SS'), 0, TO_DATE('12/12/2006 00:17:44', 'MM/DD/YYYY HH24:MI:SS'), 'Installed Packages', 0, 'Installed Packages', 'N', 'N', 'N', 'W', 50001, 'U');
Insert into AD_MENU
   (AD_MENU_ID, AD_CLIENT_ID, AD_ORG_ID, ISACTIVE, CREATED, CREATEDBY, UPDATED, NAME, UPDATEDBY, DESCRIPTION, ISSUMMARY, ISSOTRX, ISREADONLY, ACTION, AD_WINDOW_ID, ENTITYTYPE)
 Values
   (50003, 0, 0, 'Y', TO_DATE('12/12/2006 00:17:44', 'MM/DD/YYYY HH24:MI:SS'), 0, TO_DATE('12/12/2006 00:17:44', 'MM/DD/YYYY HH24:MI:SS'), 'Package Maintenance', 0, 'Package installation history and maintenance', 'N', 'N', 'N', 'W', 50002, 'U');
Insert into AD_MENU
   (AD_MENU_ID, AD_CLIENT_ID, AD_ORG_ID, ISACTIVE, CREATED, CREATEDBY, UPDATED, NAME, UPDATEDBY, DESCRIPTION, ISSUMMARY, ISSOTRX, ISREADONLY, ACTION, AD_WINDOW_ID, ENTITYTYPE)
 Values
   (50004, 0, 0, 'Y', TO_DATE('12/12/2006 00:17:45', 'MM/DD/YYYY HH24:MI:SS'), 0, TO_DATE('12/12/2006 00:17:45', 'MM/DD/YYYY HH24:MI:SS'), 'PackOut - Create a package', 0, 'Package build Application', 'N', 'N', 'N', 'W', 50003, 'U');
Insert into AD_MENU
   (AD_MENU_ID, AD_CLIENT_ID, AD_ORG_ID, ISACTIVE, CREATED, CREATEDBY, UPDATED, NAME, UPDATEDBY, DESCRIPTION, ISSUMMARY, ISSOTRX, ISREADONLY, ACTION, AD_WINDOW_ID, ENTITYTYPE)
 Values
   (50005, 0, 0, 'Y', TO_DATE('12/12/2006 00:17:45', 'MM/DD/YYYY HH24:MI:SS'), 0, TO_DATE('12/12/2006 00:17:45', 'MM/DD/YYYY HH24:MI:SS'), 'Common Package Elements', 0, 'Maintain Common Package Elements', 'N', 'N', 'N', 'W', 50004, 'U');
Insert into AD_MENU
   (AD_MENU_ID, AD_CLIENT_ID, AD_ORG_ID, ISACTIVE, CREATED, CREATEDBY, UPDATED, NAME, UPDATEDBY, DESCRIPTION, ISSUMMARY, ISSOTRX, ISREADONLY, ACTION, AD_WINDOW_ID, ENTITYTYPE)
 Values
   (50006, 0, 0, 'Y', TO_DATE('12/12/2006 00:17:45', 'MM/DD/YYYY HH24:MI:SS'), 0, TO_DATE('12/12/2006 00:17:45', 'MM/DD/YYYY HH24:MI:SS'), 'PackIn - Import a package', 0, 'Import a package', 'N', 'N', 'N', 'W', 50005, 'U');
Insert into AD_MENU
   (AD_MENU_ID, AD_CLIENT_ID, AD_ORG_ID, ISACTIVE, CREATED, CREATEDBY, UPDATED, NAME, UPDATEDBY, DESCRIPTION, ISSUMMARY, ISSOTRX, ISREADONLY, ACTION, AD_PROCESS_ID, ENTITYTYPE)
 Values
   (50007, 0, 0, 'Y', TO_DATE('12/12/2006 00:17:45', 'MM/DD/YYYY HH24:MI:SS'), 0, TO_DATE('12/12/2006 00:17:45', 'MM/DD/YYYY HH24:MI:SS'), 'Copy Role', 0, 'Copies one role to another role', 'N', 'N', 'N', 'P', 50010, 'U');
COMMIT;

Insert into AD_TREENODEMM
   (AD_TREE_ID, NODE_ID, AD_CLIENT_ID, AD_ORG_ID, ISACTIVE, CREATED, CREATEDBY, UPDATED, UPDATEDBY, PARENT_ID, SEQNO)
 Values
   (10, 50001, 0, 0, 'Y', TO_DATE('12/12/2006 00:17:45', 'MM/DD/YYYY HH24:MI:SS'), 0, TO_DATE('12/12/2006 00:17:45', 'MM/DD/YYYY HH24:MI:SS'), 0, 153, 13);
Insert into AD_TREENODEMM
   (AD_TREE_ID, NODE_ID, AD_CLIENT_ID, AD_ORG_ID, ISACTIVE, CREATED, CREATEDBY, UPDATED, UPDATEDBY, PARENT_ID, SEQNO)
 Values
   (10, 50002, 0, 0, 'Y', TO_DATE('12/12/2006 00:17:46', 'MM/DD/YYYY HH24:MI:SS'), 0, TO_DATE('12/12/2006 00:17:46', 'MM/DD/YYYY HH24:MI:SS'), 0, 50001, 3);
Insert into AD_TREENODEMM
   (AD_TREE_ID, NODE_ID, AD_CLIENT_ID, AD_ORG_ID, ISACTIVE, CREATED, CREATEDBY, UPDATED, UPDATEDBY, PARENT_ID, SEQNO)
 Values
   (10, 50003, 0, 0, 'Y', TO_DATE('12/12/2006 00:17:46', 'MM/DD/YYYY HH24:MI:SS'), 0, TO_DATE('12/12/2006 00:17:46', 'MM/DD/YYYY HH24:MI:SS'), 0, 50001, 4);
Insert into AD_TREENODEMM
   (AD_TREE_ID, NODE_ID, AD_CLIENT_ID, AD_ORG_ID, ISACTIVE, CREATED, CREATEDBY, UPDATED, UPDATEDBY, PARENT_ID, SEQNO)
 Values
   (10, 50007, 0, 0, 'Y', TO_DATE('12/12/2006 00:17:47', 'MM/DD/YYYY HH24:MI:SS'), 0, TO_DATE('12/12/2006 00:17:47', 'MM/DD/YYYY HH24:MI:SS'), 0, 367, 4);
Insert into AD_TREENODEMM
   (AD_TREE_ID, NODE_ID, AD_CLIENT_ID, AD_ORG_ID, ISACTIVE, CREATED, CREATEDBY, UPDATED, UPDATEDBY, PARENT_ID, SEQNO)
 Values
   (10, 50005, 0, 0, 'Y', TO_DATE('12/12/2006 00:17:46', 'MM/DD/YYYY HH24:MI:SS'), 0, TO_DATE('12/12/2006 00:17:46', 'MM/DD/YYYY HH24:MI:SS'), 0, 50001, 0);
Insert into AD_TREENODEMM
   (AD_TREE_ID, NODE_ID, AD_CLIENT_ID, AD_ORG_ID, ISACTIVE, CREATED, CREATEDBY, UPDATED, UPDATEDBY, PARENT_ID, SEQNO)
 Values
   (10, 50006, 0, 0, 'Y', TO_DATE('12/12/2006 00:17:46', 'MM/DD/YYYY HH24:MI:SS'), 0, TO_DATE('12/12/2006 00:17:46', 'MM/DD/YYYY HH24:MI:SS'), 0, 50001, 2);
Insert into AD_TREENODEMM
   (AD_TREE_ID, NODE_ID, AD_CLIENT_ID, AD_ORG_ID, ISACTIVE, CREATED, CREATEDBY, UPDATED, UPDATEDBY, PARENT_ID, SEQNO)
 Values
   (10, 50004, 0, 0, 'Y', TO_DATE('12/12/2006 00:17:46', 'MM/DD/YYYY HH24:MI:SS'), 0, TO_DATE('12/12/2006 00:17:46', 'MM/DD/YYYY HH24:MI:SS'), 0, 50001, 1);
COMMIT;

Insert into AD_WINDOW_ACCESS
   (AD_WINDOW_ID, AD_ROLE_ID, AD_CLIENT_ID, AD_ORG_ID, ISACTIVE, CREATED, CREATEDBY, UPDATED, UPDATEDBY, ISREADWRITE)
 Values
   (50001, 0, 0, 0, 'Y', TO_DATE('12/12/2006 00:22:03', 'MM/DD/YYYY HH24:MI:SS'), 0, TO_DATE('12/12/2006 00:22:03', 'MM/DD/YYYY HH24:MI:SS'), 0, 'Y');
Insert into AD_WINDOW_ACCESS
   (AD_WINDOW_ID, AD_ROLE_ID, AD_CLIENT_ID, AD_ORG_ID, ISACTIVE, CREATED, CREATEDBY, UPDATED, UPDATEDBY, ISREADWRITE)
 Values
   (50001, 50001, 0, 0, 'Y', TO_DATE('12/11/2006 23:47:51', 'MM/DD/YYYY HH24:MI:SS'), 0, TO_DATE('12/11/2006 23:47:51', 'MM/DD/YYYY HH24:MI:SS'), 0, 'Y');
Insert into AD_WINDOW_ACCESS
   (AD_WINDOW_ID, AD_ROLE_ID, AD_CLIENT_ID, AD_ORG_ID, ISACTIVE, CREATED, CREATEDBY, UPDATED, UPDATEDBY, ISREADWRITE)
 Values
   (50002, 0, 0, 0, 'Y', TO_DATE('12/12/2006 00:22:03', 'MM/DD/YYYY HH24:MI:SS'), 0, TO_DATE('12/12/2006 00:22:03', 'MM/DD/YYYY HH24:MI:SS'), 0, 'Y');
Insert into AD_WINDOW_ACCESS
   (AD_WINDOW_ID, AD_ROLE_ID, AD_CLIENT_ID, AD_ORG_ID, ISACTIVE, CREATED, CREATEDBY, UPDATED, UPDATEDBY, ISREADWRITE)
 Values
   (50002, 50001, 0, 0, 'Y', TO_DATE('12/11/2006 23:47:51', 'MM/DD/YYYY HH24:MI:SS'), 0, TO_DATE('12/11/2006 23:47:51', 'MM/DD/YYYY HH24:MI:SS'), 0, 'Y');
Insert into AD_WINDOW_ACCESS
   (AD_WINDOW_ID, AD_ROLE_ID, AD_CLIENT_ID, AD_ORG_ID, ISACTIVE, CREATED, CREATEDBY, UPDATED, UPDATEDBY, ISREADWRITE)
 Values
   (50003, 0, 0, 0, 'Y', TO_DATE('12/12/2006 00:22:03', 'MM/DD/YYYY HH24:MI:SS'), 0, TO_DATE('12/12/2006 00:22:03', 'MM/DD/YYYY HH24:MI:SS'), 0, 'Y');
Insert into AD_WINDOW_ACCESS
   (AD_WINDOW_ID, AD_ROLE_ID, AD_CLIENT_ID, AD_ORG_ID, ISACTIVE, CREATED, CREATEDBY, UPDATED, UPDATEDBY, ISREADWRITE)
 Values
   (50003, 50001, 0, 0, 'Y', TO_DATE('12/11/2006 23:47:51', 'MM/DD/YYYY HH24:MI:SS'), 0, TO_DATE('12/11/2006 23:47:51', 'MM/DD/YYYY HH24:MI:SS'), 0, 'Y');
Insert into AD_WINDOW_ACCESS
   (AD_WINDOW_ID, AD_ROLE_ID, AD_CLIENT_ID, AD_ORG_ID, ISACTIVE, CREATED, CREATEDBY, UPDATED, UPDATEDBY, ISREADWRITE)
 Values
   (50004, 0, 0, 0, 'Y', TO_DATE('12/12/2006 00:22:03', 'MM/DD/YYYY HH24:MI:SS'), 0, TO_DATE('12/12/2006 00:22:03', 'MM/DD/YYYY HH24:MI:SS'), 0, 'Y');
Insert into AD_WINDOW_ACCESS
   (AD_WINDOW_ID, AD_ROLE_ID, AD_CLIENT_ID, AD_ORG_ID, ISACTIVE, CREATED, CREATEDBY, UPDATED, UPDATEDBY, ISREADWRITE)
 Values
   (50004, 50001, 0, 0, 'Y', TO_DATE('12/11/2006 23:47:51', 'MM/DD/YYYY HH24:MI:SS'), 0, TO_DATE('12/11/2006 23:47:51', 'MM/DD/YYYY HH24:MI:SS'), 0, 'Y');
Insert into AD_WINDOW_ACCESS
   (AD_WINDOW_ID, AD_ROLE_ID, AD_CLIENT_ID, AD_ORG_ID, ISACTIVE, CREATED, CREATEDBY, UPDATED, UPDATEDBY, ISREADWRITE)
 Values
   (50005, 50001, 0, 0, 'Y', TO_DATE('12/11/2006 23:47:51', 'MM/DD/YYYY HH24:MI:SS'), 0, TO_DATE('12/11/2006 23:47:51', 'MM/DD/YYYY HH24:MI:SS'), 0, 'Y');
Insert into AD_WINDOW_ACCESS
   (AD_WINDOW_ID, AD_ROLE_ID, AD_CLIENT_ID, AD_ORG_ID, ISACTIVE, CREATED, CREATEDBY, UPDATED, UPDATEDBY, ISREADWRITE)
 Values
   (50005, 0, 0, 0, 'Y', TO_DATE('12/12/2006 00:22:03', 'MM/DD/YYYY HH24:MI:SS'), 0, TO_DATE('12/12/2006 00:22:03', 'MM/DD/YYYY HH24:MI:SS'), 0, 'Y');
COMMIT;

Insert into AD_PROCESS_ACCESS
   (AD_PROCESS_ID, AD_ROLE_ID, AD_CLIENT_ID, AD_ORG_ID, ISACTIVE, CREATED, CREATEDBY, UPDATED, UPDATEDBY, ISREADWRITE)
 Values
   (50002, 0, 0, 0, 'Y', TO_DATE('12/12/2006 00:22:03', 'MM/DD/YYYY HH24:MI:SS'), 0, TO_DATE('12/12/2006 00:22:03', 'MM/DD/YYYY HH24:MI:SS'), 0, 'Y');
Insert into AD_PROCESS_ACCESS
   (AD_PROCESS_ID, AD_ROLE_ID, AD_CLIENT_ID, AD_ORG_ID, ISACTIVE, CREATED, CREATEDBY, UPDATED, UPDATEDBY, ISREADWRITE)
 Values
   (50002, 50001, 0, 0, 'Y', TO_DATE('12/11/2006 23:47:52', 'MM/DD/YYYY HH24:MI:SS'), 0, TO_DATE('12/11/2006 23:47:52', 'MM/DD/YYYY HH24:MI:SS'), 0, 'Y');
Insert into AD_PROCESS_ACCESS
   (AD_PROCESS_ID, AD_ROLE_ID, AD_CLIENT_ID, AD_ORG_ID, ISACTIVE, CREATED, CREATEDBY, UPDATED, UPDATEDBY, ISREADWRITE)
 Values
   (50004, 50001, 0, 0, 'Y', TO_DATE('12/11/2006 23:47:52', 'MM/DD/YYYY HH24:MI:SS'), 0, TO_DATE('12/11/2006 23:47:52', 'MM/DD/YYYY HH24:MI:SS'), 0, 'Y');
Insert into AD_PROCESS_ACCESS
   (AD_PROCESS_ID, AD_ROLE_ID, AD_CLIENT_ID, AD_ORG_ID, ISACTIVE, CREATED, CREATEDBY, UPDATED, UPDATEDBY, ISREADWRITE)
 Values
   (50004, 0, 0, 0, 'Y', TO_DATE('12/12/2006 00:22:03', 'MM/DD/YYYY HH24:MI:SS'), 0, TO_DATE('12/12/2006 00:22:03', 'MM/DD/YYYY HH24:MI:SS'), 0, 'Y');
Insert into AD_PROCESS_ACCESS
   (AD_PROCESS_ID, AD_ROLE_ID, AD_CLIENT_ID, AD_ORG_ID, ISACTIVE, CREATED, CREATEDBY, UPDATED, UPDATEDBY, ISREADWRITE)
 Values
   (50008, 0, 0, 0, 'Y', TO_DATE('12/12/2006 00:22:03', 'MM/DD/YYYY HH24:MI:SS'), 0, TO_DATE('12/12/2006 00:22:03', 'MM/DD/YYYY HH24:MI:SS'), 0, 'Y');
Insert into AD_PROCESS_ACCESS
   (AD_PROCESS_ID, AD_ROLE_ID, AD_CLIENT_ID, AD_ORG_ID, ISACTIVE, CREATED, CREATEDBY, UPDATED, UPDATEDBY, ISREADWRITE)
 Values
   (50008, 50001, 0, 0, 'Y', TO_DATE('12/11/2006 23:47:52', 'MM/DD/YYYY HH24:MI:SS'), 0, TO_DATE('12/11/2006 23:47:52', 'MM/DD/YYYY HH24:MI:SS'), 0, 'Y');
Insert into AD_PROCESS_ACCESS
   (AD_PROCESS_ID, AD_ROLE_ID, AD_CLIENT_ID, AD_ORG_ID, ISACTIVE, CREATED, CREATEDBY, UPDATED, UPDATEDBY, ISREADWRITE)
 Values
   (50010, 0, 0, 0, 'Y', TO_DATE('12/12/2006 00:20:48', 'MM/DD/YYYY HH24:MI:SS'), 0, TO_DATE('12/12/2006 00:20:48', 'MM/DD/YYYY HH24:MI:SS'), 0, 'Y');
COMMIT;
