<?xml version="1.0" encoding="ISO-8859-1"?>
<?xml-stylesheet type="text/css" href="adempiereDocument.css"?>

<adempiereDocument>
    <header>CombinedAgingRevalue Package Description</header>
    <H1>Package Name:</H1>
    <packagename>CombinedAgingRevalue</packagename>
    <H1>Creator:</H1>
    <creator>tsnook@gbcsci.com</creator>
    <H1>Email Address:</H1>
    <creatorcontact>tsnook@gbcsci.com</creatorcontact>
    <H1>Created:</H1>
    <createddate>2013-09-19 17:33:22</createddate>
    <H1>Updated:</H1>
    <updateddate>2013-09-19 18:11:27</updateddate>
    <H1>Description:</H1>
    <description>.</description>
    <H1>Instructions:</H1>
    <instructions>.</instructions>
    <H1>Files in Package:</H1>
    <file>File: PackOut.xml</file>
    <filedirectory>Directory: \dict\</filedirectory>
    <filenotes>Notes: Contains all application/object settings for package</filenotes>
</adempiereDocument>
