<?xml version="1.0" encoding="ISO-8859-1"?>
<?xml-stylesheet type="text/css" href="adempiereDocument.css"?>

<adempiereDocument>
    <header>WarehouseManagement Package Description</header>
    <H1>Package Name:</H1>
    <packagename>WarehouseManagement</packagename>
    <H1>Creator:</H1>
    <creator>victor.perez@e-evolution.com</creator>
    <H1>Email Address:</H1>
    <creatorcontact>victor.perez@e-evolution.com</creatorcontact>
    <H1>Created:</H1>
    <createddate>2009-09-07 00:27:33</createddate>
    <H1>Updated:</H1>
    <updateddate>2009-09-07 00:27:33</updateddate>
    <H1>Description:</H1>
    <description>Libero Warehouse Management covers all Warehouse inbound and outbound operation</description>
    <H1>Instructions:</H1>
    <instructions>Project
http://www.adempiere.com/index.php/Sponsored_Development:_Libero_Warehouse_Management

Sponsored Development www.e-evolution.com</instructions>
    <H1>Files in Package:</H1>
    <file>File: PackOut.xml</file>
    <filedirectory>Directory: \dict\</filedirectory>
    <filenotes>Notes: Contains all application/object settings for package</filenotes>
</adempiereDocument>
