<?xml version="1.0" encoding="ISO-8859-1"?><?xml-stylesheet type="text/css" href="adempiereDocument.css"?><adempiereDocument>
    <header>E2_PackoutALLChanges Package Description</header>
    <H1>Package Name:</H1>
    <packagename>E2_PackoutALLChanges</packagename>
    <H1>Creator:</H1>
    <creator>support.e2@ossagho.com</creator>
    <H1>Email Address:</H1>
    <creatorcontact>support.e2@ossagho.com</creatorcontact>
    <H1>Created:</H1>
    <createddate>2015-10-30 18:02:14.0</createddate>
    <H1>Updated:</H1>
    <updateddate>2015-10-30 18:02:14.0</updateddate>
    <H1>Description:</H1>
    <description>E2_PackoutALLChanges</description>
    <H1>Instructions:</H1>
    <instructions>E2_PackoutALLChanges</instructions>
    <H1>Files in Package:</H1>
    <file>File: PackOut.xml</file>
    <filedirectory>Directory: \dict\</filedirectory>
    <filenotes>Notes: Contains all application/object settings for package</filenotes>
</adempiereDocument>
