<?xml version="1.0" encoding="ISO-8859-1"?>
<?xml-stylesheet type="text/css" href="adempiereDocument.css"?>

<adempiereDocument>
<header>Dashboard Package Description</header>
<H1>Package Name:</H1>
<packagename>Dashboard</packagename>
<H1>Creator:</H1>
<creator>freecom</creator>
<H1>Email Address:</H1>
<creatorcontact>stefan.kuthan@freecom.at</creatorcontact>
<H1>Created:</H1>
<createddate>2007-07-06 09:49:24.0</createddate>
<H1>Updated:</H1>
<updateddate>2007-07-06 09:49:24.0</updateddate>
<H1>Description:</H1>
<description>Dashboard: configuration of html page</description>
<H1>Instructions:</H1>
<instructions>install me</instructions>
<H1>Files in Package:</H1>
<file>File: PackOut.xml</file>
<filedirectory>Directory: \dict\</filedirectory>
<filenotes>Notes: Contains all application/object settings for package</filenotes>
<file>File: adempiereDocument.css</file>
<filedirectory>Directory: \doc\</filedirectory>
<filenotes>Notes: adempiereDocument.css</filenotes>
</adempiereDocument>
